2025-11-08 05:31:45,499 - INFO - ================================================================================
2025-11-08 05:31:45,500 - INFO - 调试模式 - 纯 logging 输出
2025-11-08 05:31:45,500 - INFO - ================================================================================
2025-11-08 05:31:45,502 - INFO - 加载配置文件: ./config3.yml
2025-11-08 05:31:45,502 - INFO - API Key: sk-9b155a5...
2025-11-08 05:31:45,502 - INFO - Model: qwen3-omni-flash-realtime
2025-11-08 05:31:45,503 - INFO - Audio Path: 
2025-11-08 05:31:45,503 - INFO - 
步骤 1: 提取音频
2025-11-08 05:31:45,503 - INFO - ================================================================================
2025-11-08 05:31:45,503 - INFO - 开始提取音频: 
2025-11-08 05:31:45,503 - DEBUG - FFmpeg命令: ffmpeg -loglevel error -i  -vn -acodec pcm_s16le -ar 16000 -ac 1 -f wav -
2025-11-08 05:31:45,533 - ERROR - FFmpeg提取失败: : No such file or directory

2025-11-08 05:31:45,533 - ERROR - 音频提取失败: Command '['ffmpeg', '-loglevel', 'error', '-i', '', '-vn', '-acodec', 'pcm_s16le', '-ar', '16000', '-ac', '1', '-f', 'wav', '-']' returned non-zero exit status 1.
2025-11-08 05:32:25,576 - INFO - ================================================================================
2025-11-08 05:32:25,576 - INFO - 调试模式 - 纯 logging 输出
2025-11-08 05:32:25,576 - INFO - ================================================================================
2025-11-08 05:32:25,578 - INFO - 加载配置文件: ./config3.yml
2025-11-08 05:32:25,579 - INFO - API Key: sk-9b155a5...
2025-11-08 05:32:25,579 - INFO - Model: qwen3-omni-flash-realtime
2025-11-08 05:32:25,579 - INFO - Audio Path: ./test/考核点3：语音识别与语义理解/1.mp4
2025-11-08 05:32:25,579 - INFO - 
步骤 1: 提取音频
2025-11-08 05:32:25,579 - INFO - ================================================================================
2025-11-08 05:32:25,579 - INFO - 开始提取音频: ./test/考核点3：语音识别与语义理解/1.mp4
2025-11-08 05:32:25,579 - DEBUG - FFmpeg命令: ffmpeg -loglevel error -i ./test/考核点3：语音识别与语义理解/1.mp4 -vn -acodec pcm_s16le -ar 16000 -ac 1 -f wav -
2025-11-08 05:32:25,689 - INFO - 音频提取完成: 2072288 字节
2025-11-08 05:32:25,689 - INFO - 
步骤 2: 初始化 WebSocket 会话
2025-11-08 05:32:25,690 - INFO - ================================================================================
2025-11-08 05:32:25,690 - INFO - 正在连接...
2025-11-08 05:32:25,945 - INFO - Websocket connected
2025-11-08 05:32:25,948 - DEBUG - [omni realtime] receive string {"event_id":"event_VMvbaaMF6oVDWMyvINU93","type":"session.created","session":{"object":"realtime.session","model":"qwen3-omni-flash-realtime","modalities":["text","audio"],"voice":"Cherry","input_audio_format":"pcm16","output_audio_format":"pcm24","input_audio_transcription":{"model":"gummy-realtime-v1"},"turn_detection":{"type":"server_vad","threshold":0.5,"prefix_padding_ms":300,"silence_duration_ms":800,"create_response":true,"interrupt_response":true},"tools":[],"tool_choice":"auto","temperature":0.8,"max_response_output_tokens":"inf","id":"sess_ITioohpYOp7muk7hcQdyI"}}
2025-11-08 05:32:25,948 - INFO - --------------------------------------------------------------------------------
2025-11-08 05:32:25,949 - INFO - 事件类型: session.created
2025-11-08 05:32:25,949 - INFO - 完整事件数据:
2025-11-08 05:32:25,949 - INFO -     event_id: event_VMvbaaMF6oVDWMyvINU93
2025-11-08 05:32:25,949 - INFO -     type: session.created
2025-11-08 05:32:25,949 - INFO -     session:
2025-11-08 05:32:25,949 - INFO -       object: realtime.session
2025-11-08 05:32:25,950 - INFO -       model: qwen3-omni-flash-realtime
2025-11-08 05:32:25,950 - INFO -       modalities:
2025-11-08 05:32:25,950 - INFO -         [0]:
2025-11-08 05:32:25,950 - INFO -           text
2025-11-08 05:32:25,951 - INFO -         [1]:
2025-11-08 05:32:25,951 - INFO -           audio
2025-11-08 05:32:25,951 - INFO -       voice: Cherry
2025-11-08 05:32:25,952 - INFO -       input_audio_format: pcm16
2025-11-08 05:32:25,952 - INFO -       output_audio_format: pcm24
2025-11-08 05:32:25,952 - INFO -       input_audio_transcription:
2025-11-08 05:32:25,953 - INFO -         model: gummy-realtime-v1
2025-11-08 05:32:25,953 - INFO -       turn_detection:
2025-11-08 05:32:25,953 - INFO -         type: server_vad
2025-11-08 05:32:25,954 - INFO -         threshold: 0.5
2025-11-08 05:32:25,954 - INFO -         prefix_padding_ms: 300
2025-11-08 05:32:25,954 - INFO -         silence_duration_ms: 800
2025-11-08 05:32:25,954 - INFO -         create_response: True
2025-11-08 05:32:25,954 - INFO -         interrupt_response: True
2025-11-08 05:32:25,955 - INFO -       tools:
2025-11-08 05:32:25,955 - INFO -       tool_choice: auto
2025-11-08 05:32:25,955 - INFO -       temperature: 0.8
2025-11-08 05:32:25,955 - INFO -       max_response_output_tokens: inf
2025-11-08 05:32:25,955 - INFO -       id: sess_ITioohpYOp7muk7hcQdyI
2025-11-08 05:32:25,955 - INFO - --------------------------------------------------------------------------------
2025-11-08 05:32:25,960 - INFO - ================================================================================
2025-11-08 05:32:25,960 - INFO - WebSocket 连接已建立
2025-11-08 05:32:25,960 - INFO - ================================================================================
2025-11-08 05:32:25,960 - INFO - 
步骤 3: 配置会话参数
2025-11-08 05:32:25,960 - INFO - ================================================================================
2025-11-08 05:32:25,961 - INFO -   output_modalities: TEXT
2025-11-08 05:32:25,961 - INFO -   input_audio_format: PCM_16000HZ_MONO_16BIT
2025-11-08 05:32:25,961 - INFO -   enable_input_audio_transcription: True
2025-11-08 05:32:25,961 - INFO -   transcription_model: gummy-realtime-v1
2025-11-08 05:32:25,961 - INFO -   enable_turn_detection: True
2025-11-08 05:32:25,961 - INFO -   vad_threshold: 0.4
2025-11-08 05:32:25,961 - INFO -   vad_silence_duration_ms: 10000
2025-11-08 05:32:25,961 - INFO -   prefix_padding_ms: 500
2025-11-08 05:32:25,962 - DEBUG - [omni realtime] send string: {"event_id": "event_67253b852bbc41c5a677c16e2c208a7e", "type": "session.update", "session": {"modalities": ["text"], "voice": "Ethan", "input_audio_format": "pcm16", "output_audio_format": "pcm16", "input_audio_transcription": {"model": "gummy-realtime-v1"}, "turn_detection": {"type": "server_vad", "threshold": 0.4, "prefix_padding_ms": 500, "silence_duration_ms": 10000}}}
2025-11-08 05:32:26,243 - DEBUG - [omni realtime] receive string {"event_id":"event_UdUgmDj16mkCEwjDTW1J8","type":"session.updated","session":{"id":"sess_ITioohpYOp7muk7hcQdyI","object":"realtime.session","model":"qwen3-omni-flash-realtime","modalities":["text"],"voice":"Ethan","input_audio_format":"pcm16","output_audio_format":"pcm16","input_audio_transcription":{"model":"gummy-realtime-v1"},"turn_detection":{"type":"server_vad","threshold":0.4,"prefix_padding_ms":500,"silence_duration_ms":10000,"create_response":true,"interrupt_response":true},"max_response_output_tokens":"inf","temperature":0.8}}
2025-11-08 05:32:26,243 - INFO - --------------------------------------------------------------------------------
2025-11-08 05:32:26,243 - INFO - 事件类型: session.updated
2025-11-08 05:32:26,244 - INFO - 完整事件数据:
2025-11-08 05:32:26,244 - INFO -     event_id: event_UdUgmDj16mkCEwjDTW1J8
2025-11-08 05:32:26,244 - INFO -     type: session.updated
2025-11-08 05:32:26,244 - INFO -     session:
2025-11-08 05:32:26,245 - INFO -       id: sess_ITioohpYOp7muk7hcQdyI
2025-11-08 05:32:26,245 - INFO -       object: realtime.session
2025-11-08 05:32:26,245 - INFO -       model: qwen3-omni-flash-realtime
2025-11-08 05:32:26,245 - INFO -       modalities:
2025-11-08 05:32:26,245 - INFO -         [0]:
2025-11-08 05:32:26,246 - INFO -           text
2025-11-08 05:32:26,246 - INFO -       voice: Ethan
2025-11-08 05:32:26,246 - INFO -       input_audio_format: pcm16
2025-11-08 05:32:26,246 - INFO -       output_audio_format: pcm16
2025-11-08 05:32:26,247 - INFO -       input_audio_transcription:
2025-11-08 05:32:26,247 - INFO -         model: gummy-realtime-v1
2025-11-08 05:32:26,247 - INFO -       turn_detection:
2025-11-08 05:32:26,247 - INFO -         type: server_vad
2025-11-08 05:32:26,247 - INFO -         threshold: 0.4
2025-11-08 05:32:26,248 - INFO -         prefix_padding_ms: 500
2025-11-08 05:32:26,248 - INFO -         silence_duration_ms: 10000
2025-11-08 05:32:26,248 - INFO -         create_response: True
2025-11-08 05:32:26,248 - INFO -         interrupt_response: True
2025-11-08 05:32:26,249 - INFO -       max_response_output_tokens: inf
2025-11-08 05:32:26,249 - INFO -       temperature: 0.8
2025-11-08 05:32:26,249 - INFO - --------------------------------------------------------------------------------
2025-11-08 05:32:26,462 - INFO - 
步骤 4: 发送音频数据
2025-11-08 05:32:26,463 - INFO - ================================================================================
2025-11-08 05:32:26,463 - INFO - 音频分块大小: 3200 字节
2025-11-08 05:32:26,463 - INFO - 总块数: 648
2025-11-08 05:32:26,465 - INFO - 开始发送 648 块音频数据
2025-11-08 05:32:26,465 - DEBUG - [omni realtime] append audio: 4268
2025-11-08 05:32:26,465 - DEBUG - [omni realtime] append audio: 4268
2025-11-08 05:32:26,466 - DEBUG - [omni realtime] append audio: 4268
2025-11-08 05:32:26,466 - DEBUG - [omni realtime] append audio: 4268
2025-11-08 05:32:26,467 - DEBUG - [omni realtime] append audio: 4268
2025-11-08 05:32:26,467 - DEBUG - [omni realtime] append audio: 4268
2025-11-08 05:32:26,467 - DEBUG - [omni realtime] append audio: 4268
2025-11-08 05:32:26,468 - DEBUG - [omni realtime] append audio: 4268
2025-11-08 05:32:26,468 - DEBUG - [omni realtime] append audio: 4268
2025-11-08 05:32:26,468 - DEBUG - [omni realtime] append audio: 4268
2025-11-08 05:32:26,469 - DEBUG - 已发送 10/648 块
2025-11-08 05:32:26,469 - DEBUG - [omni realtime] append audio: 4268
2025-11-08 05:32:26,470 - DEBUG - [omni realtime] append audio: 4268
2025-11-08 05:32:26,470 - DEBUG - [omni realtime] append audio: 4268
2025-11-08 05:32:26,470 - DEBUG - [omni realtime] append audio: 4268
2025-11-08 05:32:26,471 - DEBUG - [omni realtime] append audio: 4268
2025-11-08 05:32:26,471 - DEBUG - [omni realtime] append audio: 4268
2025-11-08 05:32:26,472 - DEBUG - [omni realtime] append audio: 4268
2025-11-08 05:32:26,472 - DEBUG - [omni realtime] append audio: 4268
2025-11-08 05:32:26,472 - DEBUG - [omni realtime] append audio: 4268
2025-11-08 05:32:26,473 - DEBUG - [omni realtime] append audio: 4268
2025-11-08 05:32:26,473 - DEBUG - 已发送 20/648 块
2025-11-08 05:32:26,473 - DEBUG - [omni realtime] append audio: 4268
2025-11-08 05:32:26,473 - DEBUG - [omni realtime] append audio: 4268
2025-11-08 05:32:26,474 - DEBUG - [omni realtime] append audio: 4268
2025-11-08 05:32:26,474 - DEBUG - [omni realtime] append audio: 4268
2025-11-08 05:32:26,474 - DEBUG - [omni realtime] append audio: 4268
2025-11-08 05:32:26,475 - DEBUG - [omni realtime] append audio: 4268
2025-11-08 05:32:26,475 - DEBUG - [omni realtime] append audio: 4268
2025-11-08 05:32:26,475 - DEBUG - [omni realtime] append audio: 4268
2025-11-08 05:32:26,476 - DEBUG - [omni realtime] append audio: 4268
2025-11-08 05:32:26,476 - DEBUG - [omni realtime] append audio: 4268
2025-11-08 05:32:26,476 - DEBUG - 已发送 30/648 块
2025-11-08 05:32:26,476 - DEBUG - [omni realtime] append audio: 4268
2025-11-08 05:32:26,477 - DEBUG - [omni realtime] append audio: 4268
2025-11-08 05:32:26,477 - DEBUG - [omni realtime] append audio: 4268
2025-11-08 05:32:26,477 - DEBUG - [omni realtime] append audio: 4268
2025-11-08 05:32:26,478 - DEBUG - [omni realtime] append audio: 4268
2025-11-08 05:32:26,478 - DEBUG - [omni realtime] append audio: 4268
2025-11-08 05:32:26,478 - DEBUG - [omni realtime] append audio: 4268
2025-11-08 05:32:26,478 - DEBUG - [omni realtime] append audio: 4268
2025-11-08 05:32:26,479 - DEBUG - [omni realtime] append audio: 4268
2025-11-08 05:32:26,479 - DEBUG - [omni realtime] append audio: 4268
2025-11-08 05:32:26,479 - DEBUG - 已发送 40/648 块
2025-11-08 05:32:26,479 - DEBUG - [omni realtime] append audio: 4268
2025-11-08 05:32:26,480 - DEBUG - [omni realtime] append audio: 4268
2025-11-08 05:32:26,480 - DEBUG - [omni realtime] append audio: 4268
2025-11-08 05:32:26,480 - DEBUG - [omni realtime] append audio: 4268
2025-11-08 05:32:26,481 - DEBUG - [omni realtime] append audio: 4268
2025-11-08 05:32:26,481 - DEBUG - [omni realtime] append audio: 4268
2025-11-08 05:32:26,482 - DEBUG - [omni realtime] append audio: 4268
2025-11-08 05:32:26,482 - DEBUG - [omni realtime] append audio: 4268
2025-11-08 05:32:26,482 - DEBUG - [omni realtime] append audio: 4268
2025-11-08 05:32:26,483 - DEBUG - [omni realtime] append audio: 4268
2025-11-08 05:32:26,483 - DEBUG - 已发送 50/648 块
2025-11-08 05:32:26,483 - DEBUG - [omni realtime] append audio: 4268
2025-11-08 05:32:26,484 - DEBUG - [omni realtime] append audio: 4268
2025-11-08 05:32:26,484 - DEBUG - [omni realtime] append audio: 4268
2025-11-08 05:32:26,484 - DEBUG - [omni realtime] append audio: 4268
2025-11-08 05:32:26,484 - DEBUG - [omni realtime] append audio: 4268
2025-11-08 05:32:26,485 - DEBUG - [omni realtime] append audio: 4268
2025-11-08 05:32:26,485 - DEBUG - [omni realtime] append audio: 4268
2025-11-08 05:32:26,485 - DEBUG - [omni realtime] append audio: 4268
2025-11-08 05:32:26,486 - DEBUG - [omni realtime] append audio: 4268
2025-11-08 05:32:26,486 - DEBUG - [omni realtime] append audio: 4268
2025-11-08 05:32:26,487 - DEBUG - 已发送 60/648 块
2025-11-08 05:32:26,487 - DEBUG - [omni realtime] append audio: 4268
2025-11-08 05:32:26,487 - DEBUG - [omni realtime] append audio: 4268
2025-11-08 05:32:26,488 - DEBUG - [omni realtime] append audio: 4268
2025-11-08 05:32:26,488 - DEBUG - [omni realtime] append audio: 4268
2025-11-08 05:32:26,488 - DEBUG - [omni realtime] append audio: 4268
2025-11-08 05:32:26,489 - DEBUG - [omni realtime] append audio: 4268
2025-11-08 05:32:26,489 - DEBUG - [omni realtime] append audio: 4268
2025-11-08 05:32:26,489 - DEBUG - [omni realtime] append audio: 4268
2025-11-08 05:32:26,489 - DEBUG - [omni realtime] append audio: 4268
2025-11-08 05:32:26,490 - DEBUG - [omni realtime] append audio: 4268
2025-11-08 05:32:26,490 - DEBUG - 已发送 70/648 块
2025-11-08 05:32:26,490 - DEBUG - [omni realtime] append audio: 4268
2025-11-08 05:32:26,490 - DEBUG - [omni realtime] append audio: 4268
2025-11-08 05:32:26,490 - DEBUG - [omni realtime] append audio: 4268
2025-11-08 05:32:26,491 - DEBUG - [omni realtime] append audio: 4268
2025-11-08 05:32:26,491 - DEBUG - [omni realtime] append audio: 4268
2025-11-08 05:32:26,491 - DEBUG - [omni realtime] append audio: 4268
2025-11-08 05:32:26,492 - DEBUG - [omni realtime] append audio: 4268
2025-11-08 05:32:26,492 - DEBUG - [omni realtime] append audio: 4268
2025-11-08 05:32:26,492 - DEBUG - [omni realtime] append audio: 4268
2025-11-08 05:32:26,493 - DEBUG - [omni realtime] append audio: 4268
2025-11-08 05:32:26,493 - DEBUG - 已发送 80/648 块
2025-11-08 05:32:26,493 - DEBUG - [omni realtime] append audio: 4268
2025-11-08 05:32:26,493 - DEBUG - [omni realtime] append audio: 4268
2025-11-08 05:32:26,494 - DEBUG - [omni realtime] append audio: 4268
2025-11-08 05:32:26,494 - DEBUG - [omni realtime] append audio: 4268
2025-11-08 05:32:26,494 - DEBUG - [omni realtime] append audio: 4268
2025-11-08 05:32:26,494 - DEBUG - [omni realtime] append audio: 4268
2025-11-08 05:32:26,495 - DEBUG - [omni realtime] append audio: 4268
2025-11-08 05:32:26,495 - DEBUG - [omni realtime] append audio: 4268
2025-11-08 05:32:26,495 - DEBUG - [omni realtime] append audio: 4268
2025-11-08 05:32:26,495 - DEBUG - [omni realtime] append audio: 4268
2025-11-08 05:32:26,495 - DEBUG - 已发送 90/648 块
2025-11-08 05:32:26,496 - DEBUG - [omni realtime] append audio: 4268
2025-11-08 05:32:26,496 - DEBUG - [omni realtime] append audio: 4268
2025-11-08 05:32:26,496 - DEBUG - [omni realtime] append audio: 4268
2025-11-08 05:32:26,496 - DEBUG - [omni realtime] append audio: 4268
2025-11-08 05:32:26,497 - DEBUG - [omni realtime] append audio: 4268
2025-11-08 05:32:26,497 - DEBUG - [omni realtime] append audio: 4268
2025-11-08 05:32:26,497 - DEBUG - [omni realtime] append audio: 4268
2025-11-08 05:32:26,498 - DEBUG - [omni realtime] append audio: 4268
2025-11-08 05:32:26,498 - DEBUG - [omni realtime] append audio: 4268
2025-11-08 05:32:26,499 - DEBUG - [omni realtime] append audio: 4268
2025-11-08 05:32:26,499 - DEBUG - 已发送 100/648 块
2025-11-08 05:32:26,499 - DEBUG - [omni realtime] append audio: 4268
2025-11-08 05:32:26,499 - DEBUG - [omni realtime] append audio: 4268
2025-11-08 05:32:26,500 - DEBUG - [omni realtime] append audio: 4268
2025-11-08 05:32:26,500 - DEBUG - [omni realtime] append audio: 4268
2025-11-08 05:32:26,500 - DEBUG - [omni realtime] append audio: 4268
2025-11-08 05:32:26,500 - DEBUG - [omni realtime] append audio: 4268
2025-11-08 05:32:26,523 - DEBUG - [omni realtime] append audio: 4268
2025-11-08 05:32:26,523 - DEBUG - [omni realtime] append audio: 4268
2025-11-08 05:32:26,524 - DEBUG - [omni realtime] append audio: 4268
2025-11-08 05:32:26,524 - DEBUG - [omni realtime] append audio: 4268
2025-11-08 05:32:26,525 - DEBUG - 已发送 110/648 块
2025-11-08 05:32:26,525 - DEBUG - [omni realtime] append audio: 4268
2025-11-08 05:32:26,525 - DEBUG - [omni realtime] append audio: 4268
2025-11-08 05:32:26,526 - DEBUG - [omni realtime] append audio: 4268
2025-11-08 05:32:26,526 - DEBUG - [omni realtime] append audio: 4268
2025-11-08 05:32:26,527 - DEBUG - [omni realtime] append audio: 4268
2025-11-08 05:32:26,527 - DEBUG - [omni realtime] append audio: 4268
2025-11-08 05:32:26,527 - DEBUG - [omni realtime] append audio: 4268
2025-11-08 05:32:26,528 - DEBUG - [omni realtime] append audio: 4268
2025-11-08 05:32:26,528 - DEBUG - [omni realtime] append audio: 4268
2025-11-08 05:32:26,528 - DEBUG - [omni realtime] append audio: 4268
2025-11-08 05:32:26,529 - DEBUG - 已发送 120/648 块
2025-11-08 05:32:26,529 - DEBUG - [omni realtime] append audio: 4268
2025-11-08 05:32:26,529 - DEBUG - [omni realtime] append audio: 4268
2025-11-08 05:32:26,529 - DEBUG - [omni realtime] append audio: 4268
2025-11-08 05:32:26,530 - DEBUG - [omni realtime] append audio: 4268
2025-11-08 05:32:26,530 - DEBUG - [omni realtime] append audio: 4268
2025-11-08 05:32:26,531 - DEBUG - [omni realtime] append audio: 4268
2025-11-08 05:32:26,532 - DEBUG - [omni realtime] append audio: 4268
2025-11-08 05:32:26,532 - DEBUG - [omni realtime] append audio: 4268
2025-11-08 05:32:26,533 - DEBUG - [omni realtime] append audio: 4268
2025-11-08 05:32:26,533 - DEBUG - [omni realtime] append audio: 4268
2025-11-08 05:32:26,533 - DEBUG - 已发送 130/648 块
2025-11-08 05:32:26,533 - DEBUG - [omni realtime] append audio: 4268
2025-11-08 05:32:26,534 - DEBUG - [omni realtime] append audio: 4268
2025-11-08 05:32:26,534 - DEBUG - [omni realtime] append audio: 4268
2025-11-08 05:32:26,534 - DEBUG - [omni realtime] append audio: 4268
2025-11-08 05:32:26,535 - DEBUG - [omni realtime] append audio: 4268
2025-11-08 05:32:26,535 - DEBUG - [omni realtime] append audio: 4268
2025-11-08 05:32:26,535 - DEBUG - [omni realtime] append audio: 4268
2025-11-08 05:32:26,535 - DEBUG - [omni realtime] append audio: 4268
2025-11-08 05:32:26,536 - DEBUG - [omni realtime] append audio: 4268
2025-11-08 05:32:26,536 - DEBUG - [omni realtime] append audio: 4268
2025-11-08 05:32:26,536 - DEBUG - 已发送 140/648 块
2025-11-08 05:32:26,536 - DEBUG - [omni realtime] append audio: 4268
2025-11-08 05:32:26,537 - DEBUG - [omni realtime] append audio: 4268
2025-11-08 05:32:26,537 - DEBUG - [omni realtime] append audio: 4268
2025-11-08 05:32:26,537 - DEBUG - [omni realtime] append audio: 4268
2025-11-08 05:32:26,538 - DEBUG - [omni realtime] append audio: 4268
2025-11-08 05:32:26,538 - DEBUG - [omni realtime] append audio: 4268
2025-11-08 05:32:26,538 - DEBUG - [omni realtime] append audio: 4268
2025-11-08 05:32:26,539 - DEBUG - [omni realtime] append audio: 4268
2025-11-08 05:32:26,539 - DEBUG - [omni realtime] append audio: 4268
2025-11-08 05:32:26,539 - DEBUG - [omni realtime] append audio: 4268
2025-11-08 05:32:26,539 - DEBUG - 已发送 150/648 块
2025-11-08 05:32:26,539 - DEBUG - [omni realtime] append audio: 4268
2025-11-08 05:32:26,540 - DEBUG - [omni realtime] append audio: 4268
2025-11-08 05:32:26,540 - DEBUG - [omni realtime] append audio: 4268
2025-11-08 05:32:26,540 - DEBUG - [omni realtime] append audio: 4268
2025-11-08 05:32:26,540 - DEBUG - [omni realtime] append audio: 4268
2025-11-08 05:32:26,541 - DEBUG - [omni realtime] append audio: 4268
2025-11-08 05:32:26,541 - DEBUG - [omni realtime] append audio: 4268
2025-11-08 05:32:26,541 - DEBUG - [omni realtime] append audio: 4268
2025-11-08 05:32:26,541 - DEBUG - [omni realtime] append audio: 4268
2025-11-08 05:32:26,542 - DEBUG - [omni realtime] append audio: 4268
2025-11-08 05:32:26,542 - DEBUG - 已发送 160/648 块
2025-11-08 05:32:26,542 - DEBUG - [omni realtime] append audio: 4268
2025-11-08 05:32:26,542 - DEBUG - [omni realtime] append audio: 4268
2025-11-08 05:32:26,542 - DEBUG - [omni realtime] append audio: 4268
2025-11-08 05:32:26,543 - DEBUG - [omni realtime] append audio: 4268
2025-11-08 05:32:26,543 - DEBUG - [omni realtime] append audio: 4268
2025-11-08 05:32:26,543 - DEBUG - [omni realtime] append audio: 4268
2025-11-08 05:32:26,543 - DEBUG - [omni realtime] append audio: 4268
2025-11-08 05:32:26,543 - DEBUG - [omni realtime] append audio: 4268
2025-11-08 05:32:26,544 - DEBUG - [omni realtime] append audio: 4268
2025-11-08 05:32:26,544 - DEBUG - [omni realtime] append audio: 4268
2025-11-08 05:32:26,544 - DEBUG - 已发送 170/648 块
2025-11-08 05:32:26,544 - DEBUG - [omni realtime] append audio: 4268
2025-11-08 05:32:26,545 - DEBUG - [omni realtime] append audio: 4268
2025-11-08 05:32:26,545 - DEBUG - [omni realtime] append audio: 4268
2025-11-08 05:32:26,545 - DEBUG - [omni realtime] append audio: 4268
2025-11-08 05:32:26,545 - DEBUG - [omni realtime] append audio: 4268
2025-11-08 05:32:26,546 - DEBUG - [omni realtime] append audio: 4268
2025-11-08 05:32:26,546 - DEBUG - [omni realtime] append audio: 4268
2025-11-08 05:32:26,546 - DEBUG - [omni realtime] append audio: 4268
2025-11-08 05:32:26,546 - DEBUG - [omni realtime] append audio: 4268
2025-11-08 05:32:26,546 - DEBUG - [omni realtime] append audio: 4268
2025-11-08 05:32:26,546 - DEBUG - 已发送 180/648 块
2025-11-08 05:32:26,547 - DEBUG - [omni realtime] append audio: 4268
2025-11-08 05:32:26,547 - DEBUG - [omni realtime] append audio: 4268
2025-11-08 05:32:26,548 - DEBUG - [omni realtime] append audio: 4268
2025-11-08 05:32:26,548 - DEBUG - [omni realtime] append audio: 4268
2025-11-08 05:32:26,549 - DEBUG - [omni realtime] append audio: 4268
2025-11-08 05:32:26,549 - DEBUG - [omni realtime] append audio: 4268
2025-11-08 05:32:26,549 - DEBUG - [omni realtime] append audio: 4268
2025-11-08 05:32:26,549 - DEBUG - [omni realtime] append audio: 4268
2025-11-08 05:32:26,550 - DEBUG - [omni realtime] append audio: 4268
2025-11-08 05:32:26,550 - DEBUG - [omni realtime] append audio: 4268
2025-11-08 05:32:26,550 - DEBUG - 已发送 190/648 块
2025-11-08 05:32:26,550 - DEBUG - [omni realtime] append audio: 4268
2025-11-08 05:32:26,551 - DEBUG - [omni realtime] append audio: 4268
2025-11-08 05:32:26,551 - DEBUG - [omni realtime] append audio: 4268
2025-11-08 05:32:26,551 - DEBUG - [omni realtime] append audio: 4268
2025-11-08 05:32:26,552 - DEBUG - [omni realtime] append audio: 4268
2025-11-08 05:32:26,552 - DEBUG - [omni realtime] append audio: 4268
2025-11-08 05:32:26,552 - DEBUG - [omni realtime] append audio: 4268
2025-11-08 05:32:26,553 - DEBUG - [omni realtime] append audio: 4268
2025-11-08 05:32:26,553 - DEBUG - [omni realtime] append audio: 4268
2025-11-08 05:32:26,553 - DEBUG - [omni realtime] append audio: 4268
2025-11-08 05:32:26,554 - DEBUG - 已发送 200/648 块
2025-11-08 05:32:26,554 - DEBUG - [omni realtime] append audio: 4268
2025-11-08 05:32:26,554 - DEBUG - [omni realtime] append audio: 4268
2025-11-08 05:32:26,554 - DEBUG - [omni realtime] append audio: 4268
2025-11-08 05:32:26,554 - DEBUG - [omni realtime] append audio: 4268
2025-11-08 05:32:26,555 - DEBUG - [omni realtime] append audio: 4268
2025-11-08 05:32:26,555 - DEBUG - [omni realtime] append audio: 4268
2025-11-08 05:32:26,555 - DEBUG - [omni realtime] append audio: 4268
2025-11-08 05:32:26,555 - DEBUG - [omni realtime] append audio: 4268
2025-11-08 05:32:26,556 - DEBUG - [omni realtime] append audio: 4268
2025-11-08 05:32:26,584 - DEBUG - [omni realtime] append audio: 4268
2025-11-08 05:32:26,670 - DEBUG - 已发送 210/648 块
2025-11-08 05:32:26,671 - DEBUG - [omni realtime] append audio: 4268
2025-11-08 05:32:26,671 - DEBUG - [omni realtime] append audio: 4268
2025-11-08 05:32:26,671 - DEBUG - [omni realtime] append audio: 4268
2025-11-08 05:32:26,672 - DEBUG - [omni realtime] append audio: 4268
2025-11-08 05:32:26,672 - DEBUG - [omni realtime] append audio: 4268
2025-11-08 05:32:26,672 - DEBUG - [omni realtime] append audio: 4268
2025-11-08 05:32:26,673 - DEBUG - [omni realtime] append audio: 4268
2025-11-08 05:32:26,673 - DEBUG - [omni realtime] append audio: 4268
2025-11-08 05:32:26,673 - DEBUG - [omni realtime] append audio: 4268
2025-11-08 05:32:26,674 - DEBUG - [omni realtime] append audio: 4268
2025-11-08 05:32:26,674 - DEBUG - 已发送 220/648 块
2025-11-08 05:32:26,674 - DEBUG - [omni realtime] append audio: 4268
2025-11-08 05:32:26,674 - DEBUG - [omni realtime] append audio: 4268
2025-11-08 05:32:26,675 - DEBUG - [omni realtime] append audio: 4268
2025-11-08 05:32:26,675 - DEBUG - [omni realtime] append audio: 4268
2025-11-08 05:32:26,675 - DEBUG - [omni realtime] append audio: 4268
2025-11-08 05:32:26,676 - DEBUG - [omni realtime] append audio: 4268
2025-11-08 05:32:26,677 - DEBUG - [omni realtime] append audio: 4268
2025-11-08 05:32:26,677 - DEBUG - [omni realtime] append audio: 4268
2025-11-08 05:32:26,677 - DEBUG - [omni realtime] append audio: 4268
2025-11-08 05:32:26,678 - DEBUG - [omni realtime] append audio: 4268
2025-11-08 05:32:26,678 - DEBUG - 已发送 230/648 块
2025-11-08 05:32:26,678 - DEBUG - [omni realtime] append audio: 4268
2025-11-08 05:32:26,678 - DEBUG - [omni realtime] append audio: 4268
2025-11-08 05:32:26,679 - DEBUG - [omni realtime] append audio: 4268
2025-11-08 05:32:26,679 - DEBUG - [omni realtime] append audio: 4268
2025-11-08 05:32:26,679 - DEBUG - [omni realtime] append audio: 4268
2025-11-08 05:32:26,680 - DEBUG - [omni realtime] append audio: 4268
2025-11-08 05:32:26,680 - DEBUG - [omni realtime] append audio: 4268
2025-11-08 05:32:26,681 - DEBUG - [omni realtime] append audio: 4268
2025-11-08 05:32:26,681 - DEBUG - [omni realtime] append audio: 4268
2025-11-08 05:32:26,682 - DEBUG - [omni realtime] append audio: 4268
2025-11-08 05:32:26,682 - DEBUG - 已发送 240/648 块
2025-11-08 05:32:26,682 - DEBUG - [omni realtime] append audio: 4268
2025-11-08 05:32:26,683 - DEBUG - [omni realtime] append audio: 4268
2025-11-08 05:32:26,683 - DEBUG - [omni realtime] append audio: 4268
2025-11-08 05:32:26,683 - DEBUG - [omni realtime] append audio: 4268
2025-11-08 05:32:26,684 - DEBUG - [omni realtime] append audio: 4268
2025-11-08 05:32:26,684 - DEBUG - [omni realtime] append audio: 4268
2025-11-08 05:32:26,684 - DEBUG - [omni realtime] append audio: 4268
2025-11-08 05:32:26,685 - DEBUG - [omni realtime] append audio: 4268
2025-11-08 05:32:26,685 - DEBUG - [omni realtime] append audio: 4268
2025-11-08 05:32:26,685 - DEBUG - [omni realtime] append audio: 4268
2025-11-08 05:32:26,686 - DEBUG - 已发送 250/648 块
2025-11-08 05:32:26,686 - DEBUG - [omni realtime] append audio: 4268
2025-11-08 05:32:26,686 - DEBUG - [omni realtime] append audio: 4268
2025-11-08 05:32:26,687 - DEBUG - [omni realtime] append audio: 4268
2025-11-08 05:32:26,687 - DEBUG - [omni realtime] append audio: 4268
2025-11-08 05:32:26,687 - DEBUG - [omni realtime] append audio: 4268
2025-11-08 05:32:26,687 - DEBUG - [omni realtime] append audio: 4268
2025-11-08 05:32:26,688 - DEBUG - [omni realtime] append audio: 4268
2025-11-08 05:32:26,688 - DEBUG - [omni realtime] append audio: 4268
2025-11-08 05:32:26,688 - DEBUG - [omni realtime] append audio: 4268
2025-11-08 05:32:26,688 - DEBUG - [omni realtime] append audio: 4268
2025-11-08 05:32:26,688 - DEBUG - 已发送 260/648 块
2025-11-08 05:32:26,688 - DEBUG - [omni realtime] append audio: 4268
2025-11-08 05:32:26,689 - DEBUG - [omni realtime] append audio: 4268
2025-11-08 05:32:26,689 - DEBUG - [omni realtime] append audio: 4268
2025-11-08 05:32:26,689 - DEBUG - [omni realtime] append audio: 4268
2025-11-08 05:32:26,689 - DEBUG - [omni realtime] append audio: 4268
2025-11-08 05:32:26,689 - DEBUG - [omni realtime] append audio: 4268
2025-11-08 05:32:26,721 - DEBUG - [omni realtime] append audio: 4268
2025-11-08 05:32:26,721 - DEBUG - [omni realtime] append audio: 4268
2025-11-08 05:32:26,722 - DEBUG - [omni realtime] append audio: 4268
2025-11-08 05:32:26,724 - DEBUG - [omni realtime] append audio: 4268
2025-11-08 05:32:26,724 - DEBUG - 已发送 270/648 块
2025-11-08 05:32:26,725 - DEBUG - [omni realtime] append audio: 4268
2025-11-08 05:32:26,725 - DEBUG - [omni realtime] append audio: 4268
2025-11-08 05:32:26,725 - DEBUG - [omni realtime] append audio: 4268
2025-11-08 05:32:26,726 - DEBUG - [omni realtime] append audio: 4268
2025-11-08 05:32:26,726 - DEBUG - [omni realtime] append audio: 4268
2025-11-08 05:32:26,726 - DEBUG - [omni realtime] append audio: 4268
2025-11-08 05:32:26,727 - DEBUG - [omni realtime] append audio: 4268
2025-11-08 05:32:26,727 - DEBUG - [omni realtime] append audio: 4268
2025-11-08 05:32:26,728 - DEBUG - [omni realtime] append audio: 4268
2025-11-08 05:32:26,728 - DEBUG - [omni realtime] append audio: 4268
2025-11-08 05:32:26,728 - DEBUG - 已发送 280/648 块
2025-11-08 05:32:26,728 - DEBUG - [omni realtime] append audio: 4268
2025-11-08 05:32:26,729 - DEBUG - [omni realtime] append audio: 4268
2025-11-08 05:32:26,729 - DEBUG - [omni realtime] append audio: 4268
2025-11-08 05:32:26,729 - DEBUG - [omni realtime] append audio: 4268
2025-11-08 05:32:26,730 - DEBUG - [omni realtime] append audio: 4268
2025-11-08 05:32:26,730 - DEBUG - [omni realtime] append audio: 4268
2025-11-08 05:32:26,731 - DEBUG - [omni realtime] append audio: 4268
2025-11-08 05:32:26,731 - DEBUG - [omni realtime] append audio: 4268
2025-11-08 05:32:26,731 - DEBUG - [omni realtime] append audio: 4268
2025-11-08 05:32:26,732 - DEBUG - [omni realtime] append audio: 4268
2025-11-08 05:32:26,732 - DEBUG - 已发送 290/648 块
2025-11-08 05:32:26,732 - DEBUG - [omni realtime] append audio: 4268
2025-11-08 05:32:26,733 - DEBUG - [omni realtime] append audio: 4268
2025-11-08 05:32:26,733 - DEBUG - [omni realtime] append audio: 4268
2025-11-08 05:32:26,734 - DEBUG - [omni realtime] append audio: 4268
2025-11-08 05:32:26,734 - DEBUG - [omni realtime] append audio: 4268
2025-11-08 05:32:26,734 - DEBUG - [omni realtime] append audio: 4268
2025-11-08 05:32:26,735 - DEBUG - [omni realtime] append audio: 4268
2025-11-08 05:32:26,735 - DEBUG - [omni realtime] append audio: 4268
2025-11-08 05:32:26,735 - DEBUG - [omni realtime] append audio: 4268
2025-11-08 05:32:26,736 - DEBUG - [omni realtime] append audio: 4268
2025-11-08 05:32:26,736 - DEBUG - 已发送 300/648 块
2025-11-08 05:32:26,736 - DEBUG - [omni realtime] append audio: 4268
2025-11-08 05:32:26,736 - DEBUG - [omni realtime] append audio: 4268
2025-11-08 05:32:26,737 - DEBUG - [omni realtime] append audio: 4268
2025-11-08 05:32:26,737 - DEBUG - [omni realtime] append audio: 4268
2025-11-08 05:32:26,737 - DEBUG - [omni realtime] append audio: 4268
2025-11-08 05:32:26,738 - DEBUG - [omni realtime] append audio: 4268
2025-11-08 05:32:26,738 - DEBUG - [omni realtime] append audio: 4268
2025-11-08 05:32:26,738 - DEBUG - [omni realtime] append audio: 4268
2025-11-08 05:32:26,739 - DEBUG - [omni realtime] append audio: 4268
2025-11-08 05:32:26,739 - DEBUG - [omni realtime] append audio: 4268
2025-11-08 05:32:26,739 - DEBUG - 已发送 310/648 块
2025-11-08 05:32:26,739 - DEBUG - [omni realtime] append audio: 4268
2025-11-08 05:32:26,740 - DEBUG - [omni realtime] append audio: 4268
2025-11-08 05:32:26,740 - DEBUG - [omni realtime] append audio: 4268
2025-11-08 05:32:26,740 - DEBUG - [omni realtime] append audio: 4268
2025-11-08 05:32:26,740 - DEBUG - [omni realtime] append audio: 4268
2025-11-08 05:32:26,741 - DEBUG - [omni realtime] append audio: 4268
2025-11-08 05:32:26,741 - DEBUG - [omni realtime] append audio: 4268
2025-11-08 05:32:26,741 - DEBUG - [omni realtime] append audio: 4268
2025-11-08 05:32:26,741 - DEBUG - [omni realtime] append audio: 4268
2025-11-08 05:32:26,742 - DEBUG - [omni realtime] append audio: 4268
2025-11-08 05:32:26,742 - DEBUG - 已发送 320/648 块
2025-11-08 05:32:26,742 - DEBUG - [omni realtime] append audio: 4268
2025-11-08 05:32:26,742 - DEBUG - [omni realtime] append audio: 4268
2025-11-08 05:32:26,743 - DEBUG - [omni realtime] append audio: 4268
2025-11-08 05:32:26,743 - DEBUG - [omni realtime] append audio: 4268
2025-11-08 05:32:26,743 - DEBUG - [omni realtime] append audio: 4268
2025-11-08 05:32:26,743 - DEBUG - [omni realtime] append audio: 4268
2025-11-08 05:32:26,744 - DEBUG - [omni realtime] append audio: 4268
2025-11-08 05:32:26,744 - DEBUG - [omni realtime] append audio: 4268
2025-11-08 05:32:26,744 - DEBUG - [omni realtime] append audio: 4268
2025-11-08 05:32:26,744 - DEBUG - [omni realtime] append audio: 4268
2025-11-08 05:32:26,744 - DEBUG - 已发送 330/648 块
2025-11-08 05:32:26,745 - DEBUG - [omni realtime] append audio: 4268
2025-11-08 05:32:26,745 - DEBUG - [omni realtime] append audio: 4268
2025-11-08 05:32:26,745 - DEBUG - [omni realtime] append audio: 4268
2025-11-08 05:32:26,745 - DEBUG - [omni realtime] append audio: 4268
2025-11-08 05:32:26,746 - DEBUG - [omni realtime] append audio: 4268
2025-11-08 05:32:26,746 - DEBUG - [omni realtime] append audio: 4268
2025-11-08 05:32:26,746 - DEBUG - [omni realtime] append audio: 4268
2025-11-08 05:32:26,746 - DEBUG - [omni realtime] append audio: 4268
2025-11-08 05:32:26,746 - DEBUG - [omni realtime] append audio: 4268
2025-11-08 05:32:26,747 - DEBUG - [omni realtime] append audio: 4268
2025-11-08 05:32:26,747 - DEBUG - 已发送 340/648 块
2025-11-08 05:32:26,747 - DEBUG - [omni realtime] append audio: 4268
2025-11-08 05:32:26,748 - DEBUG - [omni realtime] append audio: 4268
2025-11-08 05:32:26,748 - DEBUG - [omni realtime] append audio: 4268
2025-11-08 05:32:26,748 - DEBUG - [omni realtime] append audio: 4268
2025-11-08 05:32:26,749 - DEBUG - [omni realtime] append audio: 4268
2025-11-08 05:32:26,749 - DEBUG - [omni realtime] append audio: 4268
2025-11-08 05:32:26,749 - DEBUG - [omni realtime] append audio: 4268
2025-11-08 05:32:26,749 - DEBUG - [omni realtime] append audio: 4268
2025-11-08 05:32:26,750 - DEBUG - [omni realtime] append audio: 4268
2025-11-08 05:32:26,750 - DEBUG - [omni realtime] append audio: 4268
2025-11-08 05:32:26,750 - DEBUG - 已发送 350/648 块
2025-11-08 05:32:26,750 - DEBUG - [omni realtime] append audio: 4268
2025-11-08 05:32:26,751 - DEBUG - [omni realtime] append audio: 4268
2025-11-08 05:32:26,751 - DEBUG - [omni realtime] append audio: 4268
2025-11-08 05:32:26,751 - DEBUG - [omni realtime] append audio: 4268
2025-11-08 05:32:26,752 - DEBUG - [omni realtime] append audio: 4268
2025-11-08 05:32:26,752 - DEBUG - [omni realtime] append audio: 4268
2025-11-08 05:32:26,752 - DEBUG - [omni realtime] append audio: 4268
2025-11-08 05:32:26,752 - DEBUG - [omni realtime] append audio: 4268
2025-11-08 05:32:26,753 - DEBUG - [omni realtime] append audio: 4268
2025-11-08 05:32:26,753 - DEBUG - [omni realtime] append audio: 4268
2025-11-08 05:32:26,754 - DEBUG - 已发送 360/648 块
2025-11-08 05:32:26,754 - DEBUG - [omni realtime] append audio: 4268
2025-11-08 05:32:26,754 - DEBUG - [omni realtime] append audio: 4268
2025-11-08 05:32:26,754 - DEBUG - [omni realtime] append audio: 4268
2025-11-08 05:32:26,755 - DEBUG - [omni realtime] append audio: 4268
2025-11-08 05:32:26,755 - DEBUG - [omni realtime] append audio: 4268
2025-11-08 05:32:26,755 - DEBUG - [omni realtime] append audio: 4268
2025-11-08 05:32:26,755 - DEBUG - [omni realtime] append audio: 4268
2025-11-08 05:32:26,755 - DEBUG - [omni realtime] append audio: 4268
2025-11-08 05:32:26,756 - DEBUG - [omni realtime] append audio: 4268
2025-11-08 05:32:26,756 - DEBUG - [omni realtime] append audio: 4268
2025-11-08 05:32:26,756 - DEBUG - 已发送 370/648 块
2025-11-08 05:32:26,756 - DEBUG - [omni realtime] append audio: 4268
2025-11-08 05:32:26,756 - DEBUG - [omni realtime] append audio: 4268
2025-11-08 05:32:26,757 - DEBUG - [omni realtime] append audio: 4268
2025-11-08 05:32:26,757 - DEBUG - [omni realtime] append audio: 4268
2025-11-08 05:32:26,757 - DEBUG - [omni realtime] append audio: 4268
2025-11-08 05:32:26,757 - DEBUG - [omni realtime] append audio: 4268
2025-11-08 05:32:26,758 - DEBUG - [omni realtime] append audio: 4268
2025-11-08 05:32:26,758 - DEBUG - [omni realtime] append audio: 4268
2025-11-08 05:32:26,758 - DEBUG - [omni realtime] append audio: 4268
2025-11-08 05:32:26,758 - DEBUG - [omni realtime] append audio: 4268
2025-11-08 05:32:26,759 - DEBUG - 已发送 380/648 块
2025-11-08 05:32:26,759 - DEBUG - [omni realtime] append audio: 4268
2025-11-08 05:32:26,759 - DEBUG - [omni realtime] append audio: 4268
2025-11-08 05:32:26,759 - DEBUG - [omni realtime] append audio: 4268
2025-11-08 05:32:26,760 - DEBUG - [omni realtime] append audio: 4268
2025-11-08 05:32:26,760 - DEBUG - [omni realtime] append audio: 4268
2025-11-08 05:32:26,760 - DEBUG - [omni realtime] append audio: 4268
2025-11-08 05:32:26,760 - DEBUG - [omni realtime] append audio: 4268
2025-11-08 05:32:26,760 - DEBUG - [omni realtime] append audio: 4268
2025-11-08 05:32:26,761 - DEBUG - [omni realtime] append audio: 4268
2025-11-08 05:32:26,761 - DEBUG - [omni realtime] append audio: 4268
2025-11-08 05:32:26,761 - DEBUG - 已发送 390/648 块
2025-11-08 05:32:26,761 - DEBUG - [omni realtime] append audio: 4268
2025-11-08 05:32:26,761 - DEBUG - [omni realtime] append audio: 4268
2025-11-08 05:32:26,762 - DEBUG - [omni realtime] append audio: 4268
2025-11-08 05:32:26,762 - DEBUG - [omni realtime] append audio: 4268
2025-11-08 05:32:26,762 - DEBUG - [omni realtime] append audio: 4268
2025-11-08 05:32:26,762 - DEBUG - [omni realtime] append audio: 4268
2025-11-08 05:32:26,763 - DEBUG - [omni realtime] append audio: 4268
2025-11-08 05:32:26,763 - DEBUG - [omni realtime] append audio: 4268
2025-11-08 05:32:26,763 - DEBUG - [omni realtime] append audio: 4268
2025-11-08 05:32:26,763 - DEBUG - [omni realtime] append audio: 4268
2025-11-08 05:32:26,763 - DEBUG - 已发送 400/648 块
2025-11-08 05:32:26,764 - DEBUG - [omni realtime] append audio: 4268
2025-11-08 05:32:26,764 - DEBUG - [omni realtime] append audio: 4268
2025-11-08 05:32:26,765 - DEBUG - [omni realtime] append audio: 4268
2025-11-08 05:32:26,765 - DEBUG - [omni realtime] append audio: 4268
2025-11-08 05:32:26,766 - DEBUG - [omni realtime] append audio: 4268
2025-11-08 05:32:26,766 - DEBUG - [omni realtime] append audio: 4268
2025-11-08 05:32:26,766 - DEBUG - [omni realtime] append audio: 4268
2025-11-08 05:32:26,767 - DEBUG - [omni realtime] append audio: 4268
2025-11-08 05:32:26,767 - DEBUG - [omni realtime] append audio: 4268
2025-11-08 05:32:26,768 - DEBUG - [omni realtime] append audio: 4268
2025-11-08 05:32:26,768 - DEBUG - 已发送 410/648 块
2025-11-08 05:32:26,768 - DEBUG - [omni realtime] append audio: 4268
2025-11-08 05:32:26,768 - DEBUG - [omni realtime] append audio: 4268
2025-11-08 05:32:26,769 - DEBUG - [omni realtime] append audio: 4268
2025-11-08 05:32:26,769 - DEBUG - [omni realtime] append audio: 4268
2025-11-08 05:32:26,769 - DEBUG - [omni realtime] append audio: 4268
2025-11-08 05:32:26,770 - DEBUG - [omni realtime] append audio: 4268
2025-11-08 05:32:26,770 - DEBUG - [omni realtime] append audio: 4268
2025-11-08 05:32:26,770 - DEBUG - [omni realtime] append audio: 4268
2025-11-08 05:32:26,771 - DEBUG - [omni realtime] append audio: 4268
2025-11-08 05:32:26,771 - DEBUG - [omni realtime] append audio: 4268
2025-11-08 05:32:26,771 - DEBUG - 已发送 420/648 块
2025-11-08 05:32:26,771 - DEBUG - [omni realtime] append audio: 4268
2025-11-08 05:32:26,772 - DEBUG - [omni realtime] append audio: 4268
2025-11-08 05:32:26,772 - DEBUG - [omni realtime] append audio: 4268
2025-11-08 05:32:26,772 - DEBUG - [omni realtime] append audio: 4268
2025-11-08 05:32:26,773 - DEBUG - [omni realtime] append audio: 4268
2025-11-08 05:32:26,773 - DEBUG - [omni realtime] append audio: 4268
2025-11-08 05:32:26,773 - DEBUG - [omni realtime] append audio: 4268
2025-11-08 05:32:26,774 - DEBUG - [omni realtime] append audio: 4268
2025-11-08 05:32:26,774 - DEBUG - [omni realtime] append audio: 4268
2025-11-08 05:32:26,774 - DEBUG - [omni realtime] append audio: 4268
2025-11-08 05:32:26,775 - DEBUG - 已发送 430/648 块
2025-11-08 05:32:26,775 - DEBUG - [omni realtime] append audio: 4268
2025-11-08 05:32:26,775 - DEBUG - [omni realtime] append audio: 4268
2025-11-08 05:32:26,775 - DEBUG - [omni realtime] append audio: 4268
2025-11-08 05:32:26,776 - DEBUG - [omni realtime] append audio: 4268
2025-11-08 05:32:26,776 - DEBUG - [omni realtime] append audio: 4268
2025-11-08 05:32:26,776 - DEBUG - [omni realtime] append audio: 4268
2025-11-08 05:32:26,777 - DEBUG - [omni realtime] append audio: 4268
2025-11-08 05:32:26,777 - DEBUG - [omni realtime] append audio: 4268
2025-11-08 05:32:26,777 - DEBUG - [omni realtime] append audio: 4268
2025-11-08 05:32:26,778 - DEBUG - [omni realtime] append audio: 4268
2025-11-08 05:32:26,778 - DEBUG - 已发送 440/648 块
2025-11-08 05:32:26,778 - DEBUG - [omni realtime] append audio: 4268
2025-11-08 05:32:26,778 - DEBUG - [omni realtime] append audio: 4268
2025-11-08 05:32:26,779 - DEBUG - [omni realtime] append audio: 4268
2025-11-08 05:32:26,779 - DEBUG - [omni realtime] append audio: 4268
2025-11-08 05:32:26,779 - DEBUG - [omni realtime] append audio: 4268
2025-11-08 05:32:26,779 - DEBUG - [omni realtime] append audio: 4268
2025-11-08 05:32:26,780 - DEBUG - [omni realtime] append audio: 4268
2025-11-08 05:32:26,780 - DEBUG - [omni realtime] append audio: 4268
2025-11-08 05:32:26,780 - DEBUG - [omni realtime] append audio: 4268
2025-11-08 05:32:26,780 - DEBUG - [omni realtime] append audio: 4268
2025-11-08 05:32:26,781 - DEBUG - 已发送 450/648 块
2025-11-08 05:32:26,781 - DEBUG - [omni realtime] append audio: 4268
2025-11-08 05:32:26,782 - DEBUG - [omni realtime] append audio: 4268
2025-11-08 05:32:26,782 - DEBUG - [omni realtime] append audio: 4268
2025-11-08 05:32:26,782 - DEBUG - [omni realtime] append audio: 4268
2025-11-08 05:32:26,783 - DEBUG - [omni realtime] append audio: 4268
2025-11-08 05:32:26,783 - DEBUG - [omni realtime] append audio: 4268
2025-11-08 05:32:26,783 - DEBUG - [omni realtime] append audio: 4268
2025-11-08 05:32:26,784 - DEBUG - [omni realtime] append audio: 4268
2025-11-08 05:32:26,784 - DEBUG - [omni realtime] append audio: 4268
2025-11-08 05:32:26,785 - DEBUG - [omni realtime] append audio: 4268
2025-11-08 05:32:26,785 - DEBUG - 已发送 460/648 块
2025-11-08 05:32:26,785 - DEBUG - [omni realtime] append audio: 4268
2025-11-08 05:32:26,785 - DEBUG - [omni realtime] append audio: 4268
2025-11-08 05:32:26,786 - DEBUG - [omni realtime] append audio: 4268
2025-11-08 05:32:26,786 - DEBUG - [omni realtime] append audio: 4268
2025-11-08 05:32:26,787 - DEBUG - [omni realtime] append audio: 4268
2025-11-08 05:32:26,787 - DEBUG - [omni realtime] append audio: 4268
2025-11-08 05:32:26,787 - DEBUG - [omni realtime] append audio: 4268
2025-11-08 05:32:26,788 - DEBUG - [omni realtime] append audio: 4268
2025-11-08 05:32:26,788 - DEBUG - [omni realtime] append audio: 4268
2025-11-08 05:32:26,788 - DEBUG - [omni realtime] append audio: 4268
2025-11-08 05:32:26,789 - DEBUG - 已发送 470/648 块
2025-11-08 05:32:26,789 - DEBUG - [omni realtime] append audio: 4268
2025-11-08 05:32:26,789 - DEBUG - [omni realtime] append audio: 4268
2025-11-08 05:32:26,789 - DEBUG - [omni realtime] append audio: 4268
2025-11-08 05:32:26,790 - DEBUG - [omni realtime] append audio: 4268
2025-11-08 05:32:26,790 - DEBUG - [omni realtime] append audio: 4268
2025-11-08 05:32:26,790 - DEBUG - [omni realtime] append audio: 4268
2025-11-08 05:32:26,791 - DEBUG - [omni realtime] append audio: 4268
2025-11-08 05:32:26,791 - DEBUG - [omni realtime] append audio: 4268
2025-11-08 05:32:26,791 - DEBUG - [omni realtime] append audio: 4268
2025-11-08 05:32:26,791 - DEBUG - [omni realtime] append audio: 4268
2025-11-08 05:32:26,792 - DEBUG - 已发送 480/648 块
2025-11-08 05:32:26,792 - DEBUG - [omni realtime] append audio: 4268
2025-11-08 05:32:26,792 - DEBUG - [omni realtime] append audio: 4268
2025-11-08 05:32:26,793 - DEBUG - [omni realtime] append audio: 4268
2025-11-08 05:32:26,793 - DEBUG - [omni realtime] append audio: 4268
2025-11-08 05:32:26,793 - DEBUG - [omni realtime] append audio: 4268
2025-11-08 05:32:26,793 - DEBUG - [omni realtime] append audio: 4268
2025-11-08 05:32:26,794 - DEBUG - [omni realtime] append audio: 4268
2025-11-08 05:32:26,794 - DEBUG - [omni realtime] append audio: 4268
2025-11-08 05:32:26,794 - DEBUG - [omni realtime] append audio: 4268
2025-11-08 05:32:26,795 - DEBUG - [omni realtime] append audio: 4268
2025-11-08 05:32:26,795 - DEBUG - 已发送 490/648 块
2025-11-08 05:32:26,795 - DEBUG - [omni realtime] append audio: 4268
2025-11-08 05:32:26,795 - DEBUG - [omni realtime] append audio: 4268
2025-11-08 05:32:26,796 - DEBUG - [omni realtime] append audio: 4268
2025-11-08 05:32:26,796 - DEBUG - [omni realtime] append audio: 4268
2025-11-08 05:32:26,796 - DEBUG - [omni realtime] append audio: 4268
2025-11-08 05:32:26,797 - DEBUG - [omni realtime] append audio: 4268
2025-11-08 05:32:26,797 - DEBUG - [omni realtime] append audio: 4268
2025-11-08 05:32:26,797 - DEBUG - [omni realtime] append audio: 4268
2025-11-08 05:32:26,798 - DEBUG - [omni realtime] append audio: 4268
2025-11-08 05:32:26,798 - DEBUG - [omni realtime] append audio: 4268
2025-11-08 05:32:26,799 - DEBUG - 已发送 500/648 块
2025-11-08 05:32:26,799 - DEBUG - [omni realtime] append audio: 4268
2025-11-08 05:32:26,799 - DEBUG - [omni realtime] append audio: 4268
2025-11-08 05:32:26,799 - DEBUG - [omni realtime] append audio: 4268
2025-11-08 05:32:26,800 - DEBUG - [omni realtime] append audio: 4268
2025-11-08 05:32:26,800 - DEBUG - [omni realtime] append audio: 4268
2025-11-08 05:32:26,800 - DEBUG - [omni realtime] append audio: 4268
2025-11-08 05:32:26,801 - DEBUG - [omni realtime] append audio: 4268
2025-11-08 05:32:26,801 - DEBUG - [omni realtime] append audio: 4268
2025-11-08 05:32:26,801 - DEBUG - [omni realtime] append audio: 4268
2025-11-08 05:32:26,801 - DEBUG - [omni realtime] append audio: 4268
2025-11-08 05:32:26,802 - DEBUG - 已发送 510/648 块
2025-11-08 05:32:26,802 - DEBUG - [omni realtime] append audio: 4268
2025-11-08 05:32:26,803 - DEBUG - [omni realtime] append audio: 4268
2025-11-08 05:32:26,803 - DEBUG - [omni realtime] append audio: 4268
2025-11-08 05:32:26,803 - DEBUG - [omni realtime] append audio: 4268
2025-11-08 05:32:26,803 - DEBUG - [omni realtime] append audio: 4268
2025-11-08 05:32:26,804 - DEBUG - [omni realtime] append audio: 4268
2025-11-08 05:32:26,804 - DEBUG - [omni realtime] append audio: 4268
2025-11-08 05:32:26,804 - DEBUG - [omni realtime] append audio: 4268
2025-11-08 05:32:26,805 - DEBUG - [omni realtime] append audio: 4268
2025-11-08 05:32:26,805 - DEBUG - [omni realtime] append audio: 4268
2025-11-08 05:32:26,805 - DEBUG - 已发送 520/648 块
2025-11-08 05:32:26,805 - DEBUG - [omni realtime] append audio: 4268
2025-11-08 05:32:26,805 - DEBUG - [omni realtime] append audio: 4268
2025-11-08 05:32:26,806 - DEBUG - [omni realtime] append audio: 4268
2025-11-08 05:32:26,806 - DEBUG - [omni realtime] append audio: 4268
2025-11-08 05:32:26,806 - DEBUG - [omni realtime] append audio: 4268
2025-11-08 05:32:26,807 - DEBUG - [omni realtime] append audio: 4268
2025-11-08 05:32:26,807 - DEBUG - [omni realtime] append audio: 4268
2025-11-08 05:32:26,807 - DEBUG - [omni realtime] append audio: 4268
2025-11-08 05:32:26,808 - DEBUG - [omni realtime] append audio: 4268
2025-11-08 05:32:26,808 - DEBUG - [omni realtime] append audio: 4268
2025-11-08 05:32:26,808 - DEBUG - 已发送 530/648 块
2025-11-08 05:32:26,808 - DEBUG - [omni realtime] append audio: 4268
2025-11-08 05:32:26,808 - DEBUG - [omni realtime] append audio: 4268
2025-11-08 05:32:26,809 - DEBUG - [omni realtime] append audio: 4268
2025-11-08 05:32:26,809 - DEBUG - [omni realtime] append audio: 4268
2025-11-08 05:32:26,809 - DEBUG - [omni realtime] append audio: 4268
2025-11-08 05:32:26,809 - DEBUG - [omni realtime] append audio: 4268
2025-11-08 05:32:26,810 - DEBUG - [omni realtime] append audio: 4268
2025-11-08 05:32:26,810 - DEBUG - [omni realtime] append audio: 4268
2025-11-08 05:32:26,810 - DEBUG - [omni realtime] append audio: 4268
2025-11-08 05:32:26,811 - DEBUG - [omni realtime] append audio: 4268
2025-11-08 05:32:26,811 - DEBUG - 已发送 540/648 块
2025-11-08 05:32:26,812 - DEBUG - [omni realtime] append audio: 4268
2025-11-08 05:32:26,812 - DEBUG - [omni realtime] append audio: 4268
2025-11-08 05:32:26,812 - DEBUG - [omni realtime] append audio: 4268
2025-11-08 05:32:26,813 - DEBUG - [omni realtime] append audio: 4268
2025-11-08 05:32:26,813 - DEBUG - [omni realtime] append audio: 4268
2025-11-08 05:32:26,813 - DEBUG - [omni realtime] append audio: 4268
2025-11-08 05:32:26,813 - DEBUG - [omni realtime] append audio: 4268
2025-11-08 05:32:26,814 - DEBUG - [omni realtime] append audio: 4268
2025-11-08 05:32:26,814 - DEBUG - [omni realtime] append audio: 4268
2025-11-08 05:32:26,815 - DEBUG - [omni realtime] append audio: 4268
2025-11-08 05:32:26,815 - DEBUG - 已发送 550/648 块
2025-11-08 05:32:26,815 - DEBUG - [omni realtime] append audio: 4268
2025-11-08 05:32:26,816 - DEBUG - [omni realtime] append audio: 4268
2025-11-08 05:32:26,816 - DEBUG - [omni realtime] append audio: 4268
2025-11-08 05:32:26,817 - DEBUG - [omni realtime] append audio: 4268
2025-11-08 05:32:26,817 - DEBUG - [omni realtime] append audio: 4268
2025-11-08 05:32:26,817 - DEBUG - [omni realtime] append audio: 4268
2025-11-08 05:32:26,818 - DEBUG - [omni realtime] append audio: 4268
2025-11-08 05:32:26,818 - DEBUG - [omni realtime] append audio: 4268
2025-11-08 05:32:26,819 - DEBUG - [omni realtime] append audio: 4268
2025-11-08 05:32:26,819 - DEBUG - [omni realtime] append audio: 4268
2025-11-08 05:32:26,819 - DEBUG - 已发送 560/648 块
2025-11-08 05:32:26,819 - DEBUG - [omni realtime] append audio: 4268
2025-11-08 05:32:26,820 - DEBUG - [omni realtime] append audio: 4268
2025-11-08 05:32:26,820 - DEBUG - [omni realtime] append audio: 4268
2025-11-08 05:32:26,820 - DEBUG - [omni realtime] append audio: 4268
2025-11-08 05:32:26,821 - DEBUG - [omni realtime] append audio: 4268
2025-11-08 05:32:26,821 - DEBUG - [omni realtime] append audio: 4268
2025-11-08 05:32:26,821 - DEBUG - [omni realtime] append audio: 4268
2025-11-08 05:32:26,821 - DEBUG - [omni realtime] append audio: 4268
2025-11-08 05:32:26,822 - DEBUG - [omni realtime] append audio: 4268
2025-11-08 05:32:26,822 - DEBUG - [omni realtime] append audio: 4268
2025-11-08 05:32:26,822 - DEBUG - 已发送 570/648 块
2025-11-08 05:32:26,822 - DEBUG - [omni realtime] append audio: 4268
2025-11-08 05:32:26,823 - DEBUG - [omni realtime] append audio: 4268
2025-11-08 05:32:26,823 - DEBUG - [omni realtime] append audio: 4268
2025-11-08 05:32:26,823 - DEBUG - [omni realtime] append audio: 4268
2025-11-08 05:32:26,824 - DEBUG - [omni realtime] append audio: 4268
2025-11-08 05:32:26,824 - DEBUG - [omni realtime] append audio: 4268
2025-11-08 05:32:26,824 - DEBUG - [omni realtime] append audio: 4268
2025-11-08 05:32:26,824 - DEBUG - [omni realtime] append audio: 4268
2025-11-08 05:32:26,824 - DEBUG - [omni realtime] append audio: 4268
2025-11-08 05:32:26,825 - DEBUG - [omni realtime] append audio: 4268
2025-11-08 05:32:26,825 - DEBUG - 已发送 580/648 块
2025-11-08 05:32:26,825 - DEBUG - [omni realtime] append audio: 4268
2025-11-08 05:32:26,825 - DEBUG - [omni realtime] append audio: 4268
2025-11-08 05:32:26,826 - DEBUG - [omni realtime] append audio: 4268
2025-11-08 05:32:26,826 - DEBUG - [omni realtime] append audio: 4268
2025-11-08 05:32:26,826 - DEBUG - [omni realtime] append audio: 4268
2025-11-08 05:32:26,827 - DEBUG - [omni realtime] append audio: 4268
2025-11-08 05:32:26,827 - DEBUG - [omni realtime] append audio: 4268
2025-11-08 05:32:26,827 - DEBUG - [omni realtime] append audio: 4268
2025-11-08 05:32:26,827 - DEBUG - [omni realtime] append audio: 4268
2025-11-08 05:32:26,828 - DEBUG - [omni realtime] append audio: 4268
2025-11-08 05:32:26,828 - DEBUG - 已发送 590/648 块
2025-11-08 05:32:26,828 - DEBUG - [omni realtime] append audio: 4268
2025-11-08 05:32:26,828 - DEBUG - [omni realtime] append audio: 4268
2025-11-08 05:32:26,828 - DEBUG - [omni realtime] append audio: 4268
2025-11-08 05:32:26,829 - DEBUG - [omni realtime] append audio: 4268
2025-11-08 05:32:26,829 - DEBUG - [omni realtime] append audio: 4268
2025-11-08 05:32:26,829 - DEBUG - [omni realtime] append audio: 4268
2025-11-08 05:32:26,830 - DEBUG - [omni realtime] append audio: 4268
2025-11-08 05:32:26,830 - DEBUG - [omni realtime] append audio: 4268
2025-11-08 05:32:26,830 - DEBUG - [omni realtime] append audio: 4268
2025-11-08 05:32:26,831 - DEBUG - [omni realtime] append audio: 4268
2025-11-08 05:32:26,831 - DEBUG - 已发送 600/648 块
2025-11-08 05:32:26,832 - DEBUG - [omni realtime] append audio: 4268
2025-11-08 05:32:26,832 - DEBUG - [omni realtime] append audio: 4268
2025-11-08 05:32:26,833 - DEBUG - [omni realtime] append audio: 4268
2025-11-08 05:32:26,833 - DEBUG - [omni realtime] append audio: 4268
2025-11-08 05:32:26,833 - DEBUG - [omni realtime] append audio: 4268
2025-11-08 05:32:26,834 - DEBUG - [omni realtime] append audio: 4268
2025-11-08 05:32:26,834 - DEBUG - [omni realtime] append audio: 4268
2025-11-08 05:32:26,834 - DEBUG - [omni realtime] append audio: 4268
2025-11-08 05:32:26,834 - DEBUG - [omni realtime] append audio: 4268
2025-11-08 05:32:26,835 - DEBUG - [omni realtime] append audio: 4268
2025-11-08 05:32:26,835 - DEBUG - 已发送 610/648 块
2025-11-08 05:32:26,835 - DEBUG - [omni realtime] append audio: 4268
2025-11-08 05:32:26,836 - DEBUG - [omni realtime] append audio: 4268
2025-11-08 05:32:26,836 - DEBUG - [omni realtime] append audio: 4268
2025-11-08 05:32:26,836 - DEBUG - [omni realtime] append audio: 4268
2025-11-08 05:32:26,836 - DEBUG - [omni realtime] append audio: 4268
2025-11-08 05:32:26,837 - DEBUG - [omni realtime] append audio: 4268
2025-11-08 05:32:26,837 - DEBUG - [omni realtime] append audio: 4268
2025-11-08 05:32:26,837 - DEBUG - [omni realtime] append audio: 4268
2025-11-08 05:32:26,838 - DEBUG - [omni realtime] append audio: 4268
2025-11-08 05:32:26,838 - DEBUG - [omni realtime] append audio: 4268
2025-11-08 05:32:26,838 - DEBUG - 已发送 620/648 块
2025-11-08 05:32:26,839 - DEBUG - [omni realtime] append audio: 4268
2025-11-08 05:32:26,839 - DEBUG - [omni realtime] append audio: 4268
2025-11-08 05:32:26,839 - DEBUG - [omni realtime] append audio: 4268
2025-11-08 05:32:26,839 - DEBUG - [omni realtime] append audio: 4268
2025-11-08 05:32:26,840 - DEBUG - [omni realtime] append audio: 4268
2025-11-08 05:32:26,840 - DEBUG - [omni realtime] append audio: 4268
2025-11-08 05:32:26,840 - DEBUG - [omni realtime] append audio: 4268
2025-11-08 05:32:26,840 - DEBUG - [omni realtime] append audio: 4268
2025-11-08 05:32:26,841 - DEBUG - [omni realtime] append audio: 4268
2025-11-08 05:32:26,841 - DEBUG - [omni realtime] append audio: 4268
2025-11-08 05:32:26,841 - DEBUG - 已发送 630/648 块
2025-11-08 05:32:26,841 - DEBUG - [omni realtime] append audio: 4268
2025-11-08 05:32:26,842 - DEBUG - [omni realtime] append audio: 4268
2025-11-08 05:32:26,842 - DEBUG - [omni realtime] append audio: 4268
2025-11-08 05:32:26,843 - DEBUG - [omni realtime] append audio: 4268
2025-11-08 05:32:26,843 - DEBUG - [omni realtime] append audio: 4268
2025-11-08 05:32:26,843 - DEBUG - [omni realtime] append audio: 4268
2025-11-08 05:32:26,844 - DEBUG - [omni realtime] append audio: 4268
2025-11-08 05:32:26,844 - DEBUG - [omni realtime] append audio: 4268
2025-11-08 05:32:26,844 - DEBUG - [omni realtime] append audio: 4268
2025-11-08 05:32:26,844 - DEBUG - [omni realtime] append audio: 4268
2025-11-08 05:32:26,845 - DEBUG - 已发送 640/648 块
2025-11-08 05:32:26,845 - DEBUG - [omni realtime] append audio: 4268
2025-11-08 05:32:26,845 - DEBUG - [omni realtime] append audio: 4268
2025-11-08 05:32:26,845 - DEBUG - [omni realtime] append audio: 4268
2025-11-08 05:32:26,846 - DEBUG - [omni realtime] append audio: 4268
2025-11-08 05:32:26,846 - DEBUG - [omni realtime] append audio: 4268
2025-11-08 05:32:26,846 - DEBUG - [omni realtime] append audio: 4268
2025-11-08 05:32:26,847 - DEBUG - [omni realtime] append audio: 4268
2025-11-08 05:32:26,847 - DEBUG - [omni realtime] append audio: 2520
2025-11-08 05:32:26,847 - INFO - 所有音频数据已发送 (648 块)
2025-11-08 05:32:26,848 - INFO - 
步骤 5: 提交音频并请求分析
2025-11-08 05:32:26,848 - INFO - ================================================================================
2025-11-08 05:32:26,848 - INFO - 提示词: 你是一个专业的儿童语音识别与语义理解助手,将语音转录为文本

2025-11-08 05:32:26,848 - DEBUG - [omni realtime] send string: {"event_id": "event_df552bafb3564a75bfa39cd2960ce98e", "type": "input_audio_buffer.commit"}
2025-11-08 05:32:26,849 - DEBUG - [omni realtime] send string: {"event_id": "event_053ec8ef88e5483bac27688c0452ea70", "type": "response.create", "response": {"instructions": "\u4f60\u662f\u4e00\u4e2a\u4e13\u4e1a\u7684\u513f\u7ae5\u8bed\u97f3\u8bc6\u522b\u4e0e\u8bed\u4e49\u7406\u89e3\u52a9\u624b,\u5c06\u8bed\u97f3\u8f6c\u5f55\u4e3a\u6587\u672c\n", "modalities": ["text"]}}
2025-11-08 05:32:26,849 - INFO - 
步骤 6: 等待 AI 响应
2025-11-08 05:32:26,849 - INFO - ================================================================================
2025-11-08 05:32:26,849 - INFO - 开始等待响应事件...

2025-11-08 05:32:26,948 - DEBUG - [omni realtime] receive string {"event_id":"event_UZIupskraAZb3Uu25KxcW","type":"input_audio_buffer.speech_started","audio_start_ms":339,"item_id":"item_MFaBIkpwfLNKnCy3DpZU2"}
2025-11-08 05:32:26,949 - INFO - --------------------------------------------------------------------------------
2025-11-08 05:32:26,950 - INFO - 事件类型: input_audio_buffer.speech_started
2025-11-08 05:32:26,950 - INFO - 完整事件数据:
2025-11-08 05:32:26,950 - INFO -     event_id: event_UZIupskraAZb3Uu25KxcW
2025-11-08 05:32:26,951 - INFO -     type: input_audio_buffer.speech_started
2025-11-08 05:32:26,951 - INFO -     audio_start_ms: 339
2025-11-08 05:32:26,951 - INFO -     item_id: item_MFaBIkpwfLNKnCy3DpZU2
2025-11-08 05:32:26,952 - INFO - --------------------------------------------------------------------------------
2025-11-08 05:32:26,952 - DEBUG - [omni realtime] receive string {"event_id":"event_RDW4RQbgZlajFNfwbOgor","type":"input_audio_buffer.speech_stopped","audio_end_ms":343,"item_id":"item_MFaBIkpwfLNKnCy3DpZU2"}
2025-11-08 05:32:26,952 - INFO - --------------------------------------------------------------------------------
2025-11-08 05:32:26,953 - INFO - 事件类型: input_audio_buffer.speech_stopped
2025-11-08 05:32:26,953 - INFO - 完整事件数据:
2025-11-08 05:32:26,953 - INFO -     event_id: event_RDW4RQbgZlajFNfwbOgor
2025-11-08 05:32:26,953 - INFO -     type: input_audio_buffer.speech_stopped
2025-11-08 05:32:26,953 - INFO -     audio_end_ms: 343
2025-11-08 05:32:26,954 - INFO -     item_id: item_MFaBIkpwfLNKnCy3DpZU2
2025-11-08 05:32:26,954 - INFO - --------------------------------------------------------------------------------
2025-11-08 05:32:26,954 - DEBUG - [omni realtime] receive string {"event_id":"event_Q6jJ4QCVIxnI93A7ghqL1","type":"input_audio_buffer.committed","item_id":"item_MFaBIkpwfLNKnCy3DpZU2"}
2025-11-08 05:32:26,955 - INFO - --------------------------------------------------------------------------------
2025-11-08 05:32:26,955 - INFO - 事件类型: input_audio_buffer.committed
2025-11-08 05:32:26,955 - INFO - 完整事件数据:
2025-11-08 05:32:26,955 - INFO -     event_id: event_Q6jJ4QCVIxnI93A7ghqL1
2025-11-08 05:32:26,956 - INFO -     type: input_audio_buffer.committed
2025-11-08 05:32:26,956 - INFO -     item_id: item_MFaBIkpwfLNKnCy3DpZU2
2025-11-08 05:32:26,956 - INFO - --------------------------------------------------------------------------------
2025-11-08 05:32:26,956 - DEBUG - [omni realtime] receive string {"event_id":"event_Gvv48Zy8xrPdk84PTMYKR","type":"conversation.item.created","item":{"id":"item_MFaBIkpwfLNKnCy3DpZU2","object":"realtime.item","type":"message","status":"in_progress","role":"assistant","content":[{"type":"input_audio"}]}}
2025-11-08 05:32:26,956 - INFO - --------------------------------------------------------------------------------
2025-11-08 05:32:26,957 - INFO - 事件类型: conversation.item.created
2025-11-08 05:32:26,957 - INFO - 完整事件数据:
2025-11-08 05:32:26,957 - INFO -     event_id: event_Gvv48Zy8xrPdk84PTMYKR
2025-11-08 05:32:26,957 - INFO -     type: conversation.item.created
2025-11-08 05:32:26,957 - INFO -     item:
2025-11-08 05:32:26,957 - INFO -       id: item_MFaBIkpwfLNKnCy3DpZU2
2025-11-08 05:32:26,958 - INFO -       object: realtime.item
2025-11-08 05:32:26,958 - INFO -       type: message
2025-11-08 05:32:26,958 - INFO -       status: in_progress
2025-11-08 05:32:26,958 - INFO -       role: assistant
2025-11-08 05:32:26,958 - INFO -       content:
2025-11-08 05:32:26,958 - INFO -         [0]:
2025-11-08 05:32:26,958 - INFO -           type: input_audio
2025-11-08 05:32:26,958 - INFO - --------------------------------------------------------------------------------
2025-11-08 05:32:26,959 - DEBUG - [omni realtime] receive string {"event_id":"event_BuRko5kTqCjlQw2kIGjrT","type":"conversation.item.input_audio_transcription.completed","item_id":"item_MFaBIkpwfLNKnCy3DpZU2","content_index":0,"transcript":"在这袋子。"}
2025-11-08 05:32:26,959 - INFO - --------------------------------------------------------------------------------
2025-11-08 05:32:26,959 - INFO - 事件类型: conversation.item.input_audio_transcription.completed
2025-11-08 05:32:26,959 - INFO - 完整事件数据:
2025-11-08 05:32:26,959 - INFO -     event_id: event_BuRko5kTqCjlQw2kIGjrT
2025-11-08 05:32:26,959 - INFO -     type: conversation.item.input_audio_transcription.completed
2025-11-08 05:32:26,960 - INFO -     item_id: item_MFaBIkpwfLNKnCy3DpZU2
2025-11-08 05:32:26,960 - INFO -     content_index: 0
2025-11-08 05:32:26,960 - INFO -     transcript: 在这袋子。
2025-11-08 05:32:26,960 - INFO - --------------------------------------------------------------------------------
2025-11-08 05:32:26,992 - DEBUG - [omni realtime] receive string {"event_id":"event_LAphEZ79tlew8uMuRBlv1","type":"input_audio_buffer.speech_started","audio_start_ms":432,"item_id":"item_PLWkeebOEDNLdxuIficVE"}
2025-11-08 05:32:26,993 - INFO - --------------------------------------------------------------------------------
2025-11-08 05:32:26,993 - INFO - 事件类型: input_audio_buffer.speech_started
2025-11-08 05:32:26,993 - INFO - 完整事件数据:
2025-11-08 05:32:26,994 - INFO -     event_id: event_LAphEZ79tlew8uMuRBlv1
2025-11-08 05:32:26,994 - INFO -     type: input_audio_buffer.speech_started
2025-11-08 05:32:26,994 - INFO -     audio_start_ms: 432
2025-11-08 05:32:26,994 - INFO -     item_id: item_PLWkeebOEDNLdxuIficVE
2025-11-08 05:32:26,994 - INFO - --------------------------------------------------------------------------------
2025-11-08 05:32:26,995 - DEBUG - [omni realtime] receive string {"text":"","event_id":"event_ZtAwxRsMdafsXUIhY2LwJ","type":"response.text.done","item_id":"item_PLWkeebOEDNLdxuIficVE","output_index":0,"content_index":0}
2025-11-08 05:32:26,995 - INFO - --------------------------------------------------------------------------------
2025-11-08 05:32:26,996 - INFO - 事件类型: response.text.done
2025-11-08 05:32:26,996 - INFO - 完整事件数据:
2025-11-08 05:32:26,996 - INFO -     text: 
2025-11-08 05:32:26,996 - INFO -     event_id: event_ZtAwxRsMdafsXUIhY2LwJ
2025-11-08 05:32:26,996 - INFO -     type: response.text.done
2025-11-08 05:32:26,997 - INFO -     item_id: item_PLWkeebOEDNLdxuIficVE
2025-11-08 05:32:26,997 - INFO -     output_index: 0
2025-11-08 05:32:26,997 - INFO -     content_index: 0
2025-11-08 05:32:26,998 - INFO - --------------------------------------------------------------------------------
2025-11-08 05:32:26,998 - DEBUG - [omni realtime] receive string {"event_id":"event_YyF4HdUuekSNUGyRA419P","type":"response.content_part.done","item_id":"item_PLWkeebOEDNLdxuIficVE","output_index":0,"content_index":0,"part":{"type":"text","text":""}}
2025-11-08 05:32:26,998 - INFO - --------------------------------------------------------------------------------
2025-11-08 05:32:26,999 - INFO - 事件类型: response.content_part.done
2025-11-08 05:32:26,999 - INFO - 完整事件数据:
2025-11-08 05:32:26,999 - INFO -     event_id: event_YyF4HdUuekSNUGyRA419P
2025-11-08 05:32:26,999 - INFO -     type: response.content_part.done
2025-11-08 05:32:27,000 - INFO -     item_id: item_PLWkeebOEDNLdxuIficVE
2025-11-08 05:32:27,000 - INFO -     output_index: 0
2025-11-08 05:32:27,000 - INFO -     content_index: 0
2025-11-08 05:32:27,000 - INFO -     part:
2025-11-08 05:32:27,000 - INFO -       type: text
2025-11-08 05:32:27,000 - INFO -       text: 
2025-11-08 05:32:27,001 - INFO - --------------------------------------------------------------------------------
2025-11-08 05:32:27,001 - DEBUG - [omni realtime] receive string {"event_id":"event_LQCppDIdJCrHR5xrDl3qN","type":"response.output_item.done","output_index":0,"item":{"id":"item_PLWkeebOEDNLdxuIficVE","object":"realtime.item","type":"message","status":"completed","role":"assistant","content":[{"type":"text","text":""}]}}
2025-11-08 05:32:27,001 - INFO - --------------------------------------------------------------------------------
2025-11-08 05:32:27,001 - INFO - 事件类型: response.output_item.done
2025-11-08 05:32:27,001 - INFO - 完整事件数据:
2025-11-08 05:32:27,001 - INFO -     event_id: event_LQCppDIdJCrHR5xrDl3qN
2025-11-08 05:32:27,002 - INFO -     type: response.output_item.done
2025-11-08 05:32:27,002 - INFO -     output_index: 0
2025-11-08 05:32:27,002 - INFO -     item:
2025-11-08 05:32:27,002 - INFO -       id: item_PLWkeebOEDNLdxuIficVE
2025-11-08 05:32:27,002 - INFO -       object: realtime.item
2025-11-08 05:32:27,002 - INFO -       type: message
2025-11-08 05:32:27,002 - INFO -       status: completed
2025-11-08 05:32:27,003 - INFO -       role: assistant
2025-11-08 05:32:27,003 - INFO -       content:
2025-11-08 05:32:27,003 - INFO -         [0]:
2025-11-08 05:32:27,003 - INFO -           type: text
2025-11-08 05:32:27,003 - INFO -           text: 
2025-11-08 05:32:27,003 - INFO - --------------------------------------------------------------------------------
2025-11-08 05:32:27,004 - DEBUG - [omni realtime] receive string {"event_id":"event_LFnKGdX1Ew7GHmnofBtH7","type":"response.done","response":{"object":"realtime.response","conversation_id":"conv_YzdTOT5o2zH7obR5xEucL","status":"cancelled","status_details":{"type":"cancelled","reason":"turn_detected"},"modalities":["text"],"voice":"Ethan","output_audio_format":"pcm16","output":[{"id":"item_PLWkeebOEDNLdxuIficVE","object":"realtime.item","type":"message","status":"incomplete","role":"assistant","content":[{"type":"text","text":""}]}]}}
2025-11-08 05:32:27,004 - INFO - --------------------------------------------------------------------------------
2025-11-08 05:32:27,004 - INFO - 事件类型: response.done
2025-11-08 05:32:27,004 - INFO - 完整事件数据:
2025-11-08 05:32:27,004 - INFO -     event_id: event_LFnKGdX1Ew7GHmnofBtH7
2025-11-08 05:32:27,004 - INFO -     type: response.done
2025-11-08 05:32:27,004 - INFO -     response:
2025-11-08 05:32:27,005 - INFO -       object: realtime.response
2025-11-08 05:32:27,005 - INFO -       conversation_id: conv_YzdTOT5o2zH7obR5xEucL
2025-11-08 05:32:27,005 - INFO -       status: cancelled
2025-11-08 05:32:27,005 - INFO -       status_details:
2025-11-08 05:32:27,005 - INFO -         type: cancelled
2025-11-08 05:32:27,005 - INFO -         reason: turn_detected
2025-11-08 05:32:27,005 - INFO -       modalities:
2025-11-08 05:32:27,006 - INFO -         [0]:
2025-11-08 05:32:27,006 - INFO -           text
2025-11-08 05:32:27,006 - INFO -       voice: Ethan
2025-11-08 05:32:27,006 - INFO -       output_audio_format: pcm16
2025-11-08 05:32:27,006 - INFO -       output:
2025-11-08 05:32:27,006 - INFO -         [0]:
2025-11-08 05:32:27,006 - INFO -           id: item_PLWkeebOEDNLdxuIficVE
2025-11-08 05:32:27,006 - INFO -           object: realtime.item
2025-11-08 05:32:27,006 - INFO -           type: message
2025-11-08 05:32:27,007 - INFO -           status: incomplete
2025-11-08 05:32:27,007 - INFO -           role: assistant
2025-11-08 05:32:27,007 - INFO -           content:
2025-11-08 05:32:27,007 - INFO -             [0]:
2025-11-08 05:32:27,007 - INFO -               type: text
2025-11-08 05:32:27,007 - INFO -               text: 
2025-11-08 05:32:27,007 - INFO - --------------------------------------------------------------------------------
2025-11-08 05:32:27,007 - INFO - ********************************************************************************
2025-11-08 05:32:27,007 - INFO - 响应完成事件触发
2025-11-08 05:32:27,008 - INFO - ********************************************************************************
2025-11-08 05:32:27,008 - INFO - [Metric] response: None, first text delay: None, first audio delay: None
2025-11-08 05:32:27,008 - INFO - 
================================================================================
2025-11-08 05:32:27,008 - INFO - 处理完成
2025-11-08 05:32:27,008 - INFO - ================================================================================
2025-11-08 05:32:27,224 - INFO - ================================================================================
2025-11-08 05:32:27,224 - INFO - WebSocket 连接关闭
2025-11-08 05:32:27,224 - INFO -   关闭状态码: None
2025-11-08 05:32:27,225 - INFO -   关闭消息: None
2025-11-08 05:32:27,225 - INFO - ================================================================================
2025-11-08 05:32:27,225 - ERROR - error from callback <bound method OmniRealtimeConversation.on_error of <dashscope.audio.qwen_omni.omni_realtime.OmniRealtimeConversation object at 0x0000000005CC9550>>: websocket closed due to 0
2025-11-08 05:32:27,410 - INFO - 
程序结束
2025-11-08 05:32:31,383 - INFO - ================================================================================
2025-11-08 05:32:31,384 - INFO - 调试模式 - 纯 logging 输出
2025-11-08 05:32:31,384 - INFO - ================================================================================
2025-11-08 05:32:31,387 - INFO - 加载配置文件: ./config3.yml
2025-11-08 05:32:31,387 - INFO - API Key: sk-9b155a5...
2025-11-08 05:32:31,387 - INFO - Model: qwen3-omni-flash-realtime
2025-11-08 05:32:31,387 - INFO - Audio Path: ./test/考核点3：语音识别与语义理解/1.mp4
2025-11-08 05:32:31,388 - INFO - 
步骤 1: 提取音频
2025-11-08 05:32:31,388 - INFO - ================================================================================
2025-11-08 05:32:31,388 - INFO - 开始提取音频: ./test/考核点3：语音识别与语义理解/1.mp4
2025-11-08 05:32:31,388 - DEBUG - FFmpeg命令: ffmpeg -loglevel error -i ./test/考核点3：语音识别与语义理解/1.mp4 -vn -acodec pcm_s16le -ar 16000 -ac 1 -f wav -
2025-11-08 05:32:31,502 - INFO - 音频提取完成: 2072288 字节
2025-11-08 05:32:31,502 - INFO - 
步骤 2: 初始化 WebSocket 会话
2025-11-08 05:32:31,502 - INFO - ================================================================================
2025-11-08 05:32:31,503 - INFO - 正在连接...
2025-11-08 05:32:31,745 - INFO - Websocket connected
2025-11-08 05:32:31,745 - DEBUG - [omni realtime] receive string {"event_id":"event_Oevtm2IjsFGURak4RUadV","type":"session.created","session":{"object":"realtime.session","model":"qwen3-omni-flash-realtime","modalities":["text","audio"],"voice":"Cherry","input_audio_format":"pcm16","output_audio_format":"pcm24","input_audio_transcription":{"model":"gummy-realtime-v1"},"turn_detection":{"type":"server_vad","threshold":0.5,"prefix_padding_ms":300,"silence_duration_ms":800,"create_response":true,"interrupt_response":true},"tools":[],"tool_choice":"auto","temperature":0.8,"max_response_output_tokens":"inf","id":"sess_VokivCID9pX7oMgsPJawq"}}
2025-11-08 05:32:31,745 - INFO - --------------------------------------------------------------------------------
2025-11-08 05:32:31,746 - INFO - 事件类型: session.created
2025-11-08 05:32:31,746 - INFO - 完整事件数据:
2025-11-08 05:32:31,746 - INFO -     event_id: event_Oevtm2IjsFGURak4RUadV
2025-11-08 05:32:31,746 - INFO -     type: session.created
2025-11-08 05:32:31,747 - INFO -     session:
2025-11-08 05:32:31,747 - INFO -       object: realtime.session
2025-11-08 05:32:31,747 - INFO -       model: qwen3-omni-flash-realtime
2025-11-08 05:32:31,748 - INFO -       modalities:
2025-11-08 05:32:31,748 - INFO -         [0]:
2025-11-08 05:32:31,748 - INFO -           text
2025-11-08 05:32:31,749 - INFO -         [1]:
2025-11-08 05:32:31,749 - INFO -           audio
2025-11-08 05:32:31,749 - INFO -       voice: Cherry
2025-11-08 05:32:31,749 - INFO -       input_audio_format: pcm16
2025-11-08 05:32:31,749 - INFO -       output_audio_format: pcm24
2025-11-08 05:32:31,750 - INFO -       input_audio_transcription:
2025-11-08 05:32:31,750 - INFO -         model: gummy-realtime-v1
2025-11-08 05:32:31,750 - INFO -       turn_detection:
2025-11-08 05:32:31,750 - INFO -         type: server_vad
2025-11-08 05:32:31,750 - INFO -         threshold: 0.5
2025-11-08 05:32:31,750 - INFO -         prefix_padding_ms: 300
2025-11-08 05:32:31,751 - INFO -         silence_duration_ms: 800
2025-11-08 05:32:31,751 - INFO -         create_response: True
2025-11-08 05:32:31,751 - INFO -         interrupt_response: True
2025-11-08 05:32:31,751 - INFO -       tools:
2025-11-08 05:32:31,751 - INFO -       tool_choice: auto
2025-11-08 05:32:31,751 - INFO -       temperature: 0.8
2025-11-08 05:32:31,751 - INFO -       max_response_output_tokens: inf
2025-11-08 05:32:31,752 - INFO -       id: sess_VokivCID9pX7oMgsPJawq
2025-11-08 05:32:31,752 - INFO - --------------------------------------------------------------------------------
2025-11-08 05:32:31,787 - INFO - ================================================================================
2025-11-08 05:32:31,787 - INFO - WebSocket 连接已建立
2025-11-08 05:32:31,787 - INFO - ================================================================================
2025-11-08 05:32:31,788 - INFO - 
步骤 3: 配置会话参数
2025-11-08 05:32:31,788 - INFO - ================================================================================
2025-11-08 05:32:31,788 - INFO -   output_modalities: TEXT
2025-11-08 05:32:31,788 - INFO -   input_audio_format: PCM_16000HZ_MONO_16BIT
2025-11-08 05:32:31,789 - INFO -   enable_input_audio_transcription: True
2025-11-08 05:32:31,789 - INFO -   transcription_model: gummy-realtime-v1
2025-11-08 05:32:31,789 - INFO -   enable_turn_detection: True
2025-11-08 05:32:31,789 - INFO -   vad_threshold: 0.4
2025-11-08 05:32:31,789 - INFO -   vad_silence_duration_ms: 10000
2025-11-08 05:32:31,789 - INFO -   prefix_padding_ms: 500
2025-11-08 05:32:31,790 - DEBUG - [omni realtime] send string: {"event_id": "event_9290f60e719a4b2f9ac10b8b8e2349c5", "type": "session.update", "session": {"modalities": ["text"], "voice": "Ethan", "input_audio_format": "pcm16", "output_audio_format": "pcm16", "input_audio_transcription": {"model": "gummy-realtime-v1"}, "turn_detection": {"type": "server_vad", "threshold": 0.4, "prefix_padding_ms": 500, "silence_duration_ms": 10000}}}
2025-11-08 05:32:32,041 - DEBUG - [omni realtime] receive string {"event_id":"event_Ze1D9MG84dzCLUqp7r8wb","type":"session.updated","session":{"id":"sess_VokivCID9pX7oMgsPJawq","object":"realtime.session","model":"qwen3-omni-flash-realtime","modalities":["text"],"voice":"Ethan","input_audio_format":"pcm16","output_audio_format":"pcm16","input_audio_transcription":{"model":"gummy-realtime-v1"},"turn_detection":{"type":"server_vad","threshold":0.4,"prefix_padding_ms":500,"silence_duration_ms":10000,"create_response":true,"interrupt_response":true},"max_response_output_tokens":"inf","temperature":0.8}}
2025-11-08 05:32:32,042 - INFO - --------------------------------------------------------------------------------
2025-11-08 05:32:32,042 - INFO - 事件类型: session.updated
2025-11-08 05:32:32,042 - INFO - 完整事件数据:
2025-11-08 05:32:32,043 - INFO -     event_id: event_Ze1D9MG84dzCLUqp7r8wb
2025-11-08 05:32:32,043 - INFO -     type: session.updated
2025-11-08 05:32:32,044 - INFO -     session:
2025-11-08 05:32:32,044 - INFO -       id: sess_VokivCID9pX7oMgsPJawq
2025-11-08 05:32:32,044 - INFO -       object: realtime.session
2025-11-08 05:32:32,044 - INFO -       model: qwen3-omni-flash-realtime
2025-11-08 05:32:32,045 - INFO -       modalities:
2025-11-08 05:32:32,045 - INFO -         [0]:
2025-11-08 05:32:32,045 - INFO -           text
2025-11-08 05:32:32,045 - INFO -       voice: Ethan
2025-11-08 05:32:32,045 - INFO -       input_audio_format: pcm16
2025-11-08 05:32:32,045 - INFO -       output_audio_format: pcm16
2025-11-08 05:32:32,045 - INFO -       input_audio_transcription:
2025-11-08 05:32:32,046 - INFO -         model: gummy-realtime-v1
2025-11-08 05:32:32,046 - INFO -       turn_detection:
2025-11-08 05:32:32,046 - INFO -         type: server_vad
2025-11-08 05:32:32,047 - INFO -         threshold: 0.4
2025-11-08 05:32:32,047 - INFO -         prefix_padding_ms: 500
2025-11-08 05:32:32,047 - INFO -         silence_duration_ms: 10000
2025-11-08 05:32:32,047 - INFO -         create_response: True
2025-11-08 05:32:32,047 - INFO -         interrupt_response: True
2025-11-08 05:32:32,048 - INFO -       max_response_output_tokens: inf
2025-11-08 05:32:32,048 - INFO -       temperature: 0.8
2025-11-08 05:32:32,048 - INFO - --------------------------------------------------------------------------------
2025-11-08 05:32:32,291 - INFO - 
步骤 4: 发送音频数据
2025-11-08 05:32:32,291 - INFO - ================================================================================
2025-11-08 05:32:32,291 - INFO - 音频分块大小: 3200 字节
2025-11-08 05:32:32,291 - INFO - 总块数: 648
2025-11-08 05:32:32,293 - INFO - 开始发送 648 块音频数据
2025-11-08 05:32:32,293 - DEBUG - [omni realtime] append audio: 4268
2025-11-08 05:32:32,293 - DEBUG - [omni realtime] append audio: 4268
2025-11-08 05:32:32,294 - DEBUG - [omni realtime] append audio: 4268
2025-11-08 05:32:32,294 - DEBUG - [omni realtime] append audio: 4268
2025-11-08 05:32:32,294 - DEBUG - [omni realtime] append audio: 4268
2025-11-08 05:32:32,294 - DEBUG - [omni realtime] append audio: 4268
2025-11-08 05:32:32,295 - DEBUG - [omni realtime] append audio: 4268
2025-11-08 05:32:32,295 - DEBUG - [omni realtime] append audio: 4268
2025-11-08 05:32:32,296 - DEBUG - [omni realtime] append audio: 4268
2025-11-08 05:32:32,296 - DEBUG - [omni realtime] append audio: 4268
2025-11-08 05:32:32,296 - DEBUG - 已发送 10/648 块
2025-11-08 05:32:32,296 - DEBUG - [omni realtime] append audio: 4268
2025-11-08 05:32:32,297 - DEBUG - [omni realtime] append audio: 4268
2025-11-08 05:32:32,297 - DEBUG - [omni realtime] append audio: 4268
2025-11-08 05:32:32,297 - DEBUG - [omni realtime] append audio: 4268
2025-11-08 05:32:32,298 - DEBUG - [omni realtime] append audio: 4268
2025-11-08 05:32:32,298 - DEBUG - [omni realtime] append audio: 4268
2025-11-08 05:32:32,299 - DEBUG - [omni realtime] append audio: 4268
2025-11-08 05:32:32,299 - DEBUG - [omni realtime] append audio: 4268
2025-11-08 05:32:32,299 - DEBUG - [omni realtime] append audio: 4268
2025-11-08 05:32:32,299 - DEBUG - [omni realtime] append audio: 4268
2025-11-08 05:32:32,300 - DEBUG - 已发送 20/648 块
2025-11-08 05:32:32,300 - DEBUG - [omni realtime] append audio: 4268
2025-11-08 05:32:32,300 - DEBUG - [omni realtime] append audio: 4268
2025-11-08 05:32:32,300 - DEBUG - [omni realtime] append audio: 4268
2025-11-08 05:32:32,301 - DEBUG - [omni realtime] append audio: 4268
2025-11-08 05:32:32,301 - DEBUG - [omni realtime] append audio: 4268
2025-11-08 05:32:32,301 - DEBUG - [omni realtime] append audio: 4268
2025-11-08 05:32:32,301 - DEBUG - [omni realtime] append audio: 4268
2025-11-08 05:32:32,302 - DEBUG - [omni realtime] append audio: 4268
2025-11-08 05:32:32,302 - DEBUG - [omni realtime] append audio: 4268
2025-11-08 05:32:32,302 - DEBUG - [omni realtime] append audio: 4268
2025-11-08 05:32:32,303 - DEBUG - 已发送 30/648 块
2025-11-08 05:32:32,303 - DEBUG - [omni realtime] append audio: 4268
2025-11-08 05:32:32,303 - DEBUG - [omni realtime] append audio: 4268
2025-11-08 05:32:32,303 - DEBUG - [omni realtime] append audio: 4268
2025-11-08 05:32:32,304 - DEBUG - [omni realtime] append audio: 4268
2025-11-08 05:32:32,304 - DEBUG - [omni realtime] append audio: 4268
2025-11-08 05:32:32,304 - DEBUG - [omni realtime] append audio: 4268
2025-11-08 05:32:32,305 - DEBUG - [omni realtime] append audio: 4268
2025-11-08 05:32:32,305 - DEBUG - [omni realtime] append audio: 4268
2025-11-08 05:32:32,305 - DEBUG - [omni realtime] append audio: 4268
2025-11-08 05:32:32,305 - DEBUG - [omni realtime] append audio: 4268
2025-11-08 05:32:32,306 - DEBUG - 已发送 40/648 块
2025-11-08 05:32:32,306 - DEBUG - [omni realtime] append audio: 4268
2025-11-08 05:32:32,306 - DEBUG - [omni realtime] append audio: 4268
2025-11-08 05:32:32,306 - DEBUG - [omni realtime] append audio: 4268
2025-11-08 05:32:32,307 - DEBUG - [omni realtime] append audio: 4268
2025-11-08 05:32:32,307 - DEBUG - [omni realtime] append audio: 4268
2025-11-08 05:32:32,307 - DEBUG - [omni realtime] append audio: 4268
2025-11-08 05:32:32,308 - DEBUG - [omni realtime] append audio: 4268
2025-11-08 05:32:32,308 - DEBUG - [omni realtime] append audio: 4268
2025-11-08 05:32:32,308 - DEBUG - [omni realtime] append audio: 4268
2025-11-08 05:32:32,308 - DEBUG - [omni realtime] append audio: 4268
2025-11-08 05:32:32,308 - DEBUG - 已发送 50/648 块
2025-11-08 05:32:32,308 - DEBUG - [omni realtime] append audio: 4268
2025-11-08 05:32:32,309 - DEBUG - [omni realtime] append audio: 4268
2025-11-08 05:32:32,309 - DEBUG - [omni realtime] append audio: 4268
2025-11-08 05:32:32,309 - DEBUG - [omni realtime] append audio: 4268
2025-11-08 05:32:32,310 - DEBUG - [omni realtime] append audio: 4268
2025-11-08 05:32:32,310 - DEBUG - [omni realtime] append audio: 4268
2025-11-08 05:32:32,310 - DEBUG - [omni realtime] append audio: 4268
2025-11-08 05:32:32,310 - DEBUG - [omni realtime] append audio: 4268
2025-11-08 05:32:32,311 - DEBUG - [omni realtime] append audio: 4268
2025-11-08 05:32:32,311 - DEBUG - [omni realtime] append audio: 4268
2025-11-08 05:32:32,311 - DEBUG - 已发送 60/648 块
2025-11-08 05:32:32,311 - DEBUG - [omni realtime] append audio: 4268
2025-11-08 05:32:32,312 - DEBUG - [omni realtime] append audio: 4268
2025-11-08 05:32:32,312 - DEBUG - [omni realtime] append audio: 4268
2025-11-08 05:32:32,312 - DEBUG - [omni realtime] append audio: 4268
2025-11-08 05:32:32,312 - DEBUG - [omni realtime] append audio: 4268
2025-11-08 05:32:32,313 - DEBUG - [omni realtime] append audio: 4268
2025-11-08 05:32:32,313 - DEBUG - [omni realtime] append audio: 4268
2025-11-08 05:32:32,314 - DEBUG - [omni realtime] append audio: 4268
2025-11-08 05:32:32,314 - DEBUG - [omni realtime] append audio: 4268
2025-11-08 05:32:32,315 - DEBUG - [omni realtime] append audio: 4268
2025-11-08 05:32:32,315 - DEBUG - 已发送 70/648 块
2025-11-08 05:32:32,315 - DEBUG - [omni realtime] append audio: 4268
2025-11-08 05:32:32,315 - DEBUG - [omni realtime] append audio: 4268
2025-11-08 05:32:32,316 - DEBUG - [omni realtime] append audio: 4268
2025-11-08 05:32:32,316 - DEBUG - [omni realtime] append audio: 4268
2025-11-08 05:32:32,317 - DEBUG - [omni realtime] append audio: 4268
2025-11-08 05:32:32,317 - DEBUG - [omni realtime] append audio: 4268
2025-11-08 05:32:32,317 - DEBUG - [omni realtime] append audio: 4268
2025-11-08 05:32:32,317 - DEBUG - [omni realtime] append audio: 4268
2025-11-08 05:32:32,318 - DEBUG - [omni realtime] append audio: 4268
2025-11-08 05:32:32,318 - DEBUG - [omni realtime] append audio: 4268
2025-11-08 05:32:32,318 - DEBUG - 已发送 80/648 块
2025-11-08 05:32:32,318 - DEBUG - [omni realtime] append audio: 4268
2025-11-08 05:32:32,319 - DEBUG - [omni realtime] append audio: 4268
2025-11-08 05:32:32,319 - DEBUG - [omni realtime] append audio: 4268
2025-11-08 05:32:32,319 - DEBUG - [omni realtime] append audio: 4268
2025-11-08 05:32:32,319 - DEBUG - [omni realtime] append audio: 4268
2025-11-08 05:32:32,320 - DEBUG - [omni realtime] append audio: 4268
2025-11-08 05:32:32,320 - DEBUG - [omni realtime] append audio: 4268
2025-11-08 05:32:32,320 - DEBUG - [omni realtime] append audio: 4268
2025-11-08 05:32:32,321 - DEBUG - [omni realtime] append audio: 4268
2025-11-08 05:32:32,321 - DEBUG - [omni realtime] append audio: 4268
2025-11-08 05:32:32,321 - DEBUG - 已发送 90/648 块
2025-11-08 05:32:32,321 - DEBUG - [omni realtime] append audio: 4268
2025-11-08 05:32:32,321 - DEBUG - [omni realtime] append audio: 4268
2025-11-08 05:32:32,322 - DEBUG - [omni realtime] append audio: 4268
2025-11-08 05:32:32,322 - DEBUG - [omni realtime] append audio: 4268
2025-11-08 05:32:32,322 - DEBUG - [omni realtime] append audio: 4268
2025-11-08 05:32:32,322 - DEBUG - [omni realtime] append audio: 4268
2025-11-08 05:32:32,323 - DEBUG - [omni realtime] append audio: 4268
2025-11-08 05:32:32,323 - DEBUG - [omni realtime] append audio: 4268
2025-11-08 05:32:32,323 - DEBUG - [omni realtime] append audio: 4268
2025-11-08 05:32:32,323 - DEBUG - [omni realtime] append audio: 4268
2025-11-08 05:32:32,324 - DEBUG - 已发送 100/648 块
2025-11-08 05:32:32,324 - DEBUG - [omni realtime] append audio: 4268
2025-11-08 05:32:32,324 - DEBUG - [omni realtime] append audio: 4268
2025-11-08 05:32:32,324 - DEBUG - [omni realtime] append audio: 4268
2025-11-08 05:32:32,325 - DEBUG - [omni realtime] append audio: 4268
2025-11-08 05:32:32,325 - DEBUG - [omni realtime] append audio: 4268
2025-11-08 05:32:32,325 - DEBUG - [omni realtime] append audio: 4268
2025-11-08 05:32:32,339 - DEBUG - [omni realtime] append audio: 4268
2025-11-08 05:32:32,340 - DEBUG - [omni realtime] append audio: 4268
2025-11-08 05:32:32,340 - DEBUG - [omni realtime] append audio: 4268
2025-11-08 05:32:32,340 - DEBUG - [omni realtime] append audio: 4268
2025-11-08 05:32:32,341 - DEBUG - 已发送 110/648 块
2025-11-08 05:32:32,341 - DEBUG - [omni realtime] append audio: 4268
2025-11-08 05:32:32,341 - DEBUG - [omni realtime] append audio: 4268
2025-11-08 05:32:32,342 - DEBUG - [omni realtime] append audio: 4268
2025-11-08 05:32:32,342 - DEBUG - [omni realtime] append audio: 4268
2025-11-08 05:32:32,342 - DEBUG - [omni realtime] append audio: 4268
2025-11-08 05:32:32,343 - DEBUG - [omni realtime] append audio: 4268
2025-11-08 05:32:32,343 - DEBUG - [omni realtime] append audio: 4268
2025-11-08 05:32:32,343 - DEBUG - [omni realtime] append audio: 4268
2025-11-08 05:32:32,343 - DEBUG - [omni realtime] append audio: 4268
2025-11-08 05:32:32,344 - DEBUG - [omni realtime] append audio: 4268
2025-11-08 05:32:32,344 - DEBUG - 已发送 120/648 块
2025-11-08 05:32:32,344 - DEBUG - [omni realtime] append audio: 4268
2025-11-08 05:32:32,345 - DEBUG - [omni realtime] append audio: 4268
2025-11-08 05:32:32,345 - DEBUG - [omni realtime] append audio: 4268
2025-11-08 05:32:32,345 - DEBUG - [omni realtime] append audio: 4268
2025-11-08 05:32:32,345 - DEBUG - [omni realtime] append audio: 4268
2025-11-08 05:32:32,346 - DEBUG - [omni realtime] append audio: 4268
2025-11-08 05:32:32,346 - DEBUG - [omni realtime] append audio: 4268
2025-11-08 05:32:32,347 - DEBUG - [omni realtime] append audio: 4268
2025-11-08 05:32:32,347 - DEBUG - [omni realtime] append audio: 4268
2025-11-08 05:32:32,347 - DEBUG - [omni realtime] append audio: 4268
2025-11-08 05:32:32,348 - DEBUG - 已发送 130/648 块
2025-11-08 05:32:32,348 - DEBUG - [omni realtime] append audio: 4268
2025-11-08 05:32:32,348 - DEBUG - [omni realtime] append audio: 4268
2025-11-08 05:32:32,349 - DEBUG - [omni realtime] append audio: 4268
2025-11-08 05:32:32,349 - DEBUG - [omni realtime] append audio: 4268
2025-11-08 05:32:32,349 - DEBUG - [omni realtime] append audio: 4268
2025-11-08 05:32:32,349 - DEBUG - [omni realtime] append audio: 4268
2025-11-08 05:32:32,350 - DEBUG - [omni realtime] append audio: 4268
2025-11-08 05:32:32,350 - DEBUG - [omni realtime] append audio: 4268
2025-11-08 05:32:32,350 - DEBUG - [omni realtime] append audio: 4268
2025-11-08 05:32:32,351 - DEBUG - [omni realtime] append audio: 4268
2025-11-08 05:32:32,351 - DEBUG - 已发送 140/648 块
2025-11-08 05:32:32,351 - DEBUG - [omni realtime] append audio: 4268
2025-11-08 05:32:32,351 - DEBUG - [omni realtime] append audio: 4268
2025-11-08 05:32:32,351 - DEBUG - [omni realtime] append audio: 4268
2025-11-08 05:32:32,351 - DEBUG - [omni realtime] append audio: 4268
2025-11-08 05:32:32,352 - DEBUG - [omni realtime] append audio: 4268
2025-11-08 05:32:32,352 - DEBUG - [omni realtime] append audio: 4268
2025-11-08 05:32:32,352 - DEBUG - [omni realtime] append audio: 4268
2025-11-08 05:32:32,353 - DEBUG - [omni realtime] append audio: 4268
2025-11-08 05:32:32,353 - DEBUG - [omni realtime] append audio: 4268
2025-11-08 05:32:32,353 - DEBUG - [omni realtime] append audio: 4268
2025-11-08 05:32:32,354 - DEBUG - 已发送 150/648 块
2025-11-08 05:32:32,354 - DEBUG - [omni realtime] append audio: 4268
2025-11-08 05:32:32,354 - DEBUG - [omni realtime] append audio: 4268
2025-11-08 05:32:32,354 - DEBUG - [omni realtime] append audio: 4268
2025-11-08 05:32:32,355 - DEBUG - [omni realtime] append audio: 4268
2025-11-08 05:32:32,355 - DEBUG - [omni realtime] append audio: 4268
2025-11-08 05:32:32,355 - DEBUG - [omni realtime] append audio: 4268
2025-11-08 05:32:32,355 - DEBUG - [omni realtime] append audio: 4268
2025-11-08 05:32:32,356 - DEBUG - [omni realtime] append audio: 4268
2025-11-08 05:32:32,356 - DEBUG - [omni realtime] append audio: 4268
2025-11-08 05:32:32,356 - DEBUG - [omni realtime] append audio: 4268
2025-11-08 05:32:32,356 - DEBUG - 已发送 160/648 块
2025-11-08 05:32:32,357 - DEBUG - [omni realtime] append audio: 4268
2025-11-08 05:32:32,357 - DEBUG - [omni realtime] append audio: 4268
2025-11-08 05:32:32,357 - DEBUG - [omni realtime] append audio: 4268
2025-11-08 05:32:32,357 - DEBUG - [omni realtime] append audio: 4268
2025-11-08 05:32:32,357 - DEBUG - [omni realtime] append audio: 4268
2025-11-08 05:32:32,358 - DEBUG - [omni realtime] append audio: 4268
2025-11-08 05:32:32,358 - DEBUG - [omni realtime] append audio: 4268
2025-11-08 05:32:32,358 - DEBUG - [omni realtime] append audio: 4268
2025-11-08 05:32:32,358 - DEBUG - [omni realtime] append audio: 4268
2025-11-08 05:32:32,358 - DEBUG - [omni realtime] append audio: 4268
2025-11-08 05:32:32,358 - DEBUG - 已发送 170/648 块
2025-11-08 05:32:32,359 - DEBUG - [omni realtime] append audio: 4268
2025-11-08 05:32:32,359 - DEBUG - [omni realtime] append audio: 4268
2025-11-08 05:32:32,359 - DEBUG - [omni realtime] append audio: 4268
2025-11-08 05:32:32,360 - DEBUG - [omni realtime] append audio: 4268
2025-11-08 05:32:32,360 - DEBUG - [omni realtime] append audio: 4268
2025-11-08 05:32:32,360 - DEBUG - [omni realtime] append audio: 4268
2025-11-08 05:32:32,361 - DEBUG - [omni realtime] append audio: 4268
2025-11-08 05:32:32,361 - DEBUG - [omni realtime] append audio: 4268
2025-11-08 05:32:32,361 - DEBUG - [omni realtime] append audio: 4268
2025-11-08 05:32:32,361 - DEBUG - [omni realtime] append audio: 4268
2025-11-08 05:32:32,362 - DEBUG - 已发送 180/648 块
2025-11-08 05:32:32,362 - DEBUG - [omni realtime] append audio: 4268
2025-11-08 05:32:32,362 - DEBUG - [omni realtime] append audio: 4268
2025-11-08 05:32:32,362 - DEBUG - [omni realtime] append audio: 4268
2025-11-08 05:32:32,363 - DEBUG - [omni realtime] append audio: 4268
2025-11-08 05:32:32,363 - DEBUG - [omni realtime] append audio: 4268
2025-11-08 05:32:32,364 - DEBUG - [omni realtime] append audio: 4268
2025-11-08 05:32:32,364 - DEBUG - [omni realtime] append audio: 4268
2025-11-08 05:32:32,364 - DEBUG - [omni realtime] append audio: 4268
2025-11-08 05:32:32,365 - DEBUG - [omni realtime] append audio: 4268
2025-11-08 05:32:32,365 - DEBUG - [omni realtime] append audio: 4268
2025-11-08 05:32:32,365 - DEBUG - 已发送 190/648 块
2025-11-08 05:32:32,366 - DEBUG - [omni realtime] append audio: 4268
2025-11-08 05:32:32,366 - DEBUG - [omni realtime] append audio: 4268
2025-11-08 05:32:32,366 - DEBUG - [omni realtime] append audio: 4268
2025-11-08 05:32:32,366 - DEBUG - [omni realtime] append audio: 4268
2025-11-08 05:32:32,367 - DEBUG - [omni realtime] append audio: 4268
2025-11-08 05:32:32,367 - DEBUG - [omni realtime] append audio: 4268
2025-11-08 05:32:32,367 - DEBUG - [omni realtime] append audio: 4268
2025-11-08 05:32:32,368 - DEBUG - [omni realtime] append audio: 4268
2025-11-08 05:32:32,368 - DEBUG - [omni realtime] append audio: 4268
2025-11-08 05:32:32,368 - DEBUG - [omni realtime] append audio: 4268
2025-11-08 05:32:32,368 - DEBUG - 已发送 200/648 块
2025-11-08 05:32:32,368 - DEBUG - [omni realtime] append audio: 4268
2025-11-08 05:32:32,369 - DEBUG - [omni realtime] append audio: 4268
2025-11-08 05:32:32,369 - DEBUG - [omni realtime] append audio: 4268
2025-11-08 05:32:32,369 - DEBUG - [omni realtime] append audio: 4268
2025-11-08 05:32:32,369 - DEBUG - [omni realtime] append audio: 4268
2025-11-08 05:32:32,370 - DEBUG - [omni realtime] append audio: 4268
2025-11-08 05:32:32,370 - DEBUG - [omni realtime] append audio: 4268
2025-11-08 05:32:32,370 - DEBUG - [omni realtime] append audio: 4268
2025-11-08 05:32:32,371 - DEBUG - [omni realtime] append audio: 4268
2025-11-08 05:32:32,406 - DEBUG - [omni realtime] append audio: 4268
2025-11-08 05:32:32,472 - DEBUG - 已发送 210/648 块
2025-11-08 05:32:32,472 - DEBUG - [omni realtime] append audio: 4268
2025-11-08 05:32:32,473 - DEBUG - [omni realtime] append audio: 4268
2025-11-08 05:32:32,473 - DEBUG - [omni realtime] append audio: 4268
2025-11-08 05:32:32,474 - DEBUG - [omni realtime] append audio: 4268
2025-11-08 05:32:32,474 - DEBUG - [omni realtime] append audio: 4268
2025-11-08 05:32:32,474 - DEBUG - [omni realtime] append audio: 4268
2025-11-08 05:32:32,475 - DEBUG - [omni realtime] append audio: 4268
2025-11-08 05:32:32,475 - DEBUG - [omni realtime] append audio: 4268
2025-11-08 05:32:32,475 - DEBUG - [omni realtime] append audio: 4268
2025-11-08 05:32:32,476 - DEBUG - [omni realtime] append audio: 4268
2025-11-08 05:32:32,476 - DEBUG - 已发送 220/648 块
2025-11-08 05:32:32,476 - DEBUG - [omni realtime] append audio: 4268
2025-11-08 05:32:32,476 - DEBUG - [omni realtime] append audio: 4268
2025-11-08 05:32:32,477 - DEBUG - [omni realtime] append audio: 4268
2025-11-08 05:32:32,477 - DEBUG - [omni realtime] append audio: 4268
2025-11-08 05:32:32,477 - DEBUG - [omni realtime] append audio: 4268
2025-11-08 05:32:32,477 - DEBUG - [omni realtime] append audio: 4268
2025-11-08 05:32:32,478 - DEBUG - [omni realtime] append audio: 4268
2025-11-08 05:32:32,478 - DEBUG - [omni realtime] append audio: 4268
2025-11-08 05:32:32,478 - DEBUG - [omni realtime] append audio: 4268
2025-11-08 05:32:32,478 - DEBUG - [omni realtime] append audio: 4268
2025-11-08 05:32:32,479 - DEBUG - 已发送 230/648 块
2025-11-08 05:32:32,479 - DEBUG - [omni realtime] append audio: 4268
2025-11-08 05:32:32,479 - DEBUG - [omni realtime] append audio: 4268
2025-11-08 05:32:32,480 - DEBUG - [omni realtime] append audio: 4268
2025-11-08 05:32:32,480 - DEBUG - [omni realtime] append audio: 4268
2025-11-08 05:32:32,480 - DEBUG - [omni realtime] append audio: 4268
2025-11-08 05:32:32,481 - DEBUG - [omni realtime] append audio: 4268
2025-11-08 05:32:32,481 - DEBUG - [omni realtime] append audio: 4268
2025-11-08 05:32:32,481 - DEBUG - [omni realtime] append audio: 4268
2025-11-08 05:32:32,481 - DEBUG - [omni realtime] append audio: 4268
2025-11-08 05:32:32,481 - DEBUG - [omni realtime] append audio: 4268
2025-11-08 05:32:32,482 - DEBUG - 已发送 240/648 块
2025-11-08 05:32:32,482 - DEBUG - [omni realtime] append audio: 4268
2025-11-08 05:32:32,482 - DEBUG - [omni realtime] append audio: 4268
2025-11-08 05:32:32,483 - DEBUG - [omni realtime] append audio: 4268
2025-11-08 05:32:32,483 - DEBUG - [omni realtime] append audio: 4268
2025-11-08 05:32:32,483 - DEBUG - [omni realtime] append audio: 4268
2025-11-08 05:32:32,484 - DEBUG - [omni realtime] append audio: 4268
2025-11-08 05:32:32,484 - DEBUG - [omni realtime] append audio: 4268
2025-11-08 05:32:32,484 - DEBUG - [omni realtime] append audio: 4268
2025-11-08 05:32:32,484 - DEBUG - [omni realtime] append audio: 4268
2025-11-08 05:32:32,485 - DEBUG - [omni realtime] append audio: 4268
2025-11-08 05:32:32,485 - DEBUG - 已发送 250/648 块
2025-11-08 05:32:32,485 - DEBUG - [omni realtime] append audio: 4268
2025-11-08 05:32:32,485 - DEBUG - [omni realtime] append audio: 4268
2025-11-08 05:32:32,485 - DEBUG - [omni realtime] append audio: 4268
2025-11-08 05:32:32,486 - DEBUG - [omni realtime] append audio: 4268
2025-11-08 05:32:32,486 - DEBUG - [omni realtime] append audio: 4268
2025-11-08 05:32:32,486 - DEBUG - [omni realtime] append audio: 4268
2025-11-08 05:32:32,486 - DEBUG - [omni realtime] append audio: 4268
2025-11-08 05:32:32,486 - DEBUG - [omni realtime] append audio: 4268
2025-11-08 05:32:32,487 - DEBUG - [omni realtime] append audio: 4268
2025-11-08 05:32:32,487 - DEBUG - [omni realtime] append audio: 4268
2025-11-08 05:32:32,487 - DEBUG - 已发送 260/648 块
2025-11-08 05:32:32,487 - DEBUG - [omni realtime] append audio: 4268
2025-11-08 05:32:32,487 - DEBUG - [omni realtime] append audio: 4268
2025-11-08 05:32:32,488 - DEBUG - [omni realtime] append audio: 4268
2025-11-08 05:32:32,488 - DEBUG - [omni realtime] append audio: 4268
2025-11-08 05:32:32,488 - DEBUG - [omni realtime] append audio: 4268
2025-11-08 05:32:32,488 - DEBUG - [omni realtime] append audio: 4268
2025-11-08 05:32:32,514 - DEBUG - [omni realtime] append audio: 4268
2025-11-08 05:32:32,515 - DEBUG - [omni realtime] append audio: 4268
2025-11-08 05:32:32,515 - DEBUG - [omni realtime] append audio: 4268
2025-11-08 05:32:32,517 - DEBUG - [omni realtime] append audio: 4268
2025-11-08 05:32:32,517 - DEBUG - 已发送 270/648 块
2025-11-08 05:32:32,518 - DEBUG - [omni realtime] append audio: 4268
2025-11-08 05:32:32,518 - DEBUG - [omni realtime] append audio: 4268
2025-11-08 05:32:32,519 - DEBUG - [omni realtime] append audio: 4268
2025-11-08 05:32:32,519 - DEBUG - [omni realtime] append audio: 4268
2025-11-08 05:32:32,519 - DEBUG - [omni realtime] append audio: 4268
2025-11-08 05:32:32,520 - DEBUG - [omni realtime] append audio: 4268
2025-11-08 05:32:32,520 - DEBUG - [omni realtime] append audio: 4268
2025-11-08 05:32:32,520 - DEBUG - [omni realtime] append audio: 4268
2025-11-08 05:32:32,521 - DEBUG - [omni realtime] append audio: 4268
2025-11-08 05:32:32,521 - DEBUG - [omni realtime] append audio: 4268
2025-11-08 05:32:32,521 - DEBUG - 已发送 280/648 块
2025-11-08 05:32:32,522 - DEBUG - [omni realtime] append audio: 4268
2025-11-08 05:32:32,522 - DEBUG - [omni realtime] append audio: 4268
2025-11-08 05:32:32,522 - DEBUG - [omni realtime] append audio: 4268
2025-11-08 05:32:32,523 - DEBUG - [omni realtime] append audio: 4268
2025-11-08 05:32:32,523 - DEBUG - [omni realtime] append audio: 4268
2025-11-08 05:32:32,523 - DEBUG - [omni realtime] append audio: 4268
2025-11-08 05:32:32,524 - DEBUG - [omni realtime] append audio: 4268
2025-11-08 05:32:32,524 - DEBUG - [omni realtime] append audio: 4268
2025-11-08 05:32:32,524 - DEBUG - [omni realtime] append audio: 4268
2025-11-08 05:32:32,525 - DEBUG - [omni realtime] append audio: 4268
2025-11-08 05:32:32,525 - DEBUG - 已发送 290/648 块
2025-11-08 05:32:32,525 - DEBUG - [omni realtime] append audio: 4268
2025-11-08 05:32:32,526 - DEBUG - [omni realtime] append audio: 4268
2025-11-08 05:32:32,526 - DEBUG - [omni realtime] append audio: 4268
2025-11-08 05:32:32,526 - DEBUG - [omni realtime] append audio: 4268
2025-11-08 05:32:32,527 - DEBUG - [omni realtime] append audio: 4268
2025-11-08 05:32:32,527 - DEBUG - [omni realtime] append audio: 4268
2025-11-08 05:32:32,527 - DEBUG - [omni realtime] append audio: 4268
2025-11-08 05:32:32,527 - DEBUG - [omni realtime] append audio: 4268
2025-11-08 05:32:32,528 - DEBUG - [omni realtime] append audio: 4268
2025-11-08 05:32:32,528 - DEBUG - [omni realtime] append audio: 4268
2025-11-08 05:32:32,528 - DEBUG - 已发送 300/648 块
2025-11-08 05:32:32,528 - DEBUG - [omni realtime] append audio: 4268
2025-11-08 05:32:32,529 - DEBUG - [omni realtime] append audio: 4268
2025-11-08 05:32:32,529 - DEBUG - [omni realtime] append audio: 4268
2025-11-08 05:32:32,529 - DEBUG - [omni realtime] append audio: 4268
2025-11-08 05:32:32,530 - DEBUG - [omni realtime] append audio: 4268
2025-11-08 05:32:32,530 - DEBUG - [omni realtime] append audio: 4268
2025-11-08 05:32:32,530 - DEBUG - [omni realtime] append audio: 4268
2025-11-08 05:32:32,531 - DEBUG - [omni realtime] append audio: 4268
2025-11-08 05:32:32,531 - DEBUG - [omni realtime] append audio: 4268
2025-11-08 05:32:32,532 - DEBUG - [omni realtime] append audio: 4268
2025-11-08 05:32:32,532 - DEBUG - 已发送 310/648 块
2025-11-08 05:32:32,532 - DEBUG - [omni realtime] append audio: 4268
2025-11-08 05:32:32,533 - DEBUG - [omni realtime] append audio: 4268
2025-11-08 05:32:32,533 - DEBUG - [omni realtime] append audio: 4268
2025-11-08 05:32:32,533 - DEBUG - [omni realtime] append audio: 4268
2025-11-08 05:32:32,534 - DEBUG - [omni realtime] append audio: 4268
2025-11-08 05:32:32,534 - DEBUG - [omni realtime] append audio: 4268
2025-11-08 05:32:32,534 - DEBUG - [omni realtime] append audio: 4268
2025-11-08 05:32:32,535 - DEBUG - [omni realtime] append audio: 4268
2025-11-08 05:32:32,535 - DEBUG - [omni realtime] append audio: 4268
2025-11-08 05:32:32,535 - DEBUG - [omni realtime] append audio: 4268
2025-11-08 05:32:32,535 - DEBUG - 已发送 320/648 块
2025-11-08 05:32:32,535 - DEBUG - [omni realtime] append audio: 4268
2025-11-08 05:32:32,536 - DEBUG - [omni realtime] append audio: 4268
2025-11-08 05:32:32,536 - DEBUG - [omni realtime] append audio: 4268
2025-11-08 05:32:32,536 - DEBUG - [omni realtime] append audio: 4268
2025-11-08 05:32:32,536 - DEBUG - [omni realtime] append audio: 4268
2025-11-08 05:32:32,536 - DEBUG - [omni realtime] append audio: 4268
2025-11-08 05:32:32,537 - DEBUG - [omni realtime] append audio: 4268
2025-11-08 05:32:32,537 - DEBUG - [omni realtime] append audio: 4268
2025-11-08 05:32:32,537 - DEBUG - [omni realtime] append audio: 4268
2025-11-08 05:32:32,537 - DEBUG - [omni realtime] append audio: 4268
2025-11-08 05:32:32,538 - DEBUG - 已发送 330/648 块
2025-11-08 05:32:32,538 - DEBUG - [omni realtime] append audio: 4268
2025-11-08 05:32:32,538 - DEBUG - [omni realtime] append audio: 4268
2025-11-08 05:32:32,538 - DEBUG - [omni realtime] append audio: 4268
2025-11-08 05:32:32,538 - DEBUG - [omni realtime] append audio: 4268
2025-11-08 05:32:32,539 - DEBUG - [omni realtime] append audio: 4268
2025-11-08 05:32:32,539 - DEBUG - [omni realtime] append audio: 4268
2025-11-08 05:32:32,539 - DEBUG - [omni realtime] append audio: 4268
2025-11-08 05:32:32,539 - DEBUG - [omni realtime] append audio: 4268
2025-11-08 05:32:32,539 - DEBUG - [omni realtime] append audio: 4268
2025-11-08 05:32:32,540 - DEBUG - [omni realtime] append audio: 4268
2025-11-08 05:32:32,540 - DEBUG - 已发送 340/648 块
2025-11-08 05:32:32,540 - DEBUG - [omni realtime] append audio: 4268
2025-11-08 05:32:32,541 - DEBUG - [omni realtime] append audio: 4268
2025-11-08 05:32:32,541 - DEBUG - [omni realtime] append audio: 4268
2025-11-08 05:32:32,541 - DEBUG - [omni realtime] append audio: 4268
2025-11-08 05:32:32,541 - DEBUG - [omni realtime] append audio: 4268
2025-11-08 05:32:32,542 - DEBUG - [omni realtime] append audio: 4268
2025-11-08 05:32:32,542 - DEBUG - [omni realtime] append audio: 4268
2025-11-08 05:32:32,542 - DEBUG - [omni realtime] append audio: 4268
2025-11-08 05:32:32,542 - DEBUG - [omni realtime] append audio: 4268
2025-11-08 05:32:32,543 - DEBUG - [omni realtime] append audio: 4268
2025-11-08 05:32:32,543 - DEBUG - 已发送 350/648 块
2025-11-08 05:32:32,543 - DEBUG - [omni realtime] append audio: 4268
2025-11-08 05:32:32,543 - DEBUG - [omni realtime] append audio: 4268
2025-11-08 05:32:32,544 - DEBUG - [omni realtime] append audio: 4268
2025-11-08 05:32:32,544 - DEBUG - [omni realtime] append audio: 4268
2025-11-08 05:32:32,544 - DEBUG - [omni realtime] append audio: 4268
2025-11-08 05:32:32,545 - DEBUG - [omni realtime] append audio: 4268
2025-11-08 05:32:32,545 - DEBUG - [omni realtime] append audio: 4268
2025-11-08 05:32:32,545 - DEBUG - [omni realtime] append audio: 4268
2025-11-08 05:32:32,546 - DEBUG - [omni realtime] append audio: 4268
2025-11-08 05:32:32,546 - DEBUG - [omni realtime] append audio: 4268
2025-11-08 05:32:32,547 - DEBUG - 已发送 360/648 块
2025-11-08 05:32:32,547 - DEBUG - [omni realtime] append audio: 4268
2025-11-08 05:32:32,547 - DEBUG - [omni realtime] append audio: 4268
2025-11-08 05:32:32,548 - DEBUG - [omni realtime] append audio: 4268
2025-11-08 05:32:32,548 - DEBUG - [omni realtime] append audio: 4268
2025-11-08 05:32:32,548 - DEBUG - [omni realtime] append audio: 4268
2025-11-08 05:32:32,549 - DEBUG - [omni realtime] append audio: 4268
2025-11-08 05:32:32,549 - DEBUG - [omni realtime] append audio: 4268
2025-11-08 05:32:32,550 - DEBUG - [omni realtime] append audio: 4268
2025-11-08 05:32:32,550 - DEBUG - [omni realtime] append audio: 4268
2025-11-08 05:32:32,550 - DEBUG - [omni realtime] append audio: 4268
2025-11-08 05:32:32,550 - DEBUG - 已发送 370/648 块
2025-11-08 05:32:32,550 - DEBUG - [omni realtime] append audio: 4268
2025-11-08 05:32:32,551 - DEBUG - [omni realtime] append audio: 4268
2025-11-08 05:32:32,551 - DEBUG - [omni realtime] append audio: 4268
2025-11-08 05:32:32,552 - DEBUG - [omni realtime] append audio: 4268
2025-11-08 05:32:32,552 - DEBUG - [omni realtime] append audio: 4268
2025-11-08 05:32:32,552 - DEBUG - [omni realtime] append audio: 4268
2025-11-08 05:32:32,552 - DEBUG - [omni realtime] append audio: 4268
2025-11-08 05:32:32,553 - DEBUG - [omni realtime] append audio: 4268
2025-11-08 05:32:32,553 - DEBUG - [omni realtime] append audio: 4268
2025-11-08 05:32:32,553 - DEBUG - [omni realtime] append audio: 4268
2025-11-08 05:32:32,553 - DEBUG - 已发送 380/648 块
2025-11-08 05:32:32,554 - DEBUG - [omni realtime] append audio: 4268
2025-11-08 05:32:32,554 - DEBUG - [omni realtime] append audio: 4268
2025-11-08 05:32:32,554 - DEBUG - [omni realtime] append audio: 4268
2025-11-08 05:32:32,554 - DEBUG - [omni realtime] append audio: 4268
2025-11-08 05:32:32,555 - DEBUG - [omni realtime] append audio: 4268
2025-11-08 05:32:32,555 - DEBUG - [omni realtime] append audio: 4268
2025-11-08 05:32:32,555 - DEBUG - [omni realtime] append audio: 4268
2025-11-08 05:32:32,555 - DEBUG - [omni realtime] append audio: 4268
2025-11-08 05:32:32,556 - DEBUG - [omni realtime] append audio: 4268
2025-11-08 05:32:32,556 - DEBUG - [omni realtime] append audio: 4268
2025-11-08 05:32:32,556 - DEBUG - 已发送 390/648 块
2025-11-08 05:32:32,556 - DEBUG - [omni realtime] append audio: 4268
2025-11-08 05:32:32,556 - DEBUG - [omni realtime] append audio: 4268
2025-11-08 05:32:32,557 - DEBUG - [omni realtime] append audio: 4268
2025-11-08 05:32:32,557 - DEBUG - [omni realtime] append audio: 4268
2025-11-08 05:32:32,557 - DEBUG - [omni realtime] append audio: 4268
2025-11-08 05:32:32,557 - DEBUG - [omni realtime] append audio: 4268
2025-11-08 05:32:32,557 - DEBUG - [omni realtime] append audio: 4268
2025-11-08 05:32:32,557 - DEBUG - [omni realtime] append audio: 4268
2025-11-08 05:32:32,558 - DEBUG - [omni realtime] append audio: 4268
2025-11-08 05:32:32,558 - DEBUG - [omni realtime] append audio: 4268
2025-11-08 05:32:32,558 - DEBUG - 已发送 400/648 块
2025-11-08 05:32:32,558 - DEBUG - [omni realtime] append audio: 4268
2025-11-08 05:32:32,559 - DEBUG - [omni realtime] append audio: 4268
2025-11-08 05:32:32,559 - DEBUG - [omni realtime] append audio: 4268
2025-11-08 05:32:32,559 - DEBUG - [omni realtime] append audio: 4268
2025-11-08 05:32:32,559 - DEBUG - [omni realtime] append audio: 4268
2025-11-08 05:32:32,560 - DEBUG - [omni realtime] append audio: 4268
2025-11-08 05:32:32,560 - DEBUG - [omni realtime] append audio: 4268
2025-11-08 05:32:32,560 - DEBUG - [omni realtime] append audio: 4268
2025-11-08 05:32:32,561 - DEBUG - [omni realtime] append audio: 4268
2025-11-08 05:32:32,561 - DEBUG - [omni realtime] append audio: 4268
2025-11-08 05:32:32,561 - DEBUG - 已发送 410/648 块
2025-11-08 05:32:32,561 - DEBUG - [omni realtime] append audio: 4268
2025-11-08 05:32:32,562 - DEBUG - [omni realtime] append audio: 4268
2025-11-08 05:32:32,562 - DEBUG - [omni realtime] append audio: 4268
2025-11-08 05:32:32,562 - DEBUG - [omni realtime] append audio: 4268
2025-11-08 05:32:32,562 - DEBUG - [omni realtime] append audio: 4268
2025-11-08 05:32:32,563 - DEBUG - [omni realtime] append audio: 4268
2025-11-08 05:32:32,563 - DEBUG - [omni realtime] append audio: 4268
2025-11-08 05:32:32,563 - DEBUG - [omni realtime] append audio: 4268
2025-11-08 05:32:32,564 - DEBUG - [omni realtime] append audio: 4268
2025-11-08 05:32:32,564 - DEBUG - [omni realtime] append audio: 4268
2025-11-08 05:32:32,564 - DEBUG - 已发送 420/648 块
2025-11-08 05:32:32,565 - DEBUG - [omni realtime] append audio: 4268
2025-11-08 05:32:32,565 - DEBUG - [omni realtime] append audio: 4268
2025-11-08 05:32:32,565 - DEBUG - [omni realtime] append audio: 4268
2025-11-08 05:32:32,565 - DEBUG - [omni realtime] append audio: 4268
2025-11-08 05:32:32,566 - DEBUG - [omni realtime] append audio: 4268
2025-11-08 05:32:32,566 - DEBUG - [omni realtime] append audio: 4268
2025-11-08 05:32:32,567 - DEBUG - [omni realtime] append audio: 4268
2025-11-08 05:32:32,567 - DEBUG - [omni realtime] append audio: 4268
2025-11-08 05:32:32,567 - DEBUG - [omni realtime] append audio: 4268
2025-11-08 05:32:32,567 - DEBUG - [omni realtime] append audio: 4268
2025-11-08 05:32:32,568 - DEBUG - 已发送 430/648 块
2025-11-08 05:32:32,568 - DEBUG - [omni realtime] append audio: 4268
2025-11-08 05:32:32,568 - DEBUG - [omni realtime] append audio: 4268
2025-11-08 05:32:32,568 - DEBUG - [omni realtime] append audio: 4268
2025-11-08 05:32:32,568 - DEBUG - [omni realtime] append audio: 4268
2025-11-08 05:32:32,569 - DEBUG - [omni realtime] append audio: 4268
2025-11-08 05:32:32,569 - DEBUG - [omni realtime] append audio: 4268
2025-11-08 05:32:32,569 - DEBUG - [omni realtime] append audio: 4268
2025-11-08 05:32:32,569 - DEBUG - [omni realtime] append audio: 4268
2025-11-08 05:32:32,569 - DEBUG - [omni realtime] append audio: 4268
2025-11-08 05:32:32,570 - DEBUG - [omni realtime] append audio: 4268
2025-11-08 05:32:32,570 - DEBUG - 已发送 440/648 块
2025-11-08 05:32:32,570 - DEBUG - [omni realtime] append audio: 4268
2025-11-08 05:32:32,570 - DEBUG - [omni realtime] append audio: 4268
2025-11-08 05:32:32,571 - DEBUG - [omni realtime] append audio: 4268
2025-11-08 05:32:32,571 - DEBUG - [omni realtime] append audio: 4268
2025-11-08 05:32:32,571 - DEBUG - [omni realtime] append audio: 4268
2025-11-08 05:32:32,571 - DEBUG - [omni realtime] append audio: 4268
2025-11-08 05:32:32,607 - DEBUG - [omni realtime] append audio: 4268
2025-11-08 05:32:32,639 - DEBUG - [omni realtime] receive string {"event_id":"event_UKI6BWt91Pj11RYr1aoQj","type":"input_audio_buffer.speech_started","audio_start_ms":231,"item_id":"item_PZWpXpkbv9k5ebdQj5PJE"}
2025-11-08 05:32:32,639 - DEBUG - [omni realtime] append audio: 4268
2025-11-08 05:32:32,639 - INFO - --------------------------------------------------------------------------------
2025-11-08 05:32:32,640 - DEBUG - [omni realtime] append audio: 4268
2025-11-08 05:32:32,640 - INFO - 事件类型: input_audio_buffer.speech_started
2025-11-08 05:32:32,640 - DEBUG - [omni realtime] append audio: 4268
2025-11-08 05:32:32,640 - INFO - 完整事件数据:
2025-11-08 05:32:32,641 - DEBUG - 已发送 450/648 块
2025-11-08 05:32:32,641 - INFO -     event_id: event_UKI6BWt91Pj11RYr1aoQj
2025-11-08 05:32:32,641 - DEBUG - [omni realtime] append audio: 4268
2025-11-08 05:32:32,641 - INFO -     type: input_audio_buffer.speech_started
2025-11-08 05:32:32,642 - DEBUG - [omni realtime] append audio: 4268
2025-11-08 05:32:32,642 - INFO -     audio_start_ms: 231
2025-11-08 05:32:32,642 - DEBUG - [omni realtime] append audio: 4268
2025-11-08 05:32:32,642 - INFO -     item_id: item_PZWpXpkbv9k5ebdQj5PJE
2025-11-08 05:32:32,643 - DEBUG - [omni realtime] append audio: 4268
2025-11-08 05:32:32,643 - INFO - --------------------------------------------------------------------------------
2025-11-08 05:32:32,643 - DEBUG - [omni realtime] append audio: 4268
2025-11-08 05:32:32,643 - DEBUG - [omni realtime] receive string {"event_id":"event_Hnyd1AuiPYRpuxZ6Hyo51","type":"input_audio_buffer.speech_stopped","audio_end_ms":237,"item_id":"item_PZWpXpkbv9k5ebdQj5PJE"}
2025-11-08 05:32:32,643 - DEBUG - [omni realtime] append audio: 4268
2025-11-08 05:32:32,643 - INFO - --------------------------------------------------------------------------------
2025-11-08 05:32:32,644 - DEBUG - [omni realtime] append audio: 4268
2025-11-08 05:32:32,644 - INFO - 事件类型: input_audio_buffer.speech_stopped
2025-11-08 05:32:32,644 - DEBUG - [omni realtime] append audio: 4268
2025-11-08 05:32:32,644 - INFO - 完整事件数据:
2025-11-08 05:32:32,644 - DEBUG - [omni realtime] append audio: 4268
2025-11-08 05:32:32,645 - INFO -     event_id: event_Hnyd1AuiPYRpuxZ6Hyo51
2025-11-08 05:32:32,645 - DEBUG - [omni realtime] append audio: 4268
2025-11-08 05:32:32,645 - INFO -     type: input_audio_buffer.speech_stopped
2025-11-08 05:32:32,645 - DEBUG - 已发送 460/648 块
2025-11-08 05:32:32,645 - INFO -     audio_end_ms: 237
2025-11-08 05:32:32,646 - DEBUG - [omni realtime] append audio: 4268
2025-11-08 05:32:32,646 - INFO -     item_id: item_PZWpXpkbv9k5ebdQj5PJE
2025-11-08 05:32:32,647 - INFO - --------------------------------------------------------------------------------
2025-11-08 05:32:32,647 - DEBUG - [omni realtime] append audio: 4268
2025-11-08 05:32:32,647 - DEBUG - [omni realtime] receive string {"event_id":"event_K7FqzhxdnVsnXZDJQRbLk","type":"input_audio_buffer.committed","item_id":"item_PZWpXpkbv9k5ebdQj5PJE"}
2025-11-08 05:32:32,648 - DEBUG - [omni realtime] append audio: 4268
2025-11-08 05:32:32,648 - INFO - --------------------------------------------------------------------------------
2025-11-08 05:32:32,648 - INFO - 事件类型: input_audio_buffer.committed
2025-11-08 05:32:32,648 - DEBUG - [omni realtime] append audio: 4268
2025-11-08 05:32:32,648 - INFO - 完整事件数据:
2025-11-08 05:32:32,649 - DEBUG - [omni realtime] append audio: 4268
2025-11-08 05:32:32,649 - INFO -     event_id: event_K7FqzhxdnVsnXZDJQRbLk
2025-11-08 05:32:32,649 - DEBUG - [omni realtime] append audio: 4268
2025-11-08 05:32:32,649 - INFO -     type: input_audio_buffer.committed
2025-11-08 05:32:32,649 - DEBUG - [omni realtime] append audio: 4268
2025-11-08 05:32:32,649 - INFO -     item_id: item_PZWpXpkbv9k5ebdQj5PJE
2025-11-08 05:32:32,650 - INFO - --------------------------------------------------------------------------------
2025-11-08 05:32:32,650 - DEBUG - [omni realtime] append audio: 4268
2025-11-08 05:32:32,650 - DEBUG - [omni realtime] receive string {"event_id":"event_G6ptJiuCq7jmpZlhTjKh9","type":"conversation.item.created","item":{"id":"item_PZWpXpkbv9k5ebdQj5PJE","object":"realtime.item","type":"message","status":"in_progress","role":"assistant","content":[{"type":"input_audio"}]}}
2025-11-08 05:32:32,650 - DEBUG - [omni realtime] append audio: 4268
2025-11-08 05:32:32,650 - INFO - --------------------------------------------------------------------------------
2025-11-08 05:32:32,651 - DEBUG - [omni realtime] append audio: 4268
2025-11-08 05:32:32,651 - INFO - 事件类型: conversation.item.created
2025-11-08 05:32:32,651 - DEBUG - 已发送 470/648 块
2025-11-08 05:32:32,651 - INFO - 完整事件数据:
2025-11-08 05:32:32,651 - DEBUG - [omni realtime] append audio: 4268
2025-11-08 05:32:32,651 - INFO -     event_id: event_G6ptJiuCq7jmpZlhTjKh9
2025-11-08 05:32:32,652 - DEBUG - [omni realtime] append audio: 4268
2025-11-08 05:32:32,652 - INFO -     type: conversation.item.created
2025-11-08 05:32:32,652 - DEBUG - [omni realtime] append audio: 4268
2025-11-08 05:32:32,652 - INFO -     item:
2025-11-08 05:32:32,652 - DEBUG - [omni realtime] append audio: 4268
2025-11-08 05:32:32,653 - INFO -       id: item_PZWpXpkbv9k5ebdQj5PJE
2025-11-08 05:32:32,653 - DEBUG - [omni realtime] append audio: 4268
2025-11-08 05:32:32,653 - INFO -       object: realtime.item
2025-11-08 05:32:32,653 - DEBUG - [omni realtime] append audio: 4268
2025-11-08 05:32:32,653 - INFO -       type: message
2025-11-08 05:32:32,654 - DEBUG - [omni realtime] append audio: 4268
2025-11-08 05:32:32,654 - INFO -       status: in_progress
2025-11-08 05:32:32,654 - DEBUG - [omni realtime] append audio: 4268
2025-11-08 05:32:32,654 - INFO -       role: assistant
2025-11-08 05:32:32,655 - DEBUG - [omni realtime] append audio: 4268
2025-11-08 05:32:32,655 - INFO -       content:
2025-11-08 05:32:32,655 - DEBUG - [omni realtime] append audio: 4268
2025-11-08 05:32:32,655 - INFO -         [0]:
2025-11-08 05:32:32,655 - DEBUG - 已发送 480/648 块
2025-11-08 05:32:32,656 - INFO -           type: input_audio
2025-11-08 05:32:32,656 - DEBUG - [omni realtime] append audio: 4268
2025-11-08 05:32:32,656 - INFO - --------------------------------------------------------------------------------
2025-11-08 05:32:32,656 - DEBUG - [omni realtime] append audio: 4268
2025-11-08 05:32:32,656 - DEBUG - [omni realtime] receive string {"event_id":"event_W16I4Es1wPmPItoYy9Ymj","type":"conversation.item.input_audio_transcription.completed","item_id":"item_PZWpXpkbv9k5ebdQj5PJE","content_index":0,"transcript":"レースタイプ。"}
2025-11-08 05:32:32,657 - DEBUG - [omni realtime] append audio: 4268
2025-11-08 05:32:32,657 - INFO - --------------------------------------------------------------------------------
2025-11-08 05:32:32,657 - INFO - 事件类型: conversation.item.input_audio_transcription.completed
2025-11-08 05:32:32,657 - DEBUG - [omni realtime] append audio: 4268
2025-11-08 05:32:32,657 - INFO - 完整事件数据:
2025-11-08 05:32:32,657 - DEBUG - [omni realtime] append audio: 4268
2025-11-08 05:32:32,658 - INFO -     event_id: event_W16I4Es1wPmPItoYy9Ymj
2025-11-08 05:32:32,658 - INFO -     type: conversation.item.input_audio_transcription.completed
2025-11-08 05:32:32,658 - DEBUG - [omni realtime] append audio: 4268
2025-11-08 05:32:32,658 - INFO -     item_id: item_PZWpXpkbv9k5ebdQj5PJE
2025-11-08 05:32:32,658 - INFO -     content_index: 0
2025-11-08 05:32:32,658 - DEBUG - [omni realtime] append audio: 4268
2025-11-08 05:32:32,658 - INFO -     transcript: レースタイプ。
2025-11-08 05:32:32,659 - DEBUG - [omni realtime] append audio: 4268
2025-11-08 05:32:32,659 - INFO - --------------------------------------------------------------------------------
2025-11-08 05:32:32,659 - DEBUG - [omni realtime] append audio: 4268
2025-11-08 05:32:32,659 - DEBUG - [omni realtime] append audio: 4268
2025-11-08 05:32:32,659 - DEBUG - 已发送 490/648 块
2025-11-08 05:32:32,660 - DEBUG - [omni realtime] append audio: 4268
2025-11-08 05:32:32,660 - DEBUG - [omni realtime] append audio: 4268
2025-11-08 05:32:32,660 - DEBUG - [omni realtime] append audio: 4268
2025-11-08 05:32:32,661 - DEBUG - [omni realtime] append audio: 4268
2025-11-08 05:32:32,661 - DEBUG - [omni realtime] append audio: 4268
2025-11-08 05:32:32,661 - DEBUG - [omni realtime] append audio: 4268
2025-11-08 05:32:32,661 - DEBUG - [omni realtime] append audio: 4268
2025-11-08 05:32:32,662 - DEBUG - [omni realtime] append audio: 4268
2025-11-08 05:32:32,662 - DEBUG - [omni realtime] append audio: 4268
2025-11-08 05:32:32,662 - DEBUG - [omni realtime] append audio: 4268
2025-11-08 05:32:32,662 - DEBUG - 已发送 500/648 块
2025-11-08 05:32:32,663 - DEBUG - [omni realtime] append audio: 4268
2025-11-08 05:32:32,663 - DEBUG - [omni realtime] append audio: 4268
2025-11-08 05:32:32,664 - DEBUG - [omni realtime] append audio: 4268
2025-11-08 05:32:32,664 - DEBUG - [omni realtime] append audio: 4268
2025-11-08 05:32:32,664 - DEBUG - [omni realtime] append audio: 4268
2025-11-08 05:32:32,664 - DEBUG - [omni realtime] append audio: 4268
2025-11-08 05:32:32,665 - DEBUG - [omni realtime] append audio: 4268
2025-11-08 05:32:32,665 - DEBUG - [omni realtime] append audio: 4268
2025-11-08 05:32:32,665 - DEBUG - [omni realtime] append audio: 4268
2025-11-08 05:32:32,666 - DEBUG - [omni realtime] append audio: 4268
2025-11-08 05:32:32,666 - DEBUG - 已发送 510/648 块
2025-11-08 05:32:32,666 - DEBUG - [omni realtime] append audio: 4268
2025-11-08 05:32:32,666 - DEBUG - [omni realtime] append audio: 4268
2025-11-08 05:32:32,667 - DEBUG - [omni realtime] append audio: 4268
2025-11-08 05:32:32,667 - DEBUG - [omni realtime] append audio: 4268
2025-11-08 05:32:32,667 - DEBUG - [omni realtime] append audio: 4268
2025-11-08 05:32:32,667 - DEBUG - [omni realtime] append audio: 4268
2025-11-08 05:32:32,668 - DEBUG - [omni realtime] append audio: 4268
2025-11-08 05:32:32,668 - DEBUG - [omni realtime] append audio: 4268
2025-11-08 05:32:32,668 - DEBUG - [omni realtime] append audio: 4268
2025-11-08 05:32:32,669 - DEBUG - [omni realtime] append audio: 4268
2025-11-08 05:32:32,669 - DEBUG - 已发送 520/648 块
2025-11-08 05:32:32,670 - DEBUG - [omni realtime] append audio: 4268
2025-11-08 05:32:32,670 - DEBUG - [omni realtime] append audio: 4268
2025-11-08 05:32:32,670 - DEBUG - [omni realtime] append audio: 4268
2025-11-08 05:32:32,670 - DEBUG - [omni realtime] append audio: 4268
2025-11-08 05:32:32,671 - DEBUG - [omni realtime] append audio: 4268
2025-11-08 05:32:32,671 - DEBUG - [omni realtime] append audio: 4268
2025-11-08 05:32:32,671 - DEBUG - [omni realtime] append audio: 4268
2025-11-08 05:32:32,671 - DEBUG - [omni realtime] append audio: 4268
2025-11-08 05:32:32,672 - DEBUG - [omni realtime] append audio: 4268
2025-11-08 05:32:32,672 - DEBUG - [omni realtime] append audio: 4268
2025-11-08 05:32:32,672 - DEBUG - 已发送 530/648 块
2025-11-08 05:32:32,672 - DEBUG - [omni realtime] append audio: 4268
2025-11-08 05:32:32,673 - DEBUG - [omni realtime] append audio: 4268
2025-11-08 05:32:32,673 - DEBUG - [omni realtime] append audio: 4268
2025-11-08 05:32:32,673 - DEBUG - [omni realtime] append audio: 4268
2025-11-08 05:32:32,673 - DEBUG - [omni realtime] append audio: 4268
2025-11-08 05:32:32,674 - DEBUG - [omni realtime] append audio: 4268
2025-11-08 05:32:32,674 - DEBUG - [omni realtime] append audio: 4268
2025-11-08 05:32:32,674 - DEBUG - [omni realtime] append audio: 4268
2025-11-08 05:32:32,674 - DEBUG - [omni realtime] append audio: 4268
2025-11-08 05:32:32,675 - DEBUG - [omni realtime] append audio: 4268
2025-11-08 05:32:32,675 - DEBUG - 已发送 540/648 块
2025-11-08 05:32:32,675 - DEBUG - [omni realtime] append audio: 4268
2025-11-08 05:32:32,675 - DEBUG - [omni realtime] append audio: 4268
2025-11-08 05:32:32,676 - DEBUG - [omni realtime] append audio: 4268
2025-11-08 05:32:32,676 - DEBUG - [omni realtime] append audio: 4268
2025-11-08 05:32:32,676 - DEBUG - [omni realtime] append audio: 4268
2025-11-08 05:32:32,676 - DEBUG - [omni realtime] append audio: 4268
2025-11-08 05:32:32,676 - DEBUG - [omni realtime] append audio: 4268
2025-11-08 05:32:32,677 - DEBUG - [omni realtime] append audio: 4268
2025-11-08 05:32:32,677 - DEBUG - [omni realtime] append audio: 4268
2025-11-08 05:32:32,677 - DEBUG - [omni realtime] append audio: 4268
2025-11-08 05:32:32,677 - DEBUG - 已发送 550/648 块
2025-11-08 05:32:32,677 - DEBUG - [omni realtime] append audio: 4268
2025-11-08 05:32:32,678 - DEBUG - [omni realtime] append audio: 4268
2025-11-08 05:32:32,678 - DEBUG - [omni realtime] append audio: 4268
2025-11-08 05:32:32,678 - DEBUG - [omni realtime] append audio: 4268
2025-11-08 05:32:32,678 - DEBUG - [omni realtime] append audio: 4268
2025-11-08 05:32:32,679 - DEBUG - [omni realtime] append audio: 4268
2025-11-08 05:32:32,679 - DEBUG - [omni realtime] append audio: 4268
2025-11-08 05:32:32,679 - DEBUG - [omni realtime] append audio: 4268
2025-11-08 05:32:32,679 - DEBUG - [omni realtime] append audio: 4268
2025-11-08 05:32:32,680 - DEBUG - [omni realtime] append audio: 4268
2025-11-08 05:32:32,680 - DEBUG - 已发送 560/648 块
2025-11-08 05:32:32,681 - DEBUG - [omni realtime] append audio: 4268
2025-11-08 05:32:32,681 - DEBUG - [omni realtime] append audio: 4268
2025-11-08 05:32:32,681 - DEBUG - [omni realtime] append audio: 4268
2025-11-08 05:32:32,682 - DEBUG - [omni realtime] append audio: 4268
2025-11-08 05:32:32,682 - DEBUG - [omni realtime] append audio: 4268
2025-11-08 05:32:32,682 - DEBUG - [omni realtime] append audio: 4268
2025-11-08 05:32:32,683 - DEBUG - [omni realtime] append audio: 4268
2025-11-08 05:32:32,683 - DEBUG - [omni realtime] append audio: 4268
2025-11-08 05:32:32,683 - DEBUG - [omni realtime] append audio: 4268
2025-11-08 05:32:32,684 - DEBUG - [omni realtime] append audio: 4268
2025-11-08 05:32:32,684 - DEBUG - 已发送 570/648 块
2025-11-08 05:32:32,684 - DEBUG - [omni realtime] append audio: 4268
2025-11-08 05:32:32,684 - DEBUG - [omni realtime] append audio: 4268
2025-11-08 05:32:32,685 - DEBUG - [omni realtime] append audio: 4268
2025-11-08 05:32:32,685 - DEBUG - [omni realtime] append audio: 4268
2025-11-08 05:32:32,685 - DEBUG - [omni realtime] append audio: 4268
2025-11-08 05:32:32,685 - DEBUG - [omni realtime] append audio: 4268
2025-11-08 05:32:32,686 - DEBUG - [omni realtime] append audio: 4268
2025-11-08 05:32:32,686 - DEBUG - [omni realtime] append audio: 4268
2025-11-08 05:32:32,686 - DEBUG - [omni realtime] append audio: 4268
2025-11-08 05:32:32,687 - DEBUG - [omni realtime] append audio: 4268
2025-11-08 05:32:32,687 - DEBUG - 已发送 580/648 块
2025-11-08 05:32:32,687 - DEBUG - [omni realtime] append audio: 4268
2025-11-08 05:32:32,687 - DEBUG - [omni realtime] append audio: 4268
2025-11-08 05:32:32,688 - DEBUG - [omni realtime] append audio: 4268
2025-11-08 05:32:32,688 - DEBUG - [omni realtime] append audio: 4268
2025-11-08 05:32:32,688 - DEBUG - [omni realtime] append audio: 4268
2025-11-08 05:32:32,689 - DEBUG - [omni realtime] append audio: 4268
2025-11-08 05:32:32,689 - DEBUG - [omni realtime] append audio: 4268
2025-11-08 05:32:32,689 - DEBUG - [omni realtime] append audio: 4268
2025-11-08 05:32:32,690 - DEBUG - [omni realtime] append audio: 4268
2025-11-08 05:32:32,690 - DEBUG - [omni realtime] append audio: 4268
2025-11-08 05:32:32,690 - DEBUG - 已发送 590/648 块
2025-11-08 05:32:32,690 - DEBUG - [omni realtime] append audio: 4268
2025-11-08 05:32:32,691 - DEBUG - [omni realtime] append audio: 4268
2025-11-08 05:32:32,691 - DEBUG - [omni realtime] append audio: 4268
2025-11-08 05:32:32,691 - DEBUG - [omni realtime] append audio: 4268
2025-11-08 05:32:32,691 - DEBUG - [omni realtime] append audio: 4268
2025-11-08 05:32:32,692 - DEBUG - [omni realtime] append audio: 4268
2025-11-08 05:32:32,692 - DEBUG - [omni realtime] append audio: 4268
2025-11-08 05:32:32,692 - DEBUG - [omni realtime] append audio: 4268
2025-11-08 05:32:32,693 - DEBUG - [omni realtime] append audio: 4268
2025-11-08 05:32:32,693 - DEBUG - [omni realtime] append audio: 4268
2025-11-08 05:32:32,693 - DEBUG - 已发送 600/648 块
2025-11-08 05:32:32,693 - DEBUG - [omni realtime] append audio: 4268
2025-11-08 05:32:32,694 - DEBUG - [omni realtime] append audio: 4268
2025-11-08 05:32:32,694 - DEBUG - [omni realtime] append audio: 4268
2025-11-08 05:32:32,694 - DEBUG - [omni realtime] append audio: 4268
2025-11-08 05:32:32,695 - DEBUG - [omni realtime] append audio: 4268
2025-11-08 05:32:32,695 - DEBUG - [omni realtime] append audio: 4268
2025-11-08 05:32:32,695 - DEBUG - [omni realtime] append audio: 4268
2025-11-08 05:32:32,696 - DEBUG - [omni realtime] append audio: 4268
2025-11-08 05:32:32,696 - DEBUG - [omni realtime] append audio: 4268
2025-11-08 05:32:32,697 - DEBUG - [omni realtime] append audio: 4268
2025-11-08 05:32:32,697 - DEBUG - 已发送 610/648 块
2025-11-08 05:32:32,697 - DEBUG - [omni realtime] append audio: 4268
2025-11-08 05:32:32,698 - DEBUG - [omni realtime] append audio: 4268
2025-11-08 05:32:32,698 - DEBUG - [omni realtime] append audio: 4268
2025-11-08 05:32:32,698 - DEBUG - [omni realtime] append audio: 4268
2025-11-08 05:32:32,699 - DEBUG - [omni realtime] append audio: 4268
2025-11-08 05:32:32,699 - DEBUG - [omni realtime] append audio: 4268
2025-11-08 05:32:32,699 - DEBUG - [omni realtime] append audio: 4268
2025-11-08 05:32:32,699 - DEBUG - [omni realtime] receive string {"event_id":"event_U84N1cZnX56DduyBNf6uW","type":"input_audio_buffer.speech_started","audio_start_ms":322,"item_id":"item_OdixpuLstMqSG2x9sRUl6"}
2025-11-08 05:32:32,700 - INFO - --------------------------------------------------------------------------------
2025-11-08 05:32:32,700 - DEBUG - [omni realtime] append audio: 4268
2025-11-08 05:32:32,700 - INFO - 事件类型: input_audio_buffer.speech_started
2025-11-08 05:32:32,701 - DEBUG - [omni realtime] append audio: 4268
2025-11-08 05:32:32,701 - INFO - 完整事件数据:
2025-11-08 05:32:32,701 - DEBUG - [omni realtime] append audio: 4268
2025-11-08 05:32:32,701 - INFO -     event_id: event_U84N1cZnX56DduyBNf6uW
2025-11-08 05:32:32,701 - DEBUG - 已发送 620/648 块
2025-11-08 05:32:32,702 - INFO -     type: input_audio_buffer.speech_started
2025-11-08 05:32:32,702 - DEBUG - [omni realtime] append audio: 4268
2025-11-08 05:32:32,702 - INFO -     audio_start_ms: 322
2025-11-08 05:32:32,702 - DEBUG - [omni realtime] append audio: 4268
2025-11-08 05:32:32,702 - INFO -     item_id: item_OdixpuLstMqSG2x9sRUl6
2025-11-08 05:32:32,703 - INFO - --------------------------------------------------------------------------------
2025-11-08 05:32:32,703 - DEBUG - [omni realtime] append audio: 4268
2025-11-08 05:32:32,703 - DEBUG - [omni realtime] receive string {"text":"","event_id":"event_FWpErErLiVjX5oThGaA9W","type":"response.text.done","item_id":"item_OdixpuLstMqSG2x9sRUl6","output_index":0,"content_index":0}
2025-11-08 05:32:32,703 - DEBUG - [omni realtime] append audio: 4268
2025-11-08 05:32:32,703 - INFO - --------------------------------------------------------------------------------
2025-11-08 05:32:32,704 - DEBUG - [omni realtime] append audio: 4268
2025-11-08 05:32:32,704 - INFO - 事件类型: response.text.done
2025-11-08 05:32:32,704 - DEBUG - [omni realtime] append audio: 4268
2025-11-08 05:32:32,704 - INFO - 完整事件数据:
2025-11-08 05:32:32,704 - DEBUG - [omni realtime] append audio: 4268
2025-11-08 05:32:32,704 - INFO -     text: 
2025-11-08 05:32:32,705 - DEBUG - [omni realtime] append audio: 4268
2025-11-08 05:32:32,705 - INFO -     event_id: event_FWpErErLiVjX5oThGaA9W
2025-11-08 05:32:32,705 - DEBUG - [omni realtime] append audio: 4268
2025-11-08 05:32:32,705 - INFO -     type: response.text.done
2025-11-08 05:32:32,705 - INFO -     item_id: item_OdixpuLstMqSG2x9sRUl6
2025-11-08 05:32:32,705 - DEBUG - [omni realtime] append audio: 4268
2025-11-08 05:32:32,706 - INFO -     output_index: 0
2025-11-08 05:32:32,706 - DEBUG - 已发送 630/648 块
2025-11-08 05:32:32,706 - INFO -     content_index: 0
2025-11-08 05:32:32,706 - DEBUG - [omni realtime] append audio: 4268
2025-11-08 05:32:32,706 - INFO - --------------------------------------------------------------------------------
2025-11-08 05:32:32,706 - DEBUG - [omni realtime] append audio: 4268
2025-11-08 05:32:32,707 - DEBUG - [omni realtime] receive string {"event_id":"event_LgvJp23gc25x8y9IlPltK","type":"response.content_part.done","item_id":"item_OdixpuLstMqSG2x9sRUl6","output_index":0,"content_index":0,"part":{"type":"text","text":""}}
2025-11-08 05:32:32,707 - DEBUG - [omni realtime] append audio: 4268
2025-11-08 05:32:32,707 - INFO - --------------------------------------------------------------------------------
2025-11-08 05:32:32,707 - INFO - 事件类型: response.content_part.done
2025-11-08 05:32:32,707 - DEBUG - [omni realtime] append audio: 4268
2025-11-08 05:32:32,708 - INFO - 完整事件数据:
2025-11-08 05:32:32,708 - DEBUG - [omni realtime] append audio: 4268
2025-11-08 05:32:32,708 - INFO -     event_id: event_LgvJp23gc25x8y9IlPltK
2025-11-08 05:32:32,708 - INFO -     type: response.content_part.done
2025-11-08 05:32:32,708 - DEBUG - [omni realtime] append audio: 4268
2025-11-08 05:32:32,708 - INFO -     item_id: item_OdixpuLstMqSG2x9sRUl6
2025-11-08 05:32:32,709 - INFO -     output_index: 0
2025-11-08 05:32:32,709 - DEBUG - [omni realtime] append audio: 4268
2025-11-08 05:32:32,709 - INFO -     content_index: 0
2025-11-08 05:32:32,709 - DEBUG - [omni realtime] append audio: 4268
2025-11-08 05:32:32,709 - INFO -     part:
2025-11-08 05:32:32,709 - INFO -       type: text
2025-11-08 05:32:32,709 - DEBUG - [omni realtime] append audio: 4268
2025-11-08 05:32:32,710 - INFO -       text: 
2025-11-08 05:32:32,710 - INFO - --------------------------------------------------------------------------------
2025-11-08 05:32:32,710 - DEBUG - [omni realtime] append audio: 4268
2025-11-08 05:32:32,710 - DEBUG - [omni realtime] receive string {"event_id":"event_WkR5VybgvKN34EbXUTT5P","type":"response.output_item.done","output_index":0,"item":{"id":"item_OdixpuLstMqSG2x9sRUl6","object":"realtime.item","type":"message","status":"completed","role":"assistant","content":[{"type":"text","text":""}]}}
2025-11-08 05:32:32,710 - DEBUG - 已发送 640/648 块
2025-11-08 05:32:32,711 - INFO - --------------------------------------------------------------------------------
2025-11-08 05:32:32,711 - DEBUG - [omni realtime] append audio: 4268
2025-11-08 05:32:32,711 - INFO - 事件类型: response.output_item.done
2025-11-08 05:32:32,711 - DEBUG - [omni realtime] append audio: 4268
2025-11-08 05:32:32,711 - INFO - 完整事件数据:
2025-11-08 05:32:32,711 - DEBUG - [omni realtime] append audio: 4268
2025-11-08 05:32:32,711 - INFO -     event_id: event_WkR5VybgvKN34EbXUTT5P
2025-11-08 05:32:32,712 - DEBUG - [omni realtime] append audio: 4268
2025-11-08 05:32:32,712 - INFO -     type: response.output_item.done
2025-11-08 05:32:32,712 - DEBUG - [omni realtime] append audio: 4268
2025-11-08 05:32:32,712 - INFO -     output_index: 0
2025-11-08 05:32:32,712 - INFO -     item:
2025-11-08 05:32:32,713 - DEBUG - [omni realtime] append audio: 4268
2025-11-08 05:32:32,713 - INFO -       id: item_OdixpuLstMqSG2x9sRUl6
2025-11-08 05:32:32,713 - DEBUG - [omni realtime] append audio: 4268
2025-11-08 05:32:32,714 - INFO -       object: realtime.item
2025-11-08 05:32:32,714 - INFO -       type: message
2025-11-08 05:32:32,714 - DEBUG - [omni realtime] append audio: 2520
2025-11-08 05:32:32,715 - INFO -       status: completed
2025-11-08 05:32:32,715 - INFO - 所有音频数据已发送 (648 块)
2025-11-08 05:32:32,715 - INFO -       role: assistant
2025-11-08 05:32:32,715 - INFO - 
步骤 5: 提交音频并请求分析
2025-11-08 05:32:32,715 - INFO -       content:
2025-11-08 05:32:32,715 - INFO - ================================================================================
2025-11-08 05:32:32,716 - INFO -         [0]:
2025-11-08 05:32:32,716 - INFO - 提示词: 你是一个专业的儿童语音识别与语义理解助手,将语音转录为文本

2025-11-08 05:32:32,716 - INFO -           type: text
2025-11-08 05:32:32,716 - DEBUG - [omni realtime] send string: {"event_id": "event_16d032f013c54cad9b381dae4088642d", "type": "input_audio_buffer.commit"}
2025-11-08 05:32:32,716 - INFO -           text: 
2025-11-08 05:32:32,717 - INFO - --------------------------------------------------------------------------------
2025-11-08 05:32:32,717 - DEBUG - [omni realtime] send string: {"event_id": "event_fb5c56558dc74b8da478c59482202a72", "type": "response.create", "response": {"instructions": "\u4f60\u662f\u4e00\u4e2a\u4e13\u4e1a\u7684\u513f\u7ae5\u8bed\u97f3\u8bc6\u522b\u4e0e\u8bed\u4e49\u7406\u89e3\u52a9\u624b,\u5c06\u8bed\u97f3\u8f6c\u5f55\u4e3a\u6587\u672c\n", "modalities": ["text"]}}
2025-11-08 05:32:32,717 - DEBUG - [omni realtime] receive string {"event_id":"event_LsZFTdXnGjeOWmZYEYEqu","type":"response.done","response":{"object":"realtime.response","conversation_id":"conv_V8u8TJYae8OTFQWQ8Xrf2","status":"cancelled","status_details":{"type":"cancelled","reason":"turn_detected"},"modalities":["text"],"voice":"Ethan","output_audio_format":"pcm16","output":[{"id":"item_OdixpuLstMqSG2x9sRUl6","object":"realtime.item","type":"message","status":"incomplete","role":"assistant","content":[{"type":"text","text":""}]}]}}
2025-11-08 05:32:32,717 - INFO - --------------------------------------------------------------------------------
2025-11-08 05:32:32,718 - INFO - 
步骤 6: 等待 AI 响应
2025-11-08 05:32:32,718 - INFO - 事件类型: response.done
2025-11-08 05:32:32,718 - INFO - ================================================================================
2025-11-08 05:32:32,718 - INFO - 完整事件数据:
2025-11-08 05:32:32,718 - INFO - 开始等待响应事件...

2025-11-08 05:32:32,718 - INFO -     event_id: event_LsZFTdXnGjeOWmZYEYEqu
2025-11-08 05:32:32,718 - INFO -     type: response.done
2025-11-08 05:32:32,718 - INFO -     response:
2025-11-08 05:32:32,719 - INFO -       object: realtime.response
2025-11-08 05:32:32,719 - INFO -       conversation_id: conv_V8u8TJYae8OTFQWQ8Xrf2
2025-11-08 05:32:32,719 - INFO -       status: cancelled
2025-11-08 05:32:32,719 - INFO -       status_details:
2025-11-08 05:32:32,719 - INFO -         type: cancelled
2025-11-08 05:32:32,719 - INFO -         reason: turn_detected
2025-11-08 05:32:32,719 - INFO -       modalities:
2025-11-08 05:32:32,719 - INFO -         [0]:
2025-11-08 05:32:32,720 - INFO -           text
2025-11-08 05:32:32,720 - INFO -       voice: Ethan
2025-11-08 05:32:32,720 - INFO -       output_audio_format: pcm16
2025-11-08 05:32:32,720 - INFO -       output:
2025-11-08 05:32:32,720 - INFO -         [0]:
2025-11-08 05:32:32,720 - INFO -           id: item_OdixpuLstMqSG2x9sRUl6
2025-11-08 05:32:32,720 - INFO -           object: realtime.item
2025-11-08 05:32:32,720 - INFO -           type: message
2025-11-08 05:32:32,720 - INFO -           status: incomplete
2025-11-08 05:32:32,721 - INFO -           role: assistant
2025-11-08 05:32:32,721 - INFO -           content:
2025-11-08 05:32:32,721 - INFO -             [0]:
2025-11-08 05:32:32,721 - INFO -               type: text
2025-11-08 05:32:32,721 - INFO -               text: 
2025-11-08 05:32:32,721 - INFO - --------------------------------------------------------------------------------
2025-11-08 05:32:32,721 - INFO - ********************************************************************************
2025-11-08 05:32:32,721 - INFO - 响应完成事件触发
2025-11-08 05:32:32,722 - INFO - ********************************************************************************
2025-11-08 05:32:32,722 - INFO - [Metric] response: None, first text delay: None, first audio delay: None
2025-11-08 05:32:32,722 - INFO - 
================================================================================
2025-11-08 05:32:32,722 - INFO - 处理完成
2025-11-08 05:32:32,722 - INFO - ================================================================================
2025-11-08 05:32:32,949 - INFO - ================================================================================
2025-11-08 05:32:32,949 - INFO - WebSocket 连接关闭
2025-11-08 05:32:32,949 - INFO -   关闭状态码: None
2025-11-08 05:32:32,950 - INFO -   关闭消息: None
2025-11-08 05:32:32,950 - INFO - ================================================================================
2025-11-08 05:32:32,950 - ERROR - error from callback <bound method OmniRealtimeConversation.on_error of <dashscope.audio.qwen_omni.omni_realtime.OmniRealtimeConversation object at 0x00000000059A9550>>: websocket closed due to 0
2025-11-08 05:32:33,325 - INFO - 
程序结束
2025-11-08 05:33:08,063 - INFO - ================================================================================
2025-11-08 05:33:08,064 - INFO - 调试模式 - 纯 logging 输出
2025-11-08 05:33:08,064 - INFO - ================================================================================
2025-11-08 05:33:08,067 - INFO - 加载配置文件: ./config3.yml
2025-11-08 05:33:08,067 - INFO - API Key: sk-9b155a5...
2025-11-08 05:33:08,068 - INFO - Model: qwen3-omni-flash-realtime
2025-11-08 05:33:08,068 - INFO - Audio Path: ./test/考核点3：语音识别与语义理解/1.mp4
2025-11-08 05:33:08,068 - INFO - 
步骤 1: 提取音频
2025-11-08 05:33:08,068 - INFO - ================================================================================
2025-11-08 05:33:08,068 - INFO - 开始提取音频: ./test/考核点3：语音识别与语义理解/1.mp4
2025-11-08 05:33:08,068 - DEBUG - FFmpeg命令: ffmpeg -loglevel error -i ./test/考核点3：语音识别与语义理解/1.mp4 -vn -acodec pcm_s16le -ar 16000 -ac 1 -f wav -
2025-11-08 05:33:08,178 - INFO - 音频提取完成: 2072288 字节
2025-11-08 05:33:08,179 - INFO - 
步骤 2: 初始化 WebSocket 会话
2025-11-08 05:33:08,179 - INFO - ================================================================================
2025-11-08 05:33:08,179 - INFO - 正在连接...
2025-11-08 05:33:08,423 - INFO - Websocket connected
2025-11-08 05:33:08,424 - DEBUG - [omni realtime] receive string {"event_id":"event_TQTtdHsbybdggvvObunFa","type":"session.created","session":{"object":"realtime.session","model":"qwen3-omni-flash-realtime","modalities":["text","audio"],"voice":"Cherry","input_audio_format":"pcm16","output_audio_format":"pcm24","input_audio_transcription":{"model":"gummy-realtime-v1"},"turn_detection":{"type":"server_vad","threshold":0.5,"prefix_padding_ms":300,"silence_duration_ms":800,"create_response":true,"interrupt_response":true},"tools":[],"tool_choice":"auto","temperature":0.8,"max_response_output_tokens":"inf","id":"sess_Vv1f16OnBghlXxJMU7Nz8"}}
2025-11-08 05:33:08,424 - INFO - --------------------------------------------------------------------------------
2025-11-08 05:33:08,425 - INFO - 事件类型: session.created
2025-11-08 05:33:08,425 - INFO - 完整事件数据:
2025-11-08 05:33:08,425 - INFO -     event_id: event_TQTtdHsbybdggvvObunFa
2025-11-08 05:33:08,425 - INFO -     type: session.created
2025-11-08 05:33:08,425 - INFO -     session:
2025-11-08 05:33:08,425 - INFO -       object: realtime.session
2025-11-08 05:33:08,426 - INFO -       model: qwen3-omni-flash-realtime
2025-11-08 05:33:08,426 - INFO -       modalities:
2025-11-08 05:33:08,426 - INFO -         [0]:
2025-11-08 05:33:08,426 - INFO -           text
2025-11-08 05:33:08,427 - INFO -         [1]:
2025-11-08 05:33:08,427 - INFO -           audio
2025-11-08 05:33:08,427 - INFO -       voice: Cherry
2025-11-08 05:33:08,427 - INFO -       input_audio_format: pcm16
2025-11-08 05:33:08,427 - INFO -       output_audio_format: pcm24
2025-11-08 05:33:08,428 - INFO -       input_audio_transcription:
2025-11-08 05:33:08,428 - INFO -         model: gummy-realtime-v1
2025-11-08 05:33:08,428 - INFO -       turn_detection:
2025-11-08 05:33:08,428 - INFO -         type: server_vad
2025-11-08 05:33:08,428 - INFO -         threshold: 0.5
2025-11-08 05:33:08,428 - INFO -         prefix_padding_ms: 300
2025-11-08 05:33:08,428 - INFO -         silence_duration_ms: 800
2025-11-08 05:33:08,428 - INFO -         create_response: True
2025-11-08 05:33:08,428 - INFO -         interrupt_response: True
2025-11-08 05:33:08,428 - INFO -       tools:
2025-11-08 05:33:08,429 - INFO -       tool_choice: auto
2025-11-08 05:33:08,429 - INFO -       temperature: 0.8
2025-11-08 05:33:08,429 - INFO -       max_response_output_tokens: inf
2025-11-08 05:33:08,429 - INFO -       id: sess_Vv1f16OnBghlXxJMU7Nz8
2025-11-08 05:33:08,429 - INFO - --------------------------------------------------------------------------------
2025-11-08 05:33:08,447 - INFO - ================================================================================
2025-11-08 05:33:08,447 - INFO - WebSocket 连接已建立
2025-11-08 05:33:08,447 - INFO - ================================================================================
2025-11-08 05:33:08,448 - INFO - 
步骤 3: 配置会话参数
2025-11-08 05:33:08,448 - INFO - ================================================================================
2025-11-08 05:33:08,448 - INFO -   output_modalities: TEXT
2025-11-08 05:33:08,448 - INFO -   input_audio_format: PCM_16000HZ_MONO_16BIT
2025-11-08 05:33:08,448 - INFO -   enable_input_audio_transcription: True
2025-11-08 05:33:08,449 - INFO -   transcription_model: gummy-realtime-v1
2025-11-08 05:33:08,449 - INFO -   enable_turn_detection: True
2025-11-08 05:33:08,449 - INFO -   vad_threshold: 0.4
2025-11-08 05:33:08,449 - INFO -   vad_silence_duration_ms: 10000
2025-11-08 05:33:08,449 - INFO -   prefix_padding_ms: 500
2025-11-08 05:33:08,450 - DEBUG - [omni realtime] send string: {"event_id": "event_ab0d5e8dceb34b618960c6d072f4625d", "type": "session.update", "session": {"modalities": ["text"], "voice": "Ethan", "input_audio_format": "pcm16", "output_audio_format": "pcm16", "input_audio_transcription": {"model": "gummy-realtime-v1"}, "turn_detection": {"type": "server_vad", "threshold": 0.4, "prefix_padding_ms": 500, "silence_duration_ms": 10000}}}
2025-11-08 05:33:08,680 - DEBUG - [omni realtime] receive string {"event_id":"event_A2Ojqqwe4IYSHmRM5JjeA","type":"session.updated","session":{"id":"sess_Vv1f16OnBghlXxJMU7Nz8","object":"realtime.session","model":"qwen3-omni-flash-realtime","modalities":["text"],"voice":"Ethan","input_audio_format":"pcm16","output_audio_format":"pcm16","input_audio_transcription":{"model":"gummy-realtime-v1"},"turn_detection":{"type":"server_vad","threshold":0.4,"prefix_padding_ms":500,"silence_duration_ms":10000,"create_response":true,"interrupt_response":true},"max_response_output_tokens":"inf","temperature":0.8}}
2025-11-08 05:33:08,681 - INFO - --------------------------------------------------------------------------------
2025-11-08 05:33:08,681 - INFO - 事件类型: session.updated
2025-11-08 05:33:08,681 - INFO - 完整事件数据:
2025-11-08 05:33:08,681 - INFO -     event_id: event_A2Ojqqwe4IYSHmRM5JjeA
2025-11-08 05:33:08,681 - INFO -     type: session.updated
2025-11-08 05:33:08,681 - INFO -     session:
2025-11-08 05:33:08,682 - INFO -       id: sess_Vv1f16OnBghlXxJMU7Nz8
2025-11-08 05:33:08,682 - INFO -       object: realtime.session
2025-11-08 05:33:08,682 - INFO -       model: qwen3-omni-flash-realtime
2025-11-08 05:33:08,682 - INFO -       modalities:
2025-11-08 05:33:08,682 - INFO -         [0]:
2025-11-08 05:33:08,683 - INFO -           text
2025-11-08 05:33:08,683 - INFO -       voice: Ethan
2025-11-08 05:33:08,683 - INFO -       input_audio_format: pcm16
2025-11-08 05:33:08,683 - INFO -       output_audio_format: pcm16
2025-11-08 05:33:08,683 - INFO -       input_audio_transcription:
2025-11-08 05:33:08,683 - INFO -         model: gummy-realtime-v1
2025-11-08 05:33:08,683 - INFO -       turn_detection:
2025-11-08 05:33:08,683 - INFO -         type: server_vad
2025-11-08 05:33:08,684 - INFO -         threshold: 0.4
2025-11-08 05:33:08,684 - INFO -         prefix_padding_ms: 500
2025-11-08 05:33:08,684 - INFO -         silence_duration_ms: 10000
2025-11-08 05:33:08,684 - INFO -         create_response: True
2025-11-08 05:33:08,684 - INFO -         interrupt_response: True
2025-11-08 05:33:08,684 - INFO -       max_response_output_tokens: inf
2025-11-08 05:33:08,684 - INFO -       temperature: 0.8
2025-11-08 05:33:08,684 - INFO - --------------------------------------------------------------------------------
2025-11-08 05:33:08,950 - INFO - 
步骤 4: 发送音频数据
2025-11-08 05:33:08,951 - INFO - ================================================================================
2025-11-08 05:33:08,951 - INFO - 音频分块大小: 3200 字节
2025-11-08 05:33:08,951 - INFO - 总块数: 648
2025-11-08 05:33:08,952 - INFO - 开始发送 648 块音频数据
2025-11-08 05:33:08,953 - DEBUG - [omni realtime] append audio: 4268
2025-11-08 05:33:08,953 - DEBUG - [omni realtime] append audio: 4268
2025-11-08 05:33:08,954 - DEBUG - [omni realtime] append audio: 4268
2025-11-08 05:33:08,954 - DEBUG - [omni realtime] append audio: 4268
2025-11-08 05:33:08,954 - DEBUG - [omni realtime] append audio: 4268
2025-11-08 05:33:08,955 - DEBUG - [omni realtime] append audio: 4268
2025-11-08 05:33:08,955 - DEBUG - [omni realtime] append audio: 4268
2025-11-08 05:33:08,956 - DEBUG - [omni realtime] append audio: 4268
2025-11-08 05:33:08,956 - DEBUG - [omni realtime] append audio: 4268
2025-11-08 05:33:08,957 - DEBUG - [omni realtime] append audio: 4268
2025-11-08 05:33:08,957 - DEBUG - 已发送 10/648 块
2025-11-08 05:33:08,957 - DEBUG - [omni realtime] append audio: 4268
2025-11-08 05:33:08,958 - DEBUG - [omni realtime] append audio: 4268
2025-11-08 05:33:08,958 - DEBUG - [omni realtime] append audio: 4268
2025-11-08 05:33:08,959 - DEBUG - [omni realtime] append audio: 4268
2025-11-08 05:33:08,959 - DEBUG - [omni realtime] append audio: 4268
2025-11-08 05:33:08,959 - DEBUG - [omni realtime] append audio: 4268
2025-11-08 05:33:08,960 - DEBUG - [omni realtime] append audio: 4268
2025-11-08 05:33:08,961 - DEBUG - [omni realtime] append audio: 4268
2025-11-08 05:33:08,962 - DEBUG - [omni realtime] append audio: 4268
2025-11-08 05:33:08,962 - DEBUG - [omni realtime] append audio: 4268
2025-11-08 05:33:08,963 - DEBUG - 已发送 20/648 块
2025-11-08 05:33:08,963 - DEBUG - [omni realtime] append audio: 4268
2025-11-08 05:33:08,964 - DEBUG - [omni realtime] append audio: 4268
2025-11-08 05:33:08,964 - DEBUG - [omni realtime] append audio: 4268
2025-11-08 05:33:08,965 - DEBUG - [omni realtime] append audio: 4268
2025-11-08 05:33:08,966 - DEBUG - [omni realtime] append audio: 4268
2025-11-08 05:33:08,966 - DEBUG - [omni realtime] append audio: 4268
2025-11-08 05:33:08,966 - DEBUG - [omni realtime] append audio: 4268
2025-11-08 05:33:08,967 - DEBUG - [omni realtime] append audio: 4268
2025-11-08 05:33:08,967 - DEBUG - [omni realtime] append audio: 4268
2025-11-08 05:33:08,967 - DEBUG - [omni realtime] append audio: 4268
2025-11-08 05:33:08,968 - DEBUG - 已发送 30/648 块
2025-11-08 05:33:08,968 - DEBUG - [omni realtime] append audio: 4268
2025-11-08 05:33:08,968 - DEBUG - [omni realtime] append audio: 4268
2025-11-08 05:33:08,969 - DEBUG - [omni realtime] append audio: 4268
2025-11-08 05:33:08,969 - DEBUG - [omni realtime] append audio: 4268
2025-11-08 05:33:08,969 - DEBUG - [omni realtime] append audio: 4268
2025-11-08 05:33:08,970 - DEBUG - [omni realtime] append audio: 4268
2025-11-08 05:33:08,970 - DEBUG - [omni realtime] append audio: 4268
2025-11-08 05:33:08,970 - DEBUG - [omni realtime] append audio: 4268
2025-11-08 05:33:08,971 - DEBUG - [omni realtime] append audio: 4268
2025-11-08 05:33:08,971 - DEBUG - [omni realtime] append audio: 4268
2025-11-08 05:33:08,971 - DEBUG - 已发送 40/648 块
2025-11-08 05:33:08,972 - DEBUG - [omni realtime] append audio: 4268
2025-11-08 05:33:08,972 - DEBUG - [omni realtime] append audio: 4268
2025-11-08 05:33:08,973 - DEBUG - [omni realtime] append audio: 4268
2025-11-08 05:33:08,973 - DEBUG - [omni realtime] append audio: 4268
2025-11-08 05:33:08,974 - DEBUG - [omni realtime] append audio: 4268
2025-11-08 05:33:08,974 - DEBUG - [omni realtime] append audio: 4268
2025-11-08 05:33:08,975 - DEBUG - [omni realtime] append audio: 4268
2025-11-08 05:33:08,975 - DEBUG - [omni realtime] append audio: 4268
2025-11-08 05:33:08,975 - DEBUG - [omni realtime] append audio: 4268
2025-11-08 05:33:08,976 - DEBUG - [omni realtime] append audio: 4268
2025-11-08 05:33:08,976 - DEBUG - 已发送 50/648 块
2025-11-08 05:33:08,976 - DEBUG - [omni realtime] append audio: 4268
2025-11-08 05:33:08,977 - DEBUG - [omni realtime] append audio: 4268
2025-11-08 05:33:08,977 - DEBUG - [omni realtime] append audio: 4268
2025-11-08 05:33:08,978 - DEBUG - [omni realtime] append audio: 4268
2025-11-08 05:33:08,978 - DEBUG - [omni realtime] append audio: 4268
2025-11-08 05:33:08,978 - DEBUG - [omni realtime] append audio: 4268
2025-11-08 05:33:08,979 - DEBUG - [omni realtime] append audio: 4268
2025-11-08 05:33:08,979 - DEBUG - [omni realtime] append audio: 4268
2025-11-08 05:33:08,980 - DEBUG - [omni realtime] append audio: 4268
2025-11-08 05:33:08,980 - DEBUG - [omni realtime] append audio: 4268
2025-11-08 05:33:08,980 - DEBUG - 已发送 60/648 块
2025-11-08 05:33:08,981 - DEBUG - [omni realtime] append audio: 4268
2025-11-08 05:33:08,981 - DEBUG - [omni realtime] append audio: 4268
2025-11-08 05:33:08,982 - DEBUG - [omni realtime] append audio: 4268
2025-11-08 05:33:08,983 - DEBUG - [omni realtime] append audio: 4268
2025-11-08 05:33:08,983 - DEBUG - [omni realtime] append audio: 4268
2025-11-08 05:33:08,984 - DEBUG - [omni realtime] append audio: 4268
2025-11-08 05:33:08,984 - DEBUG - [omni realtime] append audio: 4268
2025-11-08 05:33:08,984 - DEBUG - [omni realtime] append audio: 4268
2025-11-08 05:33:08,985 - DEBUG - [omni realtime] append audio: 4268
2025-11-08 05:33:08,985 - DEBUG - [omni realtime] append audio: 4268
2025-11-08 05:33:08,985 - DEBUG - 已发送 70/648 块
2025-11-08 05:33:08,986 - DEBUG - [omni realtime] append audio: 4268
2025-11-08 05:33:08,986 - DEBUG - [omni realtime] append audio: 4268
2025-11-08 05:33:08,986 - DEBUG - [omni realtime] append audio: 4268
2025-11-08 05:33:08,986 - DEBUG - [omni realtime] append audio: 4268
2025-11-08 05:33:08,987 - DEBUG - [omni realtime] append audio: 4268
2025-11-08 05:33:08,987 - DEBUG - [omni realtime] append audio: 4268
2025-11-08 05:33:08,987 - DEBUG - [omni realtime] append audio: 4268
2025-11-08 05:33:08,988 - DEBUG - [omni realtime] append audio: 4268
2025-11-08 05:33:08,988 - DEBUG - [omni realtime] append audio: 4268
2025-11-08 05:33:08,989 - DEBUG - [omni realtime] append audio: 4268
2025-11-08 05:33:08,989 - DEBUG - 已发送 80/648 块
2025-11-08 05:33:08,990 - DEBUG - [omni realtime] append audio: 4268
2025-11-08 05:33:08,990 - DEBUG - [omni realtime] append audio: 4268
2025-11-08 05:33:08,990 - DEBUG - [omni realtime] append audio: 4268
2025-11-08 05:33:08,991 - DEBUG - [omni realtime] append audio: 4268
2025-11-08 05:33:08,991 - DEBUG - [omni realtime] append audio: 4268
2025-11-08 05:33:08,991 - DEBUG - [omni realtime] append audio: 4268
2025-11-08 05:33:08,992 - DEBUG - [omni realtime] append audio: 4268
2025-11-08 05:33:08,992 - DEBUG - [omni realtime] append audio: 4268
2025-11-08 05:33:08,992 - DEBUG - [omni realtime] append audio: 4268
2025-11-08 05:33:08,993 - DEBUG - [omni realtime] append audio: 4268
2025-11-08 05:33:08,993 - DEBUG - 已发送 90/648 块
2025-11-08 05:33:08,993 - DEBUG - [omni realtime] append audio: 4268
2025-11-08 05:33:08,994 - DEBUG - [omni realtime] append audio: 4268
2025-11-08 05:33:08,994 - DEBUG - [omni realtime] append audio: 4268
2025-11-08 05:33:08,994 - DEBUG - [omni realtime] append audio: 4268
2025-11-08 05:33:08,995 - DEBUG - [omni realtime] append audio: 4268
2025-11-08 05:33:08,995 - DEBUG - [omni realtime] append audio: 4268
2025-11-08 05:33:08,996 - DEBUG - [omni realtime] append audio: 4268
2025-11-08 05:33:08,996 - DEBUG - [omni realtime] append audio: 4268
2025-11-08 05:33:08,996 - DEBUG - [omni realtime] append audio: 4268
2025-11-08 05:33:08,997 - DEBUG - [omni realtime] append audio: 4268
2025-11-08 05:33:08,997 - DEBUG - 已发送 100/648 块
2025-11-08 05:33:08,997 - DEBUG - [omni realtime] append audio: 4268
2025-11-08 05:33:08,997 - DEBUG - [omni realtime] append audio: 4268
2025-11-08 05:33:08,998 - DEBUG - [omni realtime] append audio: 4268
2025-11-08 05:33:08,998 - DEBUG - [omni realtime] append audio: 4268
2025-11-08 05:33:08,999 - DEBUG - [omni realtime] append audio: 4268
2025-11-08 05:33:08,999 - DEBUG - [omni realtime] append audio: 4268
2025-11-08 05:33:08,999 - DEBUG - [omni realtime] append audio: 4268
2025-11-08 05:33:09,000 - DEBUG - [omni realtime] append audio: 4268
2025-11-08 05:33:09,000 - DEBUG - [omni realtime] append audio: 4268
2025-11-08 05:33:09,001 - DEBUG - [omni realtime] append audio: 4268
2025-11-08 05:33:09,001 - DEBUG - 已发送 110/648 块
2025-11-08 05:33:09,001 - DEBUG - [omni realtime] append audio: 4268
2025-11-08 05:33:09,002 - DEBUG - [omni realtime] append audio: 4268
2025-11-08 05:33:09,002 - DEBUG - [omni realtime] append audio: 4268
2025-11-08 05:33:09,003 - DEBUG - [omni realtime] append audio: 4268
2025-11-08 05:33:09,003 - DEBUG - [omni realtime] append audio: 4268
2025-11-08 05:33:09,003 - DEBUG - [omni realtime] append audio: 4268
2025-11-08 05:33:09,004 - DEBUG - [omni realtime] append audio: 4268
2025-11-08 05:33:09,004 - DEBUG - [omni realtime] append audio: 4268
2025-11-08 05:33:09,004 - DEBUG - [omni realtime] append audio: 4268
2025-11-08 05:33:09,005 - DEBUG - [omni realtime] append audio: 4268
2025-11-08 05:33:09,005 - DEBUG - 已发送 120/648 块
2025-11-08 05:33:09,006 - DEBUG - [omni realtime] append audio: 4268
2025-11-08 05:33:09,006 - DEBUG - [omni realtime] append audio: 4268
2025-11-08 05:33:09,007 - DEBUG - [omni realtime] append audio: 4268
2025-11-08 05:33:09,007 - DEBUG - [omni realtime] append audio: 4268
2025-11-08 05:33:09,008 - DEBUG - [omni realtime] append audio: 4268
2025-11-08 05:33:09,008 - DEBUG - [omni realtime] append audio: 4268
2025-11-08 05:33:09,008 - DEBUG - [omni realtime] append audio: 4268
2025-11-08 05:33:09,009 - DEBUG - [omni realtime] append audio: 4268
2025-11-08 05:33:09,009 - DEBUG - [omni realtime] append audio: 4268
2025-11-08 05:33:09,009 - DEBUG - [omni realtime] append audio: 4268
2025-11-08 05:33:09,010 - DEBUG - 已发送 130/648 块
2025-11-08 05:33:09,010 - DEBUG - [omni realtime] append audio: 4268
2025-11-08 05:33:09,011 - DEBUG - [omni realtime] append audio: 4268
2025-11-08 05:33:09,011 - DEBUG - [omni realtime] append audio: 4268
2025-11-08 05:33:09,012 - DEBUG - [omni realtime] append audio: 4268
2025-11-08 05:33:09,012 - DEBUG - [omni realtime] append audio: 4268
2025-11-08 05:33:09,012 - DEBUG - [omni realtime] append audio: 4268
2025-11-08 05:33:09,013 - DEBUG - [omni realtime] append audio: 4268
2025-11-08 05:33:09,013 - DEBUG - [omni realtime] append audio: 4268
2025-11-08 05:33:09,014 - DEBUG - [omni realtime] append audio: 4268
2025-11-08 05:33:09,014 - DEBUG - [omni realtime] append audio: 4268
2025-11-08 05:33:09,014 - DEBUG - 已发送 140/648 块
2025-11-08 05:33:09,014 - DEBUG - [omni realtime] append audio: 4268
2025-11-08 05:33:09,015 - DEBUG - [omni realtime] append audio: 4268
2025-11-08 05:33:09,015 - DEBUG - [omni realtime] append audio: 4268
2025-11-08 05:33:09,016 - DEBUG - [omni realtime] append audio: 4268
2025-11-08 05:33:09,016 - DEBUG - [omni realtime] append audio: 4268
2025-11-08 05:33:09,016 - DEBUG - [omni realtime] append audio: 4268
2025-11-08 05:33:09,017 - DEBUG - [omni realtime] append audio: 4268
2025-11-08 05:33:09,017 - DEBUG - [omni realtime] append audio: 4268
2025-11-08 05:33:09,017 - DEBUG - [omni realtime] append audio: 4268
2025-11-08 05:33:09,018 - DEBUG - [omni realtime] append audio: 4268
2025-11-08 05:33:09,018 - DEBUG - 已发送 150/648 块
2025-11-08 05:33:09,018 - DEBUG - [omni realtime] append audio: 4268
2025-11-08 05:33:09,019 - DEBUG - [omni realtime] append audio: 4268
2025-11-08 05:33:09,019 - DEBUG - [omni realtime] append audio: 4268
2025-11-08 05:33:09,019 - DEBUG - [omni realtime] append audio: 4268
2025-11-08 05:33:09,020 - DEBUG - [omni realtime] append audio: 4268
2025-11-08 05:33:09,020 - DEBUG - [omni realtime] append audio: 4268
2025-11-08 05:33:09,020 - DEBUG - [omni realtime] append audio: 4268
2025-11-08 05:33:09,020 - DEBUG - [omni realtime] append audio: 4268
2025-11-08 05:33:09,021 - DEBUG - [omni realtime] append audio: 4268
2025-11-08 05:33:09,021 - DEBUG - [omni realtime] append audio: 4268
2025-11-08 05:33:09,021 - DEBUG - 已发送 160/648 块
2025-11-08 05:33:09,022 - DEBUG - [omni realtime] append audio: 4268
2025-11-08 05:33:09,022 - DEBUG - [omni realtime] append audio: 4268
2025-11-08 05:33:09,023 - DEBUG - [omni realtime] append audio: 4268
2025-11-08 05:33:09,023 - DEBUG - [omni realtime] append audio: 4268
2025-11-08 05:33:09,071 - DEBUG - [omni realtime] append audio: 4268
2025-11-08 05:33:09,142 - DEBUG - [omni realtime] append audio: 4268
2025-11-08 05:33:09,143 - DEBUG - [omni realtime] append audio: 4268
2025-11-08 05:33:09,143 - DEBUG - [omni realtime] append audio: 4268
2025-11-08 05:33:09,144 - DEBUG - [omni realtime] append audio: 4268
2025-11-08 05:33:09,144 - DEBUG - [omni realtime] append audio: 4268
2025-11-08 05:33:09,145 - DEBUG - 已发送 170/648 块
2025-11-08 05:33:09,145 - DEBUG - [omni realtime] append audio: 4268
2025-11-08 05:33:09,145 - DEBUG - [omni realtime] append audio: 4268
2025-11-08 05:33:09,145 - DEBUG - [omni realtime] append audio: 4268
2025-11-08 05:33:09,146 - DEBUG - [omni realtime] append audio: 4268
2025-11-08 05:33:09,146 - DEBUG - [omni realtime] append audio: 4268
2025-11-08 05:33:09,146 - DEBUG - [omni realtime] append audio: 4268
2025-11-08 05:33:09,146 - DEBUG - [omni realtime] append audio: 4268
2025-11-08 05:33:09,147 - DEBUG - [omni realtime] append audio: 4268
2025-11-08 05:33:09,147 - DEBUG - [omni realtime] append audio: 4268
2025-11-08 05:33:09,147 - DEBUG - [omni realtime] append audio: 4268
2025-11-08 05:33:09,148 - DEBUG - 已发送 180/648 块
2025-11-08 05:33:09,148 - DEBUG - [omni realtime] append audio: 4268
2025-11-08 05:33:09,148 - DEBUG - [omni realtime] append audio: 4268
2025-11-08 05:33:09,149 - DEBUG - [omni realtime] append audio: 4268
2025-11-08 05:33:09,149 - DEBUG - [omni realtime] append audio: 4268
2025-11-08 05:33:09,150 - DEBUG - [omni realtime] append audio: 4268
2025-11-08 05:33:09,151 - DEBUG - [omni realtime] append audio: 4268
2025-11-08 05:33:09,151 - DEBUG - [omni realtime] append audio: 4268
2025-11-08 05:33:09,152 - DEBUG - [omni realtime] append audio: 4268
2025-11-08 05:33:09,152 - DEBUG - [omni realtime] append audio: 4268
2025-11-08 05:33:09,152 - DEBUG - [omni realtime] append audio: 4268
2025-11-08 05:33:09,153 - DEBUG - 已发送 190/648 块
2025-11-08 05:33:09,153 - DEBUG - [omni realtime] append audio: 4268
2025-11-08 05:33:09,153 - DEBUG - [omni realtime] append audio: 4268
2025-11-08 05:33:09,154 - DEBUG - [omni realtime] append audio: 4268
2025-11-08 05:33:09,154 - DEBUG - [omni realtime] append audio: 4268
2025-11-08 05:33:09,154 - DEBUG - [omni realtime] append audio: 4268
2025-11-08 05:33:09,155 - DEBUG - [omni realtime] append audio: 4268
2025-11-08 05:33:09,155 - DEBUG - [omni realtime] append audio: 4268
2025-11-08 05:33:09,156 - DEBUG - [omni realtime] append audio: 4268
2025-11-08 05:33:09,156 - DEBUG - [omni realtime] append audio: 4268
2025-11-08 05:33:09,157 - DEBUG - [omni realtime] append audio: 4268
2025-11-08 05:33:09,157 - DEBUG - 已发送 200/648 块
2025-11-08 05:33:09,157 - DEBUG - [omni realtime] append audio: 4268
2025-11-08 05:33:09,158 - DEBUG - [omni realtime] append audio: 4268
2025-11-08 05:33:09,158 - DEBUG - [omni realtime] append audio: 4268
2025-11-08 05:33:09,158 - DEBUG - [omni realtime] append audio: 4268
2025-11-08 05:33:09,159 - DEBUG - [omni realtime] append audio: 4268
2025-11-08 05:33:09,159 - DEBUG - [omni realtime] append audio: 4268
2025-11-08 05:33:09,159 - DEBUG - [omni realtime] append audio: 4268
2025-11-08 05:33:09,160 - DEBUG - [omni realtime] append audio: 4268
2025-11-08 05:33:09,160 - DEBUG - [omni realtime] append audio: 4268
2025-11-08 05:33:09,160 - DEBUG - [omni realtime] append audio: 4268
2025-11-08 05:33:09,161 - DEBUG - 已发送 210/648 块
2025-11-08 05:33:09,161 - DEBUG - [omni realtime] append audio: 4268
2025-11-08 05:33:09,161 - DEBUG - [omni realtime] append audio: 4268
2025-11-08 05:33:09,161 - DEBUG - [omni realtime] append audio: 4268
2025-11-08 05:33:09,162 - DEBUG - [omni realtime] append audio: 4268
2025-11-08 05:33:09,162 - DEBUG - [omni realtime] append audio: 4268
2025-11-08 05:33:09,162 - DEBUG - [omni realtime] append audio: 4268
2025-11-08 05:33:09,162 - DEBUG - [omni realtime] append audio: 4268
2025-11-08 05:33:09,163 - DEBUG - [omni realtime] append audio: 4268
2025-11-08 05:33:09,163 - DEBUG - [omni realtime] append audio: 4268
2025-11-08 05:33:09,163 - DEBUG - [omni realtime] append audio: 4268
2025-11-08 05:33:09,163 - DEBUG - 已发送 220/648 块
2025-11-08 05:33:09,164 - DEBUG - [omni realtime] append audio: 4268
2025-11-08 05:33:09,164 - DEBUG - [omni realtime] append audio: 4268
2025-11-08 05:33:09,164 - DEBUG - [omni realtime] append audio: 4268
2025-11-08 05:33:09,165 - DEBUG - [omni realtime] append audio: 4268
2025-11-08 05:33:09,165 - DEBUG - [omni realtime] append audio: 4268
2025-11-08 05:33:09,165 - DEBUG - [omni realtime] append audio: 4268
2025-11-08 05:33:09,165 - DEBUG - [omni realtime] append audio: 4268
2025-11-08 05:33:09,166 - DEBUG - [omni realtime] append audio: 4268
2025-11-08 05:33:09,166 - DEBUG - [omni realtime] append audio: 4268
2025-11-08 05:33:09,166 - DEBUG - [omni realtime] append audio: 4268
2025-11-08 05:33:09,166 - DEBUG - 已发送 230/648 块
2025-11-08 05:33:09,167 - DEBUG - [omni realtime] append audio: 4268
2025-11-08 05:33:09,167 - DEBUG - [omni realtime] append audio: 4268
2025-11-08 05:33:09,167 - DEBUG - [omni realtime] append audio: 4268
2025-11-08 05:33:09,168 - DEBUG - [omni realtime] append audio: 4268
2025-11-08 05:33:09,168 - DEBUG - [omni realtime] append audio: 4268
2025-11-08 05:33:09,168 - DEBUG - [omni realtime] append audio: 4268
2025-11-08 05:33:09,168 - DEBUG - [omni realtime] append audio: 4268
2025-11-08 05:33:09,169 - DEBUG - [omni realtime] append audio: 4268
2025-11-08 05:33:09,169 - DEBUG - [omni realtime] append audio: 4268
2025-11-08 05:33:09,169 - DEBUG - [omni realtime] append audio: 4268
2025-11-08 05:33:09,169 - DEBUG - 已发送 240/648 块
2025-11-08 05:33:09,169 - DEBUG - [omni realtime] append audio: 4268
2025-11-08 05:33:09,170 - DEBUG - [omni realtime] append audio: 4268
2025-11-08 05:33:09,170 - DEBUG - [omni realtime] append audio: 4268
2025-11-08 05:33:09,170 - DEBUG - [omni realtime] append audio: 4268
2025-11-08 05:33:09,171 - DEBUG - [omni realtime] append audio: 4268
2025-11-08 05:33:09,171 - DEBUG - [omni realtime] append audio: 4268
2025-11-08 05:33:09,171 - DEBUG - [omni realtime] append audio: 4268
2025-11-08 05:33:09,171 - DEBUG - [omni realtime] append audio: 4268
2025-11-08 05:33:09,172 - DEBUG - [omni realtime] append audio: 4268
2025-11-08 05:33:09,172 - DEBUG - [omni realtime] append audio: 4268
2025-11-08 05:33:09,173 - DEBUG - 已发送 250/648 块
2025-11-08 05:33:09,173 - DEBUG - [omni realtime] append audio: 4268
2025-11-08 05:33:09,173 - DEBUG - [omni realtime] append audio: 4268
2025-11-08 05:33:09,174 - DEBUG - [omni realtime] append audio: 4268
2025-11-08 05:33:09,174 - DEBUG - [omni realtime] append audio: 4268
2025-11-08 05:33:09,175 - DEBUG - [omni realtime] append audio: 4268
2025-11-08 05:33:09,175 - DEBUG - [omni realtime] append audio: 4268
2025-11-08 05:33:09,175 - DEBUG - [omni realtime] append audio: 4268
2025-11-08 05:33:09,176 - DEBUG - [omni realtime] append audio: 4268
2025-11-08 05:33:09,176 - DEBUG - [omni realtime] append audio: 4268
2025-11-08 05:33:09,177 - DEBUG - [omni realtime] append audio: 4268
2025-11-08 05:33:09,177 - DEBUG - 已发送 260/648 块
2025-11-08 05:33:09,178 - DEBUG - [omni realtime] append audio: 4268
2025-11-08 05:33:09,178 - DEBUG - [omni realtime] append audio: 4268
2025-11-08 05:33:09,178 - DEBUG - [omni realtime] append audio: 4268
2025-11-08 05:33:09,179 - DEBUG - [omni realtime] append audio: 4268
2025-11-08 05:33:09,179 - DEBUG - [omni realtime] append audio: 4268
2025-11-08 05:33:09,179 - DEBUG - [omni realtime] append audio: 4268
2025-11-08 05:33:09,180 - DEBUG - [omni realtime] append audio: 4268
2025-11-08 05:33:09,180 - DEBUG - [omni realtime] append audio: 4268
2025-11-08 05:33:09,189 - DEBUG - [omni realtime] append audio: 4268
2025-11-08 05:33:09,190 - DEBUG - [omni realtime] append audio: 4268
2025-11-08 05:33:09,191 - DEBUG - 已发送 270/648 块
2025-11-08 05:33:09,191 - DEBUG - [omni realtime] append audio: 4268
2025-11-08 05:33:09,192 - DEBUG - [omni realtime] append audio: 4268
2025-11-08 05:33:09,192 - DEBUG - [omni realtime] append audio: 4268
2025-11-08 05:33:09,193 - DEBUG - [omni realtime] append audio: 4268
2025-11-08 05:33:09,193 - DEBUG - [omni realtime] append audio: 4268
2025-11-08 05:33:09,194 - DEBUG - [omni realtime] append audio: 4268
2025-11-08 05:33:09,194 - DEBUG - [omni realtime] append audio: 4268
2025-11-08 05:33:09,195 - DEBUG - [omni realtime] append audio: 4268
2025-11-08 05:33:09,195 - DEBUG - [omni realtime] append audio: 4268
2025-11-08 05:33:09,196 - DEBUG - [omni realtime] append audio: 4268
2025-11-08 05:33:09,197 - DEBUG - 已发送 280/648 块
2025-11-08 05:33:09,197 - DEBUG - [omni realtime] append audio: 4268
2025-11-08 05:33:09,197 - DEBUG - [omni realtime] append audio: 4268
2025-11-08 05:33:09,198 - DEBUG - [omni realtime] append audio: 4268
2025-11-08 05:33:09,199 - DEBUG - [omni realtime] append audio: 4268
2025-11-08 05:33:09,199 - DEBUG - [omni realtime] append audio: 4268
2025-11-08 05:33:09,200 - DEBUG - [omni realtime] append audio: 4268
2025-11-08 05:33:09,201 - DEBUG - [omni realtime] append audio: 4268
2025-11-08 05:33:09,201 - DEBUG - [omni realtime] append audio: 4268
2025-11-08 05:33:09,202 - DEBUG - [omni realtime] append audio: 4268
2025-11-08 05:33:09,202 - DEBUG - [omni realtime] append audio: 4268
2025-11-08 05:33:09,203 - DEBUG - 已发送 290/648 块
2025-11-08 05:33:09,203 - DEBUG - [omni realtime] append audio: 4268
2025-11-08 05:33:09,203 - DEBUG - [omni realtime] append audio: 4268
2025-11-08 05:33:09,204 - DEBUG - [omni realtime] append audio: 4268
2025-11-08 05:33:09,205 - DEBUG - [omni realtime] append audio: 4268
2025-11-08 05:33:09,205 - DEBUG - [omni realtime] append audio: 4268
2025-11-08 05:33:09,206 - DEBUG - [omni realtime] append audio: 4268
2025-11-08 05:33:09,206 - DEBUG - [omni realtime] append audio: 4268
2025-11-08 05:33:09,207 - DEBUG - [omni realtime] append audio: 4268
2025-11-08 05:33:09,207 - DEBUG - [omni realtime] append audio: 4268
2025-11-08 05:33:09,208 - DEBUG - [omni realtime] append audio: 4268
2025-11-08 05:33:09,209 - DEBUG - 已发送 300/648 块
2025-11-08 05:33:09,209 - DEBUG - [omni realtime] append audio: 4268
2025-11-08 05:33:09,210 - DEBUG - [omni realtime] append audio: 4268
2025-11-08 05:33:09,211 - DEBUG - [omni realtime] append audio: 4268
2025-11-08 05:33:09,211 - DEBUG - [omni realtime] append audio: 4268
2025-11-08 05:33:09,212 - DEBUG - [omni realtime] append audio: 4268
2025-11-08 05:33:09,213 - DEBUG - [omni realtime] append audio: 4268
2025-11-08 05:33:09,213 - DEBUG - [omni realtime] append audio: 4268
2025-11-08 05:33:09,214 - DEBUG - [omni realtime] append audio: 4268
2025-11-08 05:33:09,214 - DEBUG - [omni realtime] append audio: 4268
2025-11-08 05:33:09,215 - DEBUG - [omni realtime] append audio: 4268
2025-11-08 05:33:09,216 - DEBUG - 已发送 310/648 块
2025-11-08 05:33:09,216 - DEBUG - [omni realtime] append audio: 4268
2025-11-08 05:33:09,217 - DEBUG - [omni realtime] append audio: 4268
2025-11-08 05:33:09,217 - DEBUG - [omni realtime] append audio: 4268
2025-11-08 05:33:09,218 - DEBUG - [omni realtime] append audio: 4268
2025-11-08 05:33:09,219 - DEBUG - [omni realtime] append audio: 4268
2025-11-08 05:33:09,219 - DEBUG - [omni realtime] append audio: 4268
2025-11-08 05:33:09,220 - DEBUG - [omni realtime] append audio: 4268
2025-11-08 05:33:09,221 - DEBUG - [omni realtime] append audio: 4268
2025-11-08 05:33:09,221 - DEBUG - [omni realtime] append audio: 4268
2025-11-08 05:33:09,222 - DEBUG - [omni realtime] append audio: 4268
2025-11-08 05:33:09,223 - DEBUG - 已发送 320/648 块
2025-11-08 05:33:09,224 - DEBUG - [omni realtime] append audio: 4268
2025-11-08 05:33:09,224 - DEBUG - [omni realtime] append audio: 4268
2025-11-08 05:33:09,225 - DEBUG - [omni realtime] append audio: 4268
2025-11-08 05:33:09,225 - DEBUG - [omni realtime] append audio: 4268
2025-11-08 05:33:09,226 - DEBUG - [omni realtime] append audio: 4268
2025-11-08 05:33:09,227 - DEBUG - [omni realtime] append audio: 4268
2025-11-08 05:33:09,227 - DEBUG - [omni realtime] append audio: 4268
2025-11-08 05:33:09,228 - DEBUG - [omni realtime] append audio: 4268
2025-11-08 05:33:09,228 - DEBUG - [omni realtime] append audio: 4268
2025-11-08 05:33:09,229 - DEBUG - [omni realtime] append audio: 4268
2025-11-08 05:33:09,229 - DEBUG - 已发送 330/648 块
2025-11-08 05:33:09,230 - DEBUG - [omni realtime] append audio: 4268
2025-11-08 05:33:09,231 - DEBUG - [omni realtime] append audio: 4268
2025-11-08 05:33:09,231 - DEBUG - [omni realtime] append audio: 4268
2025-11-08 05:33:09,232 - DEBUG - [omni realtime] append audio: 4268
2025-11-08 05:33:09,233 - DEBUG - [omni realtime] append audio: 4268
2025-11-08 05:33:09,233 - DEBUG - [omni realtime] append audio: 4268
2025-11-08 05:33:09,234 - DEBUG - [omni realtime] append audio: 4268
2025-11-08 05:33:09,234 - DEBUG - [omni realtime] append audio: 4268
2025-11-08 05:33:09,235 - DEBUG - [omni realtime] append audio: 4268
2025-11-08 05:33:09,235 - DEBUG - [omni realtime] append audio: 4268
2025-11-08 05:33:09,236 - DEBUG - 已发送 340/648 块
2025-11-08 05:33:09,236 - DEBUG - [omni realtime] append audio: 4268
2025-11-08 05:33:09,237 - DEBUG - [omni realtime] append audio: 4268
2025-11-08 05:33:09,238 - DEBUG - [omni realtime] append audio: 4268
2025-11-08 05:33:09,238 - DEBUG - [omni realtime] append audio: 4268
2025-11-08 05:33:09,239 - DEBUG - [omni realtime] append audio: 4268
2025-11-08 05:33:09,239 - DEBUG - [omni realtime] append audio: 4268
2025-11-08 05:33:09,240 - DEBUG - [omni realtime] append audio: 4268
2025-11-08 05:33:09,241 - DEBUG - [omni realtime] append audio: 4268
2025-11-08 05:33:09,241 - DEBUG - [omni realtime] append audio: 4268
2025-11-08 05:33:09,242 - DEBUG - [omni realtime] append audio: 4268
2025-11-08 05:33:09,243 - DEBUG - 已发送 350/648 块
2025-11-08 05:33:09,243 - DEBUG - [omni realtime] append audio: 4268
2025-11-08 05:33:09,243 - DEBUG - [omni realtime] append audio: 4268
2025-11-08 05:33:09,244 - DEBUG - [omni realtime] append audio: 4268
2025-11-08 05:33:09,244 - DEBUG - [omni realtime] append audio: 4268
2025-11-08 05:33:09,245 - DEBUG - [omni realtime] append audio: 4268
2025-11-08 05:33:09,245 - DEBUG - [omni realtime] append audio: 4268
2025-11-08 05:33:09,246 - DEBUG - [omni realtime] append audio: 4268
2025-11-08 05:33:09,246 - DEBUG - [omni realtime] append audio: 4268
2025-11-08 05:33:09,247 - DEBUG - [omni realtime] append audio: 4268
2025-11-08 05:33:09,248 - DEBUG - [omni realtime] append audio: 4268
2025-11-08 05:33:09,248 - DEBUG - 已发送 360/648 块
2025-11-08 05:33:09,249 - DEBUG - [omni realtime] append audio: 4268
2025-11-08 05:33:09,249 - DEBUG - [omni realtime] append audio: 4268
2025-11-08 05:33:09,250 - DEBUG - [omni realtime] append audio: 4268
2025-11-08 05:33:09,251 - DEBUG - [omni realtime] append audio: 4268
2025-11-08 05:33:09,251 - DEBUG - [omni realtime] append audio: 4268
2025-11-08 05:33:09,252 - DEBUG - [omni realtime] append audio: 4268
2025-11-08 05:33:09,253 - DEBUG - [omni realtime] append audio: 4268
2025-11-08 05:33:09,253 - DEBUG - [omni realtime] append audio: 4268
2025-11-08 05:33:09,254 - DEBUG - [omni realtime] append audio: 4268
2025-11-08 05:33:09,255 - DEBUG - [omni realtime] append audio: 4268
2025-11-08 05:33:09,255 - DEBUG - 已发送 370/648 块
2025-11-08 05:33:09,256 - DEBUG - [omni realtime] append audio: 4268
2025-11-08 05:33:09,256 - DEBUG - [omni realtime] append audio: 4268
2025-11-08 05:33:09,257 - DEBUG - [omni realtime] append audio: 4268
2025-11-08 05:33:09,258 - DEBUG - [omni realtime] append audio: 4268
2025-11-08 05:33:09,258 - DEBUG - [omni realtime] append audio: 4268
2025-11-08 05:33:09,259 - DEBUG - [omni realtime] append audio: 4268
2025-11-08 05:33:09,259 - DEBUG - [omni realtime] append audio: 4268
2025-11-08 05:33:09,260 - DEBUG - [omni realtime] append audio: 4268
2025-11-08 05:33:09,261 - DEBUG - [omni realtime] append audio: 4268
2025-11-08 05:33:09,261 - DEBUG - [omni realtime] append audio: 4268
2025-11-08 05:33:09,262 - DEBUG - 已发送 380/648 块
2025-11-08 05:33:09,263 - DEBUG - [omni realtime] append audio: 4268
2025-11-08 05:33:09,263 - DEBUG - [omni realtime] append audio: 4268
2025-11-08 05:33:09,264 - DEBUG - [omni realtime] append audio: 4268
2025-11-08 05:33:09,266 - DEBUG - [omni realtime] append audio: 4268
2025-11-08 05:33:09,267 - DEBUG - [omni realtime] append audio: 4268
2025-11-08 05:33:09,267 - DEBUG - [omni realtime] append audio: 4268
2025-11-08 05:33:09,268 - DEBUG - [omni realtime] append audio: 4268
2025-11-08 05:33:09,268 - DEBUG - [omni realtime] append audio: 4268
2025-11-08 05:33:09,269 - DEBUG - [omni realtime] append audio: 4268
2025-11-08 05:33:09,269 - DEBUG - [omni realtime] append audio: 4268
2025-11-08 05:33:09,270 - DEBUG - 已发送 390/648 块
2025-11-08 05:33:09,270 - DEBUG - [omni realtime] append audio: 4268
2025-11-08 05:33:09,271 - DEBUG - [omni realtime] append audio: 4268
2025-11-08 05:33:09,271 - DEBUG - [omni realtime] append audio: 4268
2025-11-08 05:33:09,272 - DEBUG - [omni realtime] append audio: 4268
2025-11-08 05:33:09,272 - DEBUG - [omni realtime] append audio: 4268
2025-11-08 05:33:09,273 - DEBUG - [omni realtime] append audio: 4268
2025-11-08 05:33:09,274 - DEBUG - [omni realtime] append audio: 4268
2025-11-08 05:33:09,274 - DEBUG - [omni realtime] append audio: 4268
2025-11-08 05:33:09,275 - DEBUG - [omni realtime] append audio: 4268
2025-11-08 05:33:09,275 - DEBUG - [omni realtime] append audio: 4268
2025-11-08 05:33:09,276 - DEBUG - 已发送 400/648 块
2025-11-08 05:33:09,276 - DEBUG - [omni realtime] append audio: 4268
2025-11-08 05:33:09,277 - DEBUG - [omni realtime] append audio: 4268
2025-11-08 05:33:09,277 - DEBUG - [omni realtime] append audio: 4268
2025-11-08 05:33:09,277 - DEBUG - [omni realtime] append audio: 4268
2025-11-08 05:33:09,278 - DEBUG - [omni realtime] append audio: 4268
2025-11-08 05:33:09,278 - DEBUG - [omni realtime] append audio: 4268
2025-11-08 05:33:09,279 - DEBUG - [omni realtime] append audio: 4268
2025-11-08 05:33:09,279 - DEBUG - [omni realtime] append audio: 4268
2025-11-08 05:33:09,280 - DEBUG - [omni realtime] append audio: 4268
2025-11-08 05:33:09,280 - DEBUG - [omni realtime] append audio: 4268
2025-11-08 05:33:09,281 - DEBUG - 已发送 410/648 块
2025-11-08 05:33:09,281 - DEBUG - [omni realtime] append audio: 4268
2025-11-08 05:33:09,281 - DEBUG - [omni realtime] append audio: 4268
2025-11-08 05:33:09,282 - DEBUG - [omni realtime] append audio: 4268
2025-11-08 05:33:09,282 - DEBUG - [omni realtime] append audio: 4268
2025-11-08 05:33:09,283 - DEBUG - [omni realtime] append audio: 4268
2025-11-08 05:33:09,283 - DEBUG - [omni realtime] append audio: 4268
2025-11-08 05:33:09,284 - DEBUG - [omni realtime] append audio: 4268
2025-11-08 05:33:09,284 - DEBUG - [omni realtime] append audio: 4268
2025-11-08 05:33:09,285 - DEBUG - [omni realtime] append audio: 4268
2025-11-08 05:33:09,286 - DEBUG - [omni realtime] append audio: 4268
2025-11-08 05:33:09,286 - DEBUG - 已发送 420/648 块
2025-11-08 05:33:09,287 - DEBUG - [omni realtime] append audio: 4268
2025-11-08 05:33:09,287 - DEBUG - [omni realtime] append audio: 4268
2025-11-08 05:33:09,288 - DEBUG - [omni realtime] append audio: 4268
2025-11-08 05:33:09,289 - DEBUG - [omni realtime] append audio: 4268
2025-11-08 05:33:09,290 - DEBUG - [omni realtime] append audio: 4268
2025-11-08 05:33:09,290 - DEBUG - [omni realtime] append audio: 4268
2025-11-08 05:33:09,291 - DEBUG - [omni realtime] append audio: 4268
2025-11-08 05:33:09,291 - DEBUG - [omni realtime] append audio: 4268
2025-11-08 05:33:09,292 - DEBUG - [omni realtime] append audio: 4268
2025-11-08 05:33:09,293 - DEBUG - [omni realtime] append audio: 4268
2025-11-08 05:33:09,293 - DEBUG - 已发送 430/648 块
2025-11-08 05:33:09,293 - DEBUG - [omni realtime] append audio: 4268
2025-11-08 05:33:09,294 - DEBUG - [omni realtime] append audio: 4268
2025-11-08 05:33:09,294 - DEBUG - [omni realtime] append audio: 4268
2025-11-08 05:33:09,295 - DEBUG - [omni realtime] append audio: 4268
2025-11-08 05:33:09,296 - DEBUG - [omni realtime] append audio: 4268
2025-11-08 05:33:09,297 - DEBUG - [omni realtime] append audio: 4268
2025-11-08 05:33:09,298 - DEBUG - [omni realtime] append audio: 4268
2025-11-08 05:33:09,298 - DEBUG - [omni realtime] append audio: 4268
2025-11-08 05:33:09,299 - DEBUG - [omni realtime] append audio: 4268
2025-11-08 05:33:09,300 - DEBUG - [omni realtime] append audio: 4268
2025-11-08 05:33:09,300 - DEBUG - 已发送 440/648 块
2025-11-08 05:33:09,301 - DEBUG - [omni realtime] append audio: 4268
2025-11-08 05:33:09,301 - DEBUG - [omni realtime] append audio: 4268
2025-11-08 05:33:09,302 - DEBUG - [omni realtime] append audio: 4268
2025-11-08 05:33:09,302 - DEBUG - [omni realtime] append audio: 4268
2025-11-08 05:33:09,303 - DEBUG - [omni realtime] append audio: 4268
2025-11-08 05:33:09,303 - DEBUG - [omni realtime] append audio: 4268
2025-11-08 05:33:09,304 - DEBUG - [omni realtime] append audio: 4268
2025-11-08 05:33:09,304 - DEBUG - [omni realtime] append audio: 4268
2025-11-08 05:33:09,305 - DEBUG - [omni realtime] append audio: 4268
2025-11-08 05:33:09,305 - DEBUG - [omni realtime] append audio: 4268
2025-11-08 05:33:09,306 - DEBUG - 已发送 450/648 块
2025-11-08 05:33:09,306 - DEBUG - [omni realtime] append audio: 4268
2025-11-08 05:33:09,306 - DEBUG - [omni realtime] append audio: 4268
2025-11-08 05:33:09,307 - DEBUG - [omni realtime] append audio: 4268
2025-11-08 05:33:09,307 - DEBUG - [omni realtime] append audio: 4268
2025-11-08 05:33:09,308 - DEBUG - [omni realtime] append audio: 4268
2025-11-08 05:33:09,309 - DEBUG - [omni realtime] append audio: 4268
2025-11-08 05:33:09,309 - DEBUG - [omni realtime] append audio: 4268
2025-11-08 05:33:09,309 - DEBUG - [omni realtime] append audio: 4268
2025-11-08 05:33:09,310 - DEBUG - [omni realtime] append audio: 4268
2025-11-08 05:33:09,310 - DEBUG - [omni realtime] append audio: 4268
2025-11-08 05:33:09,311 - DEBUG - 已发送 460/648 块
2025-11-08 05:33:09,311 - DEBUG - [omni realtime] append audio: 4268
2025-11-08 05:33:09,311 - DEBUG - [omni realtime] append audio: 4268
2025-11-08 05:33:09,312 - DEBUG - [omni realtime] append audio: 4268
2025-11-08 05:33:09,312 - DEBUG - [omni realtime] append audio: 4268
2025-11-08 05:33:09,313 - DEBUG - [omni realtime] append audio: 4268
2025-11-08 05:33:09,313 - DEBUG - [omni realtime] append audio: 4268
2025-11-08 05:33:09,313 - DEBUG - [omni realtime] append audio: 4268
2025-11-08 05:33:09,314 - DEBUG - [omni realtime] append audio: 4268
2025-11-08 05:33:09,314 - DEBUG - [omni realtime] append audio: 4268
2025-11-08 05:33:09,315 - DEBUG - [omni realtime] append audio: 4268
2025-11-08 05:33:09,315 - DEBUG - 已发送 470/648 块
2025-11-08 05:33:09,316 - DEBUG - [omni realtime] append audio: 4268
2025-11-08 05:33:09,316 - DEBUG - [omni realtime] append audio: 4268
2025-11-08 05:33:09,317 - DEBUG - [omni realtime] append audio: 4268
2025-11-08 05:33:09,317 - DEBUG - [omni realtime] append audio: 4268
2025-11-08 05:33:09,318 - DEBUG - [omni realtime] append audio: 4268
2025-11-08 05:33:09,318 - DEBUG - [omni realtime] append audio: 4268
2025-11-08 05:33:09,319 - DEBUG - [omni realtime] append audio: 4268
2025-11-08 05:33:09,319 - DEBUG - [omni realtime] append audio: 4268
2025-11-08 05:33:09,320 - DEBUG - [omni realtime] append audio: 4268
2025-11-08 05:33:09,320 - DEBUG - [omni realtime] append audio: 4268
2025-11-08 05:33:09,320 - DEBUG - 已发送 480/648 块
2025-11-08 05:33:09,321 - DEBUG - [omni realtime] append audio: 4268
2025-11-08 05:33:09,321 - DEBUG - [omni realtime] append audio: 4268
2025-11-08 05:33:09,322 - DEBUG - [omni realtime] append audio: 4268
2025-11-08 05:33:09,323 - DEBUG - [omni realtime] append audio: 4268
2025-11-08 05:33:09,323 - DEBUG - [omni realtime] append audio: 4268
2025-11-08 05:33:09,324 - DEBUG - [omni realtime] append audio: 4268
2025-11-08 05:33:09,324 - DEBUG - [omni realtime] append audio: 4268
2025-11-08 05:33:09,325 - DEBUG - [omni realtime] append audio: 4268
2025-11-08 05:33:09,325 - DEBUG - [omni realtime] append audio: 4268
2025-11-08 05:33:09,325 - DEBUG - [omni realtime] append audio: 4268
2025-11-08 05:33:09,326 - DEBUG - 已发送 490/648 块
2025-11-08 05:33:09,326 - DEBUG - [omni realtime] append audio: 4268
2025-11-08 05:33:09,327 - DEBUG - [omni realtime] append audio: 4268
2025-11-08 05:33:09,327 - DEBUG - [omni realtime] append audio: 4268
2025-11-08 05:33:09,327 - DEBUG - [omni realtime] append audio: 4268
2025-11-08 05:33:09,328 - DEBUG - [omni realtime] append audio: 4268
2025-11-08 05:33:09,328 - DEBUG - [omni realtime] append audio: 4268
2025-11-08 05:33:09,329 - DEBUG - [omni realtime] append audio: 4268
2025-11-08 05:33:09,329 - DEBUG - [omni realtime] append audio: 4268
2025-11-08 05:33:09,330 - DEBUG - [omni realtime] append audio: 4268
2025-11-08 05:33:09,330 - DEBUG - [omni realtime] append audio: 4268
2025-11-08 05:33:09,331 - DEBUG - 已发送 500/648 块
2025-11-08 05:33:09,331 - DEBUG - [omni realtime] append audio: 4268
2025-11-08 05:33:09,332 - DEBUG - [omni realtime] append audio: 4268
2025-11-08 05:33:09,332 - DEBUG - [omni realtime] append audio: 4268
2025-11-08 05:33:09,332 - DEBUG - [omni realtime] append audio: 4268
2025-11-08 05:33:09,333 - DEBUG - [omni realtime] append audio: 4268
2025-11-08 05:33:09,333 - DEBUG - [omni realtime] append audio: 4268
2025-11-08 05:33:09,334 - DEBUG - [omni realtime] append audio: 4268
2025-11-08 05:33:09,335 - DEBUG - [omni realtime] append audio: 4268
2025-11-08 05:33:09,335 - DEBUG - [omni realtime] append audio: 4268
2025-11-08 05:33:09,336 - DEBUG - [omni realtime] append audio: 4268
2025-11-08 05:33:09,336 - DEBUG - 已发送 510/648 块
2025-11-08 05:33:09,336 - DEBUG - [omni realtime] append audio: 4268
2025-11-08 05:33:09,337 - DEBUG - [omni realtime] append audio: 4268
2025-11-08 05:33:09,337 - DEBUG - [omni realtime] append audio: 4268
2025-11-08 05:33:09,338 - DEBUG - [omni realtime] append audio: 4268
2025-11-08 05:33:09,338 - DEBUG - [omni realtime] append audio: 4268
2025-11-08 05:33:09,339 - DEBUG - [omni realtime] append audio: 4268
2025-11-08 05:33:09,339 - DEBUG - [omni realtime] append audio: 4268
2025-11-08 05:33:09,340 - DEBUG - [omni realtime] append audio: 4268
2025-11-08 05:33:09,340 - DEBUG - [omni realtime] append audio: 4268
2025-11-08 05:33:09,341 - DEBUG - [omni realtime] append audio: 4268
2025-11-08 05:33:09,341 - DEBUG - 已发送 520/648 块
2025-11-08 05:33:09,341 - DEBUG - [omni realtime] append audio: 4268
2025-11-08 05:33:09,342 - DEBUG - [omni realtime] append audio: 4268
2025-11-08 05:33:09,342 - DEBUG - [omni realtime] append audio: 4268
2025-11-08 05:33:09,343 - DEBUG - [omni realtime] append audio: 4268
2025-11-08 05:33:09,343 - DEBUG - [omni realtime] append audio: 4268
2025-11-08 05:33:09,344 - DEBUG - [omni realtime] append audio: 4268
2025-11-08 05:33:09,344 - DEBUG - [omni realtime] append audio: 4268
2025-11-08 05:33:09,344 - DEBUG - [omni realtime] append audio: 4268
2025-11-08 05:33:09,345 - DEBUG - [omni realtime] append audio: 4268
2025-11-08 05:33:09,345 - DEBUG - [omni realtime] append audio: 4268
2025-11-08 05:33:09,345 - DEBUG - 已发送 530/648 块
2025-11-08 05:33:09,346 - DEBUG - [omni realtime] append audio: 4268
2025-11-08 05:33:09,346 - DEBUG - [omni realtime] append audio: 4268
2025-11-08 05:33:09,346 - DEBUG - [omni realtime] append audio: 4268
2025-11-08 05:33:09,347 - DEBUG - [omni realtime] append audio: 4268
2025-11-08 05:33:09,347 - DEBUG - [omni realtime] append audio: 4268
2025-11-08 05:33:09,348 - DEBUG - [omni realtime] append audio: 4268
2025-11-08 05:33:09,348 - DEBUG - [omni realtime] append audio: 4268
2025-11-08 05:33:09,349 - DEBUG - [omni realtime] append audio: 4268
2025-11-08 05:33:09,349 - DEBUG - [omni realtime] append audio: 4268
2025-11-08 05:33:09,349 - DEBUG - [omni realtime] append audio: 4268
2025-11-08 05:33:09,350 - DEBUG - 已发送 540/648 块
2025-11-08 05:33:09,350 - DEBUG - [omni realtime] append audio: 4268
2025-11-08 05:33:09,350 - DEBUG - [omni realtime] append audio: 4268
2025-11-08 05:33:09,351 - DEBUG - [omni realtime] append audio: 4268
2025-11-08 05:33:09,351 - DEBUG - [omni realtime] append audio: 4268
2025-11-08 05:33:09,352 - DEBUG - [omni realtime] append audio: 4268
2025-11-08 05:33:09,352 - DEBUG - [omni realtime] append audio: 4268
2025-11-08 05:33:09,352 - DEBUG - [omni realtime] append audio: 4268
2025-11-08 05:33:09,353 - DEBUG - [omni realtime] append audio: 4268
2025-11-08 05:33:09,353 - DEBUG - [omni realtime] append audio: 4268
2025-11-08 05:33:09,354 - DEBUG - [omni realtime] append audio: 4268
2025-11-08 05:33:09,354 - DEBUG - 已发送 550/648 块
2025-11-08 05:33:09,354 - DEBUG - [omni realtime] append audio: 4268
2025-11-08 05:33:09,355 - DEBUG - [omni realtime] append audio: 4268
2025-11-08 05:33:09,355 - DEBUG - [omni realtime] append audio: 4268
2025-11-08 05:33:09,356 - DEBUG - [omni realtime] append audio: 4268
2025-11-08 05:33:09,356 - DEBUG - [omni realtime] append audio: 4268
2025-11-08 05:33:09,357 - DEBUG - [omni realtime] append audio: 4268
2025-11-08 05:33:09,357 - DEBUG - [omni realtime] receive string {"event_id":"event_ZKKITVrHnlRRfeXq8rpGG","type":"input_audio_buffer.speech_started","audio_start_ms":284,"item_id":"item_P8qW1xvdlx1iQgb3zcZ1X"}
2025-11-08 05:33:09,358 - DEBUG - [omni realtime] append audio: 4268
2025-11-08 05:33:09,358 - INFO - --------------------------------------------------------------------------------
2025-11-08 05:33:09,358 - DEBUG - [omni realtime] append audio: 4268
2025-11-08 05:33:09,358 - INFO - 事件类型: input_audio_buffer.speech_started
2025-11-08 05:33:09,359 - DEBUG - [omni realtime] append audio: 4268
2025-11-08 05:33:09,359 - INFO - 完整事件数据:
2025-11-08 05:33:09,359 - DEBUG - [omni realtime] append audio: 4268
2025-11-08 05:33:09,359 - INFO -     event_id: event_ZKKITVrHnlRRfeXq8rpGG
2025-11-08 05:33:09,360 - DEBUG - 已发送 560/648 块
2025-11-08 05:33:09,360 - INFO -     type: input_audio_buffer.speech_started
2025-11-08 05:33:09,360 - DEBUG - [omni realtime] append audio: 4268
2025-11-08 05:33:09,360 - INFO -     audio_start_ms: 284
2025-11-08 05:33:09,361 - DEBUG - [omni realtime] append audio: 4268
2025-11-08 05:33:09,361 - INFO -     item_id: item_P8qW1xvdlx1iQgb3zcZ1X
2025-11-08 05:33:09,362 - DEBUG - [omni realtime] append audio: 4268
2025-11-08 05:33:09,362 - INFO - --------------------------------------------------------------------------------
2025-11-08 05:33:09,362 - DEBUG - [omni realtime] append audio: 4268
2025-11-08 05:33:09,363 - DEBUG - [omni realtime] append audio: 4268
2025-11-08 05:33:09,363 - DEBUG - [omni realtime] append audio: 4268
2025-11-08 05:33:09,364 - DEBUG - [omni realtime] append audio: 4268
2025-11-08 05:33:09,364 - DEBUG - [omni realtime] append audio: 4268
2025-11-08 05:33:09,365 - DEBUG - [omni realtime] append audio: 4268
2025-11-08 05:33:09,365 - DEBUG - [omni realtime] append audio: 4268
2025-11-08 05:33:09,366 - DEBUG - 已发送 570/648 块
2025-11-08 05:33:09,366 - DEBUG - [omni realtime] append audio: 4268
2025-11-08 05:33:09,366 - DEBUG - [omni realtime] append audio: 4268
2025-11-08 05:33:09,367 - DEBUG - [omni realtime] append audio: 4268
2025-11-08 05:33:09,367 - DEBUG - [omni realtime] append audio: 4268
2025-11-08 05:33:09,368 - DEBUG - [omni realtime] append audio: 4268
2025-11-08 05:33:09,368 - DEBUG - [omni realtime] append audio: 4268
2025-11-08 05:33:09,368 - DEBUG - [omni realtime] append audio: 4268
2025-11-08 05:33:09,369 - DEBUG - [omni realtime] append audio: 4268
2025-11-08 05:33:09,369 - DEBUG - [omni realtime] append audio: 4268
2025-11-08 05:33:09,369 - DEBUG - [omni realtime] append audio: 4268
2025-11-08 05:33:09,370 - DEBUG - 已发送 580/648 块
2025-11-08 05:33:09,370 - DEBUG - [omni realtime] append audio: 4268
2025-11-08 05:33:09,370 - DEBUG - [omni realtime] append audio: 4268
2025-11-08 05:33:09,371 - DEBUG - [omni realtime] append audio: 4268
2025-11-08 05:33:09,371 - DEBUG - [omni realtime] append audio: 4268
2025-11-08 05:33:09,371 - DEBUG - [omni realtime] append audio: 4268
2025-11-08 05:33:09,372 - DEBUG - [omni realtime] append audio: 4268
2025-11-08 05:33:09,373 - DEBUG - [omni realtime] append audio: 4268
2025-11-08 05:33:09,373 - DEBUG - [omni realtime] append audio: 4268
2025-11-08 05:33:09,374 - DEBUG - [omni realtime] append audio: 4268
2025-11-08 05:33:09,374 - DEBUG - [omni realtime] append audio: 4268
2025-11-08 05:33:09,375 - DEBUG - 已发送 590/648 块
2025-11-08 05:33:09,375 - DEBUG - [omni realtime] append audio: 4268
2025-11-08 05:33:09,375 - DEBUG - [omni realtime] append audio: 4268
2025-11-08 05:33:09,376 - DEBUG - [omni realtime] append audio: 4268
2025-11-08 05:33:09,376 - DEBUG - [omni realtime] append audio: 4268
2025-11-08 05:33:09,377 - DEBUG - [omni realtime] append audio: 4268
2025-11-08 05:33:09,377 - DEBUG - [omni realtime] append audio: 4268
2025-11-08 05:33:09,378 - DEBUG - [omni realtime] append audio: 4268
2025-11-08 05:33:09,378 - DEBUG - [omni realtime] append audio: 4268
2025-11-08 05:33:09,379 - DEBUG - [omni realtime] append audio: 4268
2025-11-08 05:33:09,379 - DEBUG - [omni realtime] append audio: 4268
2025-11-08 05:33:09,380 - DEBUG - 已发送 600/648 块
2025-11-08 05:33:09,380 - DEBUG - [omni realtime] append audio: 4268
2025-11-08 05:33:09,380 - DEBUG - [omni realtime] append audio: 4268
2025-11-08 05:33:09,381 - DEBUG - [omni realtime] append audio: 4268
2025-11-08 05:33:09,381 - DEBUG - [omni realtime] append audio: 4268
2025-11-08 05:33:09,382 - DEBUG - [omni realtime] append audio: 4268
2025-11-08 05:33:09,382 - DEBUG - [omni realtime] append audio: 4268
2025-11-08 05:33:09,383 - DEBUG - [omni realtime] append audio: 4268
2025-11-08 05:33:09,383 - DEBUG - [omni realtime] append audio: 4268
2025-11-08 05:33:09,384 - DEBUG - [omni realtime] append audio: 4268
2025-11-08 05:33:09,384 - DEBUG - [omni realtime] append audio: 4268
2025-11-08 05:33:09,384 - DEBUG - 已发送 610/648 块
2025-11-08 05:33:09,385 - DEBUG - [omni realtime] append audio: 4268
2025-11-08 05:33:09,385 - DEBUG - [omni realtime] append audio: 4268
2025-11-08 05:33:09,386 - DEBUG - [omni realtime] append audio: 4268
2025-11-08 05:33:09,386 - DEBUG - [omni realtime] append audio: 4268
2025-11-08 05:33:09,386 - DEBUG - [omni realtime] append audio: 4268
2025-11-08 05:33:09,387 - DEBUG - [omni realtime] append audio: 4268
2025-11-08 05:33:09,387 - DEBUG - [omni realtime] append audio: 4268
2025-11-08 05:33:09,387 - DEBUG - [omni realtime] append audio: 4268
2025-11-08 05:33:09,388 - DEBUG - [omni realtime] append audio: 4268
2025-11-08 05:33:09,388 - DEBUG - [omni realtime] append audio: 4268
2025-11-08 05:33:09,388 - DEBUG - 已发送 620/648 块
2025-11-08 05:33:09,389 - DEBUG - [omni realtime] append audio: 4268
2025-11-08 05:33:09,389 - DEBUG - [omni realtime] append audio: 4268
2025-11-08 05:33:09,390 - DEBUG - [omni realtime] append audio: 4268
2025-11-08 05:33:09,390 - DEBUG - [omni realtime] append audio: 4268
2025-11-08 05:33:09,390 - DEBUG - [omni realtime] append audio: 4268
2025-11-08 05:33:09,391 - DEBUG - [omni realtime] append audio: 4268
2025-11-08 05:33:09,391 - DEBUG - [omni realtime] append audio: 4268
2025-11-08 05:33:09,392 - DEBUG - [omni realtime] append audio: 4268
2025-11-08 05:33:09,392 - DEBUG - [omni realtime] append audio: 4268
2025-11-08 05:33:09,393 - DEBUG - [omni realtime] append audio: 4268
2025-11-08 05:33:09,393 - DEBUG - 已发送 630/648 块
2025-11-08 05:33:09,394 - DEBUG - [omni realtime] append audio: 4268
2025-11-08 05:33:09,394 - DEBUG - [omni realtime] append audio: 4268
2025-11-08 05:33:09,395 - DEBUG - [omni realtime] append audio: 4268
2025-11-08 05:33:09,395 - DEBUG - [omni realtime] append audio: 4268
2025-11-08 05:33:09,396 - DEBUG - [omni realtime] append audio: 4268
2025-11-08 05:33:09,396 - DEBUG - [omni realtime] append audio: 4268
2025-11-08 05:33:09,396 - DEBUG - [omni realtime] append audio: 4268
2025-11-08 05:33:09,397 - DEBUG - [omni realtime] append audio: 4268
2025-11-08 05:33:09,397 - DEBUG - [omni realtime] append audio: 4268
2025-11-08 05:33:09,398 - DEBUG - [omni realtime] append audio: 4268
2025-11-08 05:33:09,398 - DEBUG - 已发送 640/648 块
2025-11-08 05:33:09,398 - DEBUG - [omni realtime] append audio: 4268
2025-11-08 05:33:09,399 - DEBUG - [omni realtime] append audio: 4268
2025-11-08 05:33:09,399 - DEBUG - [omni realtime] append audio: 4268
2025-11-08 05:33:09,400 - DEBUG - [omni realtime] append audio: 4268
2025-11-08 05:33:09,400 - DEBUG - [omni realtime] append audio: 4268
2025-11-08 05:33:09,400 - DEBUG - [omni realtime] append audio: 4268
2025-11-08 05:33:09,401 - DEBUG - [omni realtime] append audio: 4268
2025-11-08 05:33:09,401 - DEBUG - [omni realtime] append audio: 2520
2025-11-08 05:33:09,402 - INFO - 所有音频数据已发送 (648 块)
2025-11-08 05:33:09,402 - INFO - 
步骤 5: 提交音频并请求分析
2025-11-08 05:33:09,402 - INFO - ================================================================================
2025-11-08 05:33:09,402 - INFO - 提示词: 你是一个专业的儿童语音识别与语义理解助手,将语音转录为文本

2025-11-08 05:33:09,403 - DEBUG - [omni realtime] send string: {"event_id": "event_182f8fe66bea4f588246d96a3a7ef07e", "type": "input_audio_buffer.commit"}
2025-11-08 05:33:09,403 - DEBUG - [omni realtime] send string: {"event_id": "event_34f29cc7e3f74204bb4e874fc9a6ee10", "type": "response.create", "response": {"instructions": "\u4f60\u662f\u4e00\u4e2a\u4e13\u4e1a\u7684\u513f\u7ae5\u8bed\u97f3\u8bc6\u522b\u4e0e\u8bed\u4e49\u7406\u89e3\u52a9\u624b,\u5c06\u8bed\u97f3\u8f6c\u5f55\u4e3a\u6587\u672c\n", "modalities": ["text"]}}
2025-11-08 05:33:09,403 - INFO - 
步骤 6: 等待 AI 响应
2025-11-08 05:33:09,403 - INFO - ================================================================================
2025-11-08 05:33:09,404 - INFO - 开始等待响应事件...

2025-11-08 05:33:09,566 - DEBUG - [omni realtime] receive string {"event_id":"event_NpGneAJfAYoBIAP5lJTf8","type":"input_audio_buffer.speech_stopped","audio_end_ms":536,"item_id":"item_P8qW1xvdlx1iQgb3zcZ1X"}
2025-11-08 05:33:09,566 - INFO - --------------------------------------------------------------------------------
2025-11-08 05:33:09,567 - INFO - 事件类型: input_audio_buffer.speech_stopped
2025-11-08 05:33:09,567 - INFO - 完整事件数据:
2025-11-08 05:33:09,567 - INFO -     event_id: event_NpGneAJfAYoBIAP5lJTf8
2025-11-08 05:33:09,568 - INFO -     type: input_audio_buffer.speech_stopped
2025-11-08 05:33:09,568 - INFO -     audio_end_ms: 536
2025-11-08 05:33:09,568 - INFO -     item_id: item_P8qW1xvdlx1iQgb3zcZ1X
2025-11-08 05:33:09,568 - INFO - --------------------------------------------------------------------------------
2025-11-08 05:33:09,569 - DEBUG - [omni realtime] receive string {"event_id":"event_ZFjdaIGBBN66zZAeaFr2F","type":"input_audio_buffer.committed","item_id":"item_P8qW1xvdlx1iQgb3zcZ1X"}
2025-11-08 05:33:09,569 - INFO - --------------------------------------------------------------------------------
2025-11-08 05:33:09,569 - INFO - 事件类型: input_audio_buffer.committed
2025-11-08 05:33:09,570 - INFO - 完整事件数据:
2025-11-08 05:33:09,570 - INFO -     event_id: event_ZFjdaIGBBN66zZAeaFr2F
2025-11-08 05:33:09,570 - INFO -     type: input_audio_buffer.committed
2025-11-08 05:33:09,570 - INFO -     item_id: item_P8qW1xvdlx1iQgb3zcZ1X
2025-11-08 05:33:09,570 - INFO - --------------------------------------------------------------------------------
2025-11-08 05:33:09,571 - DEBUG - [omni realtime] receive string {"event_id":"event_IYBUX6IqbryPQfVlPXyO3","type":"conversation.item.created","item":{"id":"item_P8qW1xvdlx1iQgb3zcZ1X","object":"realtime.item","type":"message","status":"in_progress","role":"assistant","content":[{"type":"input_audio"}]}}
2025-11-08 05:33:09,571 - INFO - --------------------------------------------------------------------------------
2025-11-08 05:33:09,571 - INFO - 事件类型: conversation.item.created
2025-11-08 05:33:09,571 - INFO - 完整事件数据:
2025-11-08 05:33:09,571 - INFO -     event_id: event_IYBUX6IqbryPQfVlPXyO3
2025-11-08 05:33:09,571 - INFO -     type: conversation.item.created
2025-11-08 05:33:09,572 - INFO -     item:
2025-11-08 05:33:09,572 - INFO -       id: item_P8qW1xvdlx1iQgb3zcZ1X
2025-11-08 05:33:09,572 - INFO -       object: realtime.item
2025-11-08 05:33:09,573 - INFO -       type: message
2025-11-08 05:33:09,573 - INFO -       status: in_progress
2025-11-08 05:33:09,573 - INFO -       role: assistant
2025-11-08 05:33:09,573 - INFO -       content:
2025-11-08 05:33:09,574 - INFO -         [0]:
2025-11-08 05:33:09,574 - INFO -           type: input_audio
2025-11-08 05:33:09,574 - INFO - --------------------------------------------------------------------------------
2025-11-08 05:33:09,574 - DEBUG - [omni realtime] receive string {"event_id":"event_DG493PF3lKz7ePIRV73KR","type":"conversation.item.input_audio_transcription.completed","item_id":"item_P8qW1xvdlx1iQgb3zcZ1X","content_index":0,"transcript":"你可以自己再说一次吗？"}
2025-11-08 05:33:09,575 - INFO - --------------------------------------------------------------------------------
2025-11-08 05:33:09,575 - INFO - 事件类型: conversation.item.input_audio_transcription.completed
2025-11-08 05:33:09,575 - INFO - 完整事件数据:
2025-11-08 05:33:09,575 - INFO -     event_id: event_DG493PF3lKz7ePIRV73KR
2025-11-08 05:33:09,575 - INFO -     type: conversation.item.input_audio_transcription.completed
2025-11-08 05:33:09,575 - INFO -     item_id: item_P8qW1xvdlx1iQgb3zcZ1X
2025-11-08 05:33:09,575 - INFO -     content_index: 0
2025-11-08 05:33:09,576 - INFO -     transcript: 你可以自己再说一次吗？
2025-11-08 05:33:09,576 - INFO - --------------------------------------------------------------------------------
2025-11-08 05:33:09,653 - DEBUG - [omni realtime] receive string {"event_id":"event_N8yG8FUbMq2yfxw37Dv4g","type":"input_audio_buffer.speech_started","audio_start_ms":621,"item_id":"item_YTm1CBYNtVFoHuVPqqZji"}
2025-11-08 05:33:09,653 - INFO - --------------------------------------------------------------------------------
2025-11-08 05:33:09,653 - INFO - 事件类型: input_audio_buffer.speech_started
2025-11-08 05:33:09,654 - INFO - 完整事件数据:
2025-11-08 05:33:09,654 - INFO -     event_id: event_N8yG8FUbMq2yfxw37Dv4g
2025-11-08 05:33:09,654 - INFO -     type: input_audio_buffer.speech_started
2025-11-08 05:33:09,654 - INFO -     audio_start_ms: 621
2025-11-08 05:33:09,654 - INFO -     item_id: item_YTm1CBYNtVFoHuVPqqZji
2025-11-08 05:33:09,655 - INFO - --------------------------------------------------------------------------------
2025-11-08 05:33:09,655 - DEBUG - [omni realtime] receive string {"text":"","event_id":"event_QlgGLIVgCM1xFDSe2Yei7","type":"response.text.done","item_id":"item_YTm1CBYNtVFoHuVPqqZji","output_index":0,"content_index":0}
2025-11-08 05:33:09,655 - INFO - --------------------------------------------------------------------------------
2025-11-08 05:33:09,656 - INFO - 事件类型: response.text.done
2025-11-08 05:33:09,656 - INFO - 完整事件数据:
2025-11-08 05:33:09,656 - INFO -     text: 
2025-11-08 05:33:09,657 - INFO -     event_id: event_QlgGLIVgCM1xFDSe2Yei7
2025-11-08 05:33:09,657 - INFO -     type: response.text.done
2025-11-08 05:33:09,658 - INFO -     item_id: item_YTm1CBYNtVFoHuVPqqZji
2025-11-08 05:33:09,658 - INFO -     output_index: 0
2025-11-08 05:33:09,658 - INFO -     content_index: 0
2025-11-08 05:33:09,659 - INFO - --------------------------------------------------------------------------------
2025-11-08 05:33:09,659 - DEBUG - [omni realtime] receive string {"event_id":"event_HPvslMsXmpusQFuOS3EAk","type":"response.content_part.done","item_id":"item_YTm1CBYNtVFoHuVPqqZji","output_index":0,"content_index":0,"part":{"type":"text","text":""}}
2025-11-08 05:33:09,659 - INFO - --------------------------------------------------------------------------------
2025-11-08 05:33:09,660 - INFO - 事件类型: response.content_part.done
2025-11-08 05:33:09,660 - INFO - 完整事件数据:
2025-11-08 05:33:09,660 - INFO -     event_id: event_HPvslMsXmpusQFuOS3EAk
2025-11-08 05:33:09,660 - INFO -     type: response.content_part.done
2025-11-08 05:33:09,660 - INFO -     item_id: item_YTm1CBYNtVFoHuVPqqZji
2025-11-08 05:33:09,661 - INFO -     output_index: 0
2025-11-08 05:33:09,661 - INFO -     content_index: 0
2025-11-08 05:33:09,661 - INFO -     part:
2025-11-08 05:33:09,661 - INFO -       type: text
2025-11-08 05:33:09,661 - INFO -       text: 
2025-11-08 05:33:09,661 - INFO - --------------------------------------------------------------------------------
2025-11-08 05:33:09,686 - DEBUG - [omni realtime] receive string {"event_id":"event_TX21ukclzl9y7g9WB5M7D","type":"response.output_item.done","output_index":0,"item":{"id":"item_YTm1CBYNtVFoHuVPqqZji","object":"realtime.item","type":"message","status":"completed","role":"assistant","content":[{"type":"text","text":""}]}}
2025-11-08 05:33:09,687 - INFO - --------------------------------------------------------------------------------
2025-11-08 05:33:09,687 - INFO - 事件类型: response.output_item.done
2025-11-08 05:33:09,687 - INFO - 完整事件数据:
2025-11-08 05:33:09,687 - INFO -     event_id: event_TX21ukclzl9y7g9WB5M7D
2025-11-08 05:33:09,687 - INFO -     type: response.output_item.done
2025-11-08 05:33:09,688 - INFO -     output_index: 0
2025-11-08 05:33:09,688 - INFO -     item:
2025-11-08 05:33:09,688 - INFO -       id: item_YTm1CBYNtVFoHuVPqqZji
2025-11-08 05:33:09,688 - INFO -       object: realtime.item
2025-11-08 05:33:09,689 - INFO -       type: message
2025-11-08 05:33:09,689 - INFO -       status: completed
2025-11-08 05:33:09,689 - INFO -       role: assistant
2025-11-08 05:33:09,689 - INFO -       content:
2025-11-08 05:33:09,690 - INFO -         [0]:
2025-11-08 05:33:09,690 - INFO -           type: text
2025-11-08 05:33:09,690 - INFO -           text: 
2025-11-08 05:33:09,690 - INFO - --------------------------------------------------------------------------------
2025-11-08 05:33:09,691 - DEBUG - [omni realtime] receive string {"event_id":"event_J4KahVOw2QaQLUgOSBt6h","type":"response.done","response":{"object":"realtime.response","conversation_id":"conv_FO4jUkFAvWWtEXaQxic6q","status":"cancelled","status_details":{"type":"cancelled","reason":"turn_detected"},"modalities":["text"],"voice":"Ethan","output_audio_format":"pcm16","output":[{"id":"item_YTm1CBYNtVFoHuVPqqZji","object":"realtime.item","type":"message","status":"incomplete","role":"assistant","content":[{"type":"text","text":""}]}]}}
2025-11-08 05:33:09,691 - INFO - --------------------------------------------------------------------------------
2025-11-08 05:33:09,691 - INFO - 事件类型: response.done
2025-11-08 05:33:09,691 - INFO - 完整事件数据:
2025-11-08 05:33:09,692 - INFO -     event_id: event_J4KahVOw2QaQLUgOSBt6h
2025-11-08 05:33:09,692 - INFO -     type: response.done
2025-11-08 05:33:09,692 - INFO -     response:
2025-11-08 05:33:09,692 - INFO -       object: realtime.response
2025-11-08 05:33:09,693 - INFO -       conversation_id: conv_FO4jUkFAvWWtEXaQxic6q
2025-11-08 05:33:09,693 - INFO -       status: cancelled
2025-11-08 05:33:09,693 - INFO -       status_details:
2025-11-08 05:33:09,693 - INFO -         type: cancelled
2025-11-08 05:33:09,693 - INFO -         reason: turn_detected
2025-11-08 05:33:09,694 - INFO -       modalities:
2025-11-08 05:33:09,694 - INFO -         [0]:
2025-11-08 05:33:09,694 - INFO -           text
2025-11-08 05:33:09,694 - INFO -       voice: Ethan
2025-11-08 05:33:09,694 - INFO -       output_audio_format: pcm16
2025-11-08 05:33:09,695 - INFO -       output:
2025-11-08 05:33:09,695 - INFO -         [0]:
2025-11-08 05:33:09,695 - INFO -           id: item_YTm1CBYNtVFoHuVPqqZji
2025-11-08 05:33:09,695 - INFO -           object: realtime.item
2025-11-08 05:33:09,695 - INFO -           type: message
2025-11-08 05:33:09,695 - INFO -           status: incomplete
2025-11-08 05:33:09,695 - INFO -           role: assistant
2025-11-08 05:33:09,695 - INFO -           content:
2025-11-08 05:33:09,696 - INFO -             [0]:
2025-11-08 05:33:09,696 - INFO -               type: text
2025-11-08 05:33:09,696 - INFO -               text: 
2025-11-08 05:33:09,696 - INFO - --------------------------------------------------------------------------------
2025-11-08 05:33:09,696 - INFO - ********************************************************************************
2025-11-08 05:33:09,696 - INFO - 响应完成事件触发
2025-11-08 05:33:09,696 - INFO - ********************************************************************************
2025-11-08 05:33:09,697 - INFO - [Metric] response: None, first text delay: None, first audio delay: None
2025-11-08 05:33:09,697 - INFO - 
================================================================================
2025-11-08 05:33:09,697 - INFO - 处理完成
2025-11-08 05:33:09,697 - INFO - ================================================================================
2025-11-08 05:33:09,829 - INFO - ================================================================================
2025-11-08 05:33:09,830 - INFO - 
程序结束
2025-11-08 05:33:09,830 - INFO - WebSocket 连接关闭
2025-11-08 05:34:11,428 - INFO - ================================================================================
2025-11-08 05:34:11,429 - INFO - 调试模式 - 纯 logging 输出
2025-11-08 05:34:11,429 - INFO - ================================================================================
2025-11-08 05:34:11,431 - INFO - 加载配置文件: ./config3.yml
2025-11-08 05:34:11,431 - INFO - API Key: sk-9b155a5...
2025-11-08 05:34:11,432 - INFO - Model: qwen3-omni-flash-realtime
2025-11-08 05:34:11,432 - INFO - Audio Path: ./test/考核点3：语音识别与语义理解/1.mp4
2025-11-08 05:34:11,432 - INFO - 
步骤 1: 提取音频
2025-11-08 05:34:11,432 - INFO - ================================================================================
2025-11-08 05:34:11,432 - INFO - 开始提取音频: ./test/考核点3：语音识别与语义理解/1.mp4
2025-11-08 05:34:11,432 - DEBUG - FFmpeg命令: ffmpeg -loglevel error -i ./test/考核点3：语音识别与语义理解/1.mp4 -vn -acodec pcm_s16le -ar 16000 -ac 1 -f wav -
2025-11-08 05:34:11,538 - INFO - 音频提取完成: 2072288 字节
2025-11-08 05:34:11,539 - INFO - 
步骤 2: 初始化 WebSocket 会话
2025-11-08 05:34:11,539 - INFO - ================================================================================
2025-11-08 05:34:11,539 - INFO - 正在连接...
2025-11-08 05:34:11,775 - INFO - Websocket connected
2025-11-08 05:34:11,778 - DEBUG - [omni realtime] receive string {"event_id":"event_FvS2hCGLAVVo8rbgN7tam","type":"session.created","session":{"object":"realtime.session","model":"qwen3-omni-flash-realtime","modalities":["text","audio"],"voice":"Cherry","input_audio_format":"pcm16","output_audio_format":"pcm24","input_audio_transcription":{"model":"gummy-realtime-v1"},"turn_detection":{"type":"server_vad","threshold":0.5,"prefix_padding_ms":300,"silence_duration_ms":800,"create_response":true,"interrupt_response":true},"tools":[],"tool_choice":"auto","temperature":0.8,"max_response_output_tokens":"inf","id":"sess_VHgVv6Vw2QklweUPwLEaV"}}
2025-11-08 05:34:11,778 - INFO - --------------------------------------------------------------------------------
2025-11-08 05:34:11,779 - INFO - 事件类型: session.created
2025-11-08 05:34:11,779 - INFO - 完整事件数据:
2025-11-08 05:34:11,779 - INFO -     event_id: event_FvS2hCGLAVVo8rbgN7tam
2025-11-08 05:34:11,779 - INFO -     type: session.created
2025-11-08 05:34:11,779 - INFO -     session:
2025-11-08 05:34:11,780 - INFO -       object: realtime.session
2025-11-08 05:34:11,780 - INFO -       model: qwen3-omni-flash-realtime
2025-11-08 05:34:11,780 - INFO -       modalities:
2025-11-08 05:34:11,781 - INFO -         [0]:
2025-11-08 05:34:11,781 - INFO -           text
2025-11-08 05:34:11,781 - INFO -         [1]:
2025-11-08 05:34:11,781 - INFO -           audio
2025-11-08 05:34:11,781 - INFO -       voice: Cherry
2025-11-08 05:34:11,781 - INFO -       input_audio_format: pcm16
2025-11-08 05:34:11,782 - INFO -       output_audio_format: pcm24
2025-11-08 05:34:11,782 - INFO -       input_audio_transcription:
2025-11-08 05:34:11,782 - INFO -         model: gummy-realtime-v1
2025-11-08 05:34:11,782 - INFO -       turn_detection:
2025-11-08 05:34:11,782 - INFO -         type: server_vad
2025-11-08 05:34:11,783 - INFO -         threshold: 0.5
2025-11-08 05:34:11,783 - INFO -         prefix_padding_ms: 300
2025-11-08 05:34:11,783 - INFO -         silence_duration_ms: 800
2025-11-08 05:34:11,783 - INFO -         create_response: True
2025-11-08 05:34:11,783 - INFO -         interrupt_response: True
2025-11-08 05:34:11,783 - INFO -       tools:
2025-11-08 05:34:11,784 - INFO -       tool_choice: auto
2025-11-08 05:34:11,784 - INFO -       temperature: 0.8
2025-11-08 05:34:11,784 - INFO -       max_response_output_tokens: inf
2025-11-08 05:34:11,784 - INFO -       id: sess_VHgVv6Vw2QklweUPwLEaV
2025-11-08 05:34:11,784 - INFO - --------------------------------------------------------------------------------
2025-11-08 05:34:11,819 - INFO - ================================================================================
2025-11-08 05:34:11,820 - INFO - WebSocket 连接已建立
2025-11-08 05:34:11,820 - INFO - ================================================================================
2025-11-08 05:34:11,820 - INFO - 
步骤 3: 配置会话参数
2025-11-08 05:34:11,820 - INFO - ================================================================================
2025-11-08 05:34:11,821 - INFO -   output_modalities: TEXT
2025-11-08 05:34:11,821 - INFO -   input_audio_format: PCM_16000HZ_MONO_16BIT
2025-11-08 05:34:11,821 - INFO -   enable_input_audio_transcription: True
2025-11-08 05:34:11,821 - INFO -   transcription_model: gummy-realtime-v1
2025-11-08 05:34:11,821 - INFO -   enable_turn_detection: True
2025-11-08 05:34:11,821 - INFO -   vad_threshold: 0.4
2025-11-08 05:34:11,822 - INFO -   vad_silence_duration_ms: 10000
2025-11-08 05:34:11,822 - INFO -   prefix_padding_ms: 500
2025-11-08 05:34:11,822 - DEBUG - [omni realtime] send string: {"event_id": "event_958c57f572a1424baf4223851edb3c2b", "type": "session.update", "session": {"modalities": ["text"], "voice": "Ethan", "input_audio_format": "pcm16", "output_audio_format": "pcm16", "input_audio_transcription": {"model": "gummy-realtime-v1"}, "turn_detection": {"type": "server_vad", "threshold": 0.4, "prefix_padding_ms": 500, "silence_duration_ms": 10000}}}
2025-11-08 05:34:12,082 - DEBUG - [omni realtime] receive string {"event_id":"event_Sea5vm6BMpdUOJRmwPRGl","type":"session.updated","session":{"id":"sess_VHgVv6Vw2QklweUPwLEaV","object":"realtime.session","model":"qwen3-omni-flash-realtime","modalities":["text"],"voice":"Ethan","input_audio_format":"pcm16","output_audio_format":"pcm16","input_audio_transcription":{"model":"gummy-realtime-v1"},"turn_detection":{"type":"server_vad","threshold":0.4,"prefix_padding_ms":500,"silence_duration_ms":10000,"create_response":true,"interrupt_response":true},"max_response_output_tokens":"inf","temperature":0.8}}
2025-11-08 05:34:12,082 - INFO - --------------------------------------------------------------------------------
2025-11-08 05:34:12,083 - INFO - 事件类型: session.updated
2025-11-08 05:34:12,083 - INFO - 完整事件数据:
2025-11-08 05:34:12,083 - INFO -     event_id: event_Sea5vm6BMpdUOJRmwPRGl
2025-11-08 05:34:12,083 - INFO -     type: session.updated
2025-11-08 05:34:12,084 - INFO -     session:
2025-11-08 05:34:12,084 - INFO -       id: sess_VHgVv6Vw2QklweUPwLEaV
2025-11-08 05:34:12,084 - INFO -       object: realtime.session
2025-11-08 05:34:12,084 - INFO -       model: qwen3-omni-flash-realtime
2025-11-08 05:34:12,084 - INFO -       modalities:
2025-11-08 05:34:12,085 - INFO -         [0]:
2025-11-08 05:34:12,085 - INFO -           text
2025-11-08 05:34:12,085 - INFO -       voice: Ethan
2025-11-08 05:34:12,086 - INFO -       input_audio_format: pcm16
2025-11-08 05:34:12,086 - INFO -       output_audio_format: pcm16
2025-11-08 05:34:12,086 - INFO -       input_audio_transcription:
2025-11-08 05:34:12,086 - INFO -         model: gummy-realtime-v1
2025-11-08 05:34:12,086 - INFO -       turn_detection:
2025-11-08 05:34:12,087 - INFO -         type: server_vad
2025-11-08 05:34:12,087 - INFO -         threshold: 0.4
2025-11-08 05:34:12,087 - INFO -         prefix_padding_ms: 500
2025-11-08 05:34:12,087 - INFO -         silence_duration_ms: 10000
2025-11-08 05:34:12,087 - INFO -         create_response: True
2025-11-08 05:34:12,087 - INFO -         interrupt_response: True
2025-11-08 05:34:12,088 - INFO -       max_response_output_tokens: inf
2025-11-08 05:34:12,088 - INFO -       temperature: 0.8
2025-11-08 05:34:12,088 - INFO - --------------------------------------------------------------------------------
2025-11-08 05:34:12,323 - INFO - 
步骤 4: 发送音频数据
2025-11-08 05:34:12,323 - INFO - ================================================================================
2025-11-08 05:34:12,324 - INFO - 音频分块大小: 3200 字节
2025-11-08 05:34:12,324 - INFO - 总块数: 648
2025-11-08 05:34:12,325 - INFO - 开始发送 648 块音频数据
2025-11-08 05:34:12,326 - DEBUG - [omni realtime] append audio: 4268
2025-11-08 05:34:12,326 - DEBUG - [omni realtime] append audio: 4268
2025-11-08 05:34:12,327 - DEBUG - [omni realtime] append audio: 4268
2025-11-08 05:34:12,327 - DEBUG - [omni realtime] append audio: 4268
2025-11-08 05:34:12,328 - DEBUG - [omni realtime] append audio: 4268
2025-11-08 05:34:12,328 - DEBUG - [omni realtime] append audio: 4268
2025-11-08 05:34:12,328 - DEBUG - [omni realtime] append audio: 4268
2025-11-08 05:34:12,329 - DEBUG - [omni realtime] append audio: 4268
2025-11-08 05:34:12,329 - DEBUG - [omni realtime] append audio: 4268
2025-11-08 05:34:12,330 - DEBUG - [omni realtime] append audio: 4268
2025-11-08 05:34:12,330 - DEBUG - 已发送 10/648 块
2025-11-08 05:34:12,330 - DEBUG - [omni realtime] append audio: 4268
2025-11-08 05:34:12,331 - DEBUG - [omni realtime] append audio: 4268
2025-11-08 05:34:12,331 - DEBUG - [omni realtime] append audio: 4268
2025-11-08 05:34:12,331 - DEBUG - [omni realtime] append audio: 4268
2025-11-08 05:34:12,332 - DEBUG - [omni realtime] append audio: 4268
2025-11-08 05:34:12,332 - DEBUG - [omni realtime] append audio: 4268
2025-11-08 05:34:12,332 - DEBUG - [omni realtime] append audio: 4268
2025-11-08 05:34:12,333 - DEBUG - [omni realtime] append audio: 4268
2025-11-08 05:34:12,333 - DEBUG - [omni realtime] append audio: 4268
2025-11-08 05:34:12,334 - DEBUG - [omni realtime] append audio: 4268
2025-11-08 05:34:12,334 - DEBUG - 已发送 20/648 块
2025-11-08 05:34:12,334 - DEBUG - [omni realtime] append audio: 4268
2025-11-08 05:34:12,334 - DEBUG - [omni realtime] append audio: 4268
2025-11-08 05:34:12,335 - DEBUG - [omni realtime] append audio: 4268
2025-11-08 05:34:12,335 - DEBUG - [omni realtime] append audio: 4268
2025-11-08 05:34:12,335 - DEBUG - [omni realtime] append audio: 4268
2025-11-08 05:34:12,336 - DEBUG - [omni realtime] append audio: 4268
2025-11-08 05:34:12,336 - DEBUG - [omni realtime] append audio: 4268
2025-11-08 05:34:12,336 - DEBUG - [omni realtime] append audio: 4268
2025-11-08 05:34:12,336 - DEBUG - [omni realtime] append audio: 4268
2025-11-08 05:34:12,336 - DEBUG - [omni realtime] append audio: 4268
2025-11-08 05:34:12,337 - DEBUG - 已发送 30/648 块
2025-11-08 05:34:12,337 - DEBUG - [omni realtime] append audio: 4268
2025-11-08 05:34:12,337 - DEBUG - [omni realtime] append audio: 4268
2025-11-08 05:34:12,337 - DEBUG - [omni realtime] append audio: 4268
2025-11-08 05:34:12,338 - DEBUG - [omni realtime] append audio: 4268
2025-11-08 05:34:12,338 - DEBUG - [omni realtime] append audio: 4268
2025-11-08 05:34:12,338 - DEBUG - [omni realtime] append audio: 4268
2025-11-08 05:34:12,338 - DEBUG - [omni realtime] append audio: 4268
2025-11-08 05:34:12,339 - DEBUG - [omni realtime] append audio: 4268
2025-11-08 05:34:12,339 - DEBUG - [omni realtime] append audio: 4268
2025-11-08 05:34:12,339 - DEBUG - [omni realtime] append audio: 4268
2025-11-08 05:34:12,339 - DEBUG - 已发送 40/648 块
2025-11-08 05:34:12,340 - DEBUG - [omni realtime] append audio: 4268
2025-11-08 05:34:12,340 - DEBUG - [omni realtime] append audio: 4268
2025-11-08 05:34:12,340 - DEBUG - [omni realtime] append audio: 4268
2025-11-08 05:34:12,340 - DEBUG - [omni realtime] append audio: 4268
2025-11-08 05:34:12,341 - DEBUG - [omni realtime] append audio: 4268
2025-11-08 05:34:12,341 - DEBUG - [omni realtime] append audio: 4268
2025-11-08 05:34:12,341 - DEBUG - [omni realtime] append audio: 4268
2025-11-08 05:34:12,341 - DEBUG - [omni realtime] append audio: 4268
2025-11-08 05:34:12,342 - DEBUG - [omni realtime] append audio: 4268
2025-11-08 05:34:12,342 - DEBUG - [omni realtime] append audio: 4268
2025-11-08 05:34:12,343 - DEBUG - 已发送 50/648 块
2025-11-08 05:34:12,344 - DEBUG - [omni realtime] append audio: 4268
2025-11-08 05:34:12,344 - DEBUG - [omni realtime] append audio: 4268
2025-11-08 05:34:12,344 - DEBUG - [omni realtime] append audio: 4268
2025-11-08 05:34:12,345 - DEBUG - [omni realtime] append audio: 4268
2025-11-08 05:34:12,345 - DEBUG - [omni realtime] append audio: 4268
2025-11-08 05:34:12,346 - DEBUG - [omni realtime] append audio: 4268
2025-11-08 05:34:12,346 - DEBUG - [omni realtime] append audio: 4268
2025-11-08 05:34:12,346 - DEBUG - [omni realtime] append audio: 4268
2025-11-08 05:34:12,347 - DEBUG - [omni realtime] append audio: 4268
2025-11-08 05:34:12,347 - DEBUG - [omni realtime] append audio: 4268
2025-11-08 05:34:12,348 - DEBUG - 已发送 60/648 块
2025-11-08 05:34:12,348 - DEBUG - [omni realtime] append audio: 4268
2025-11-08 05:34:12,348 - DEBUG - [omni realtime] append audio: 4268
2025-11-08 05:34:12,348 - DEBUG - [omni realtime] append audio: 4268
2025-11-08 05:34:12,348 - DEBUG - [omni realtime] append audio: 4268
2025-11-08 05:34:12,349 - DEBUG - [omni realtime] append audio: 4268
2025-11-08 05:34:12,349 - DEBUG - [omni realtime] append audio: 4268
2025-11-08 05:34:12,349 - DEBUG - [omni realtime] append audio: 4268
2025-11-08 05:34:12,350 - DEBUG - [omni realtime] append audio: 4268
2025-11-08 05:34:12,350 - DEBUG - [omni realtime] append audio: 4268
2025-11-08 05:34:12,350 - DEBUG - [omni realtime] append audio: 4268
2025-11-08 05:34:12,350 - DEBUG - 已发送 70/648 块
2025-11-08 05:34:12,350 - DEBUG - [omni realtime] append audio: 4268
2025-11-08 05:34:12,351 - DEBUG - [omni realtime] append audio: 4268
2025-11-08 05:34:12,351 - DEBUG - [omni realtime] append audio: 4268
2025-11-08 05:34:12,351 - DEBUG - [omni realtime] append audio: 4268
2025-11-08 05:34:12,351 - DEBUG - [omni realtime] append audio: 4268
2025-11-08 05:34:12,351 - DEBUG - [omni realtime] append audio: 4268
2025-11-08 05:34:12,352 - DEBUG - [omni realtime] append audio: 4268
2025-11-08 05:34:12,352 - DEBUG - [omni realtime] append audio: 4268
2025-11-08 05:34:12,352 - DEBUG - [omni realtime] append audio: 4268
2025-11-08 05:34:12,352 - DEBUG - [omni realtime] append audio: 4268
2025-11-08 05:34:12,353 - DEBUG - 已发送 80/648 块
2025-11-08 05:34:12,353 - DEBUG - [omni realtime] append audio: 4268
2025-11-08 05:34:12,353 - DEBUG - [omni realtime] append audio: 4268
2025-11-08 05:34:12,353 - DEBUG - [omni realtime] append audio: 4268
2025-11-08 05:34:12,354 - DEBUG - [omni realtime] append audio: 4268
2025-11-08 05:34:12,354 - DEBUG - [omni realtime] append audio: 4268
2025-11-08 05:34:12,354 - DEBUG - [omni realtime] append audio: 4268
2025-11-08 05:34:12,354 - DEBUG - [omni realtime] append audio: 4268
2025-11-08 05:34:12,355 - DEBUG - [omni realtime] append audio: 4268
2025-11-08 05:34:12,355 - DEBUG - [omni realtime] append audio: 4268
2025-11-08 05:34:12,355 - DEBUG - [omni realtime] append audio: 4268
2025-11-08 05:34:12,356 - DEBUG - 已发送 90/648 块
2025-11-08 05:34:12,356 - DEBUG - [omni realtime] append audio: 4268
2025-11-08 05:34:12,356 - DEBUG - [omni realtime] append audio: 4268
2025-11-08 05:34:12,356 - DEBUG - [omni realtime] append audio: 4268
2025-11-08 05:34:12,356 - DEBUG - [omni realtime] append audio: 4268
2025-11-08 05:34:12,357 - DEBUG - [omni realtime] append audio: 4268
2025-11-08 05:34:12,357 - DEBUG - [omni realtime] append audio: 4268
2025-11-08 05:34:12,357 - DEBUG - [omni realtime] append audio: 4268
2025-11-08 05:34:12,357 - DEBUG - [omni realtime] append audio: 4268
2025-11-08 05:34:12,357 - DEBUG - [omni realtime] append audio: 4268
2025-11-08 05:34:12,357 - DEBUG - [omni realtime] append audio: 4268
2025-11-08 05:34:12,358 - DEBUG - 已发送 100/648 块
2025-11-08 05:34:12,358 - DEBUG - [omni realtime] append audio: 4268
2025-11-08 05:34:12,358 - DEBUG - [omni realtime] append audio: 4268
2025-11-08 05:34:12,358 - DEBUG - [omni realtime] append audio: 4268
2025-11-08 05:34:12,359 - DEBUG - [omni realtime] append audio: 4268
2025-11-08 05:34:12,359 - DEBUG - [omni realtime] append audio: 4268
2025-11-08 05:34:12,360 - DEBUG - [omni realtime] append audio: 4268
2025-11-08 05:34:12,370 - DEBUG - [omni realtime] append audio: 4268
2025-11-08 05:34:12,370 - DEBUG - [omni realtime] append audio: 4268
2025-11-08 05:34:12,370 - DEBUG - [omni realtime] append audio: 4268
2025-11-08 05:34:12,371 - DEBUG - [omni realtime] append audio: 4268
2025-11-08 05:34:12,371 - DEBUG - 已发送 110/648 块
2025-11-08 05:34:12,371 - DEBUG - [omni realtime] append audio: 4268
2025-11-08 05:34:12,372 - DEBUG - [omni realtime] append audio: 4268
2025-11-08 05:34:12,372 - DEBUG - [omni realtime] append audio: 4268
2025-11-08 05:34:12,372 - DEBUG - [omni realtime] append audio: 4268
2025-11-08 05:34:12,372 - DEBUG - [omni realtime] append audio: 4268
2025-11-08 05:34:12,373 - DEBUG - [omni realtime] append audio: 4268
2025-11-08 05:34:12,373 - DEBUG - [omni realtime] append audio: 4268
2025-11-08 05:34:12,373 - DEBUG - [omni realtime] append audio: 4268
2025-11-08 05:34:12,373 - DEBUG - [omni realtime] append audio: 4268
2025-11-08 05:34:12,373 - DEBUG - [omni realtime] append audio: 4268
2025-11-08 05:34:12,374 - DEBUG - 已发送 120/648 块
2025-11-08 05:34:12,374 - DEBUG - [omni realtime] append audio: 4268
2025-11-08 05:34:12,374 - DEBUG - [omni realtime] append audio: 4268
2025-11-08 05:34:12,374 - DEBUG - [omni realtime] append audio: 4268
2025-11-08 05:34:12,374 - DEBUG - [omni realtime] append audio: 4268
2025-11-08 05:34:12,375 - DEBUG - [omni realtime] append audio: 4268
2025-11-08 05:34:12,375 - DEBUG - [omni realtime] append audio: 4268
2025-11-08 05:34:12,376 - DEBUG - [omni realtime] append audio: 4268
2025-11-08 05:34:12,376 - DEBUG - [omni realtime] append audio: 4268
2025-11-08 05:34:12,376 - DEBUG - [omni realtime] append audio: 4268
2025-11-08 05:34:12,377 - DEBUG - [omni realtime] append audio: 4268
2025-11-08 05:34:12,377 - DEBUG - 已发送 130/648 块
2025-11-08 05:34:12,377 - DEBUG - [omni realtime] append audio: 4268
2025-11-08 05:34:12,378 - DEBUG - [omni realtime] append audio: 4268
2025-11-08 05:34:12,378 - DEBUG - [omni realtime] append audio: 4268
2025-11-08 05:34:12,378 - DEBUG - [omni realtime] append audio: 4268
2025-11-08 05:34:12,379 - DEBUG - [omni realtime] append audio: 4268
2025-11-08 05:34:12,379 - DEBUG - [omni realtime] append audio: 4268
2025-11-08 05:34:12,379 - DEBUG - [omni realtime] append audio: 4268
2025-11-08 05:34:12,380 - DEBUG - [omni realtime] append audio: 4268
2025-11-08 05:34:12,380 - DEBUG - [omni realtime] append audio: 4268
2025-11-08 05:34:12,381 - DEBUG - [omni realtime] append audio: 4268
2025-11-08 05:34:12,381 - DEBUG - 已发送 140/648 块
2025-11-08 05:34:12,381 - DEBUG - [omni realtime] append audio: 4268
2025-11-08 05:34:12,382 - DEBUG - [omni realtime] append audio: 4268
2025-11-08 05:34:12,382 - DEBUG - [omni realtime] append audio: 4268
2025-11-08 05:34:12,382 - DEBUG - [omni realtime] append audio: 4268
2025-11-08 05:34:12,382 - DEBUG - [omni realtime] append audio: 4268
2025-11-08 05:34:12,383 - DEBUG - [omni realtime] append audio: 4268
2025-11-08 05:34:12,383 - DEBUG - [omni realtime] append audio: 4268
2025-11-08 05:34:12,383 - DEBUG - [omni realtime] append audio: 4268
2025-11-08 05:34:12,383 - DEBUG - [omni realtime] append audio: 4268
2025-11-08 05:34:12,384 - DEBUG - [omni realtime] append audio: 4268
2025-11-08 05:34:12,384 - DEBUG - 已发送 150/648 块
2025-11-08 05:34:12,384 - DEBUG - [omni realtime] append audio: 4268
2025-11-08 05:34:12,384 - DEBUG - [omni realtime] append audio: 4268
2025-11-08 05:34:12,384 - DEBUG - [omni realtime] append audio: 4268
2025-11-08 05:34:12,385 - DEBUG - [omni realtime] append audio: 4268
2025-11-08 05:34:12,385 - DEBUG - [omni realtime] append audio: 4268
2025-11-08 05:34:12,385 - DEBUG - [omni realtime] append audio: 4268
2025-11-08 05:34:12,385 - DEBUG - [omni realtime] append audio: 4268
2025-11-08 05:34:12,386 - DEBUG - [omni realtime] append audio: 4268
2025-11-08 05:34:12,386 - DEBUG - [omni realtime] append audio: 4268
2025-11-08 05:34:12,386 - DEBUG - [omni realtime] append audio: 4268
2025-11-08 05:34:12,386 - DEBUG - 已发送 160/648 块
2025-11-08 05:34:12,386 - DEBUG - [omni realtime] append audio: 4268
2025-11-08 05:34:12,387 - DEBUG - [omni realtime] append audio: 4268
2025-11-08 05:34:12,387 - DEBUG - [omni realtime] append audio: 4268
2025-11-08 05:34:12,387 - DEBUG - [omni realtime] append audio: 4268
2025-11-08 05:34:12,387 - DEBUG - [omni realtime] append audio: 4268
2025-11-08 05:34:12,387 - DEBUG - [omni realtime] append audio: 4268
2025-11-08 05:34:12,388 - DEBUG - [omni realtime] append audio: 4268
2025-11-08 05:34:12,388 - DEBUG - [omni realtime] append audio: 4268
2025-11-08 05:34:12,388 - DEBUG - [omni realtime] append audio: 4268
2025-11-08 05:34:12,388 - DEBUG - [omni realtime] append audio: 4268
2025-11-08 05:34:12,388 - DEBUG - 已发送 170/648 块
2025-11-08 05:34:12,389 - DEBUG - [omni realtime] append audio: 4268
2025-11-08 05:34:12,389 - DEBUG - [omni realtime] append audio: 4268
2025-11-08 05:34:12,389 - DEBUG - [omni realtime] append audio: 4268
2025-11-08 05:34:12,389 - DEBUG - [omni realtime] append audio: 4268
2025-11-08 05:34:12,389 - DEBUG - [omni realtime] append audio: 4268
2025-11-08 05:34:12,390 - DEBUG - [omni realtime] append audio: 4268
2025-11-08 05:34:12,390 - DEBUG - [omni realtime] append audio: 4268
2025-11-08 05:34:12,390 - DEBUG - [omni realtime] append audio: 4268
2025-11-08 05:34:12,390 - DEBUG - [omni realtime] append audio: 4268
2025-11-08 05:34:12,390 - DEBUG - [omni realtime] append audio: 4268
2025-11-08 05:34:12,391 - DEBUG - 已发送 180/648 块
2025-11-08 05:34:12,391 - DEBUG - [omni realtime] append audio: 4268
2025-11-08 05:34:12,391 - DEBUG - [omni realtime] append audio: 4268
2025-11-08 05:34:12,391 - DEBUG - [omni realtime] append audio: 4268
2025-11-08 05:34:12,392 - DEBUG - [omni realtime] append audio: 4268
2025-11-08 05:34:12,392 - DEBUG - [omni realtime] append audio: 4268
2025-11-08 05:34:12,392 - DEBUG - [omni realtime] append audio: 4268
2025-11-08 05:34:12,393 - DEBUG - [omni realtime] append audio: 4268
2025-11-08 05:34:12,393 - DEBUG - [omni realtime] append audio: 4268
2025-11-08 05:34:12,394 - DEBUG - [omni realtime] append audio: 4268
2025-11-08 05:34:12,394 - DEBUG - [omni realtime] append audio: 4268
2025-11-08 05:34:12,395 - DEBUG - 已发送 190/648 块
2025-11-08 05:34:12,395 - DEBUG - [omni realtime] append audio: 4268
2025-11-08 05:34:12,395 - DEBUG - [omni realtime] append audio: 4268
2025-11-08 05:34:12,395 - DEBUG - [omni realtime] append audio: 4268
2025-11-08 05:34:12,396 - DEBUG - [omni realtime] append audio: 4268
2025-11-08 05:34:12,396 - DEBUG - [omni realtime] append audio: 4268
2025-11-08 05:34:12,396 - DEBUG - [omni realtime] append audio: 4268
2025-11-08 05:34:12,396 - DEBUG - [omni realtime] append audio: 4268
2025-11-08 05:34:12,397 - DEBUG - [omni realtime] append audio: 4268
2025-11-08 05:34:12,397 - DEBUG - [omni realtime] append audio: 4268
2025-11-08 05:34:12,397 - DEBUG - [omni realtime] append audio: 4268
2025-11-08 05:34:12,398 - DEBUG - 已发送 200/648 块
2025-11-08 05:34:12,398 - DEBUG - [omni realtime] append audio: 4268
2025-11-08 05:34:12,398 - DEBUG - [omni realtime] append audio: 4268
2025-11-08 05:34:12,398 - DEBUG - [omni realtime] append audio: 4268
2025-11-08 05:34:12,399 - DEBUG - [omni realtime] append audio: 4268
2025-11-08 05:34:12,399 - DEBUG - [omni realtime] append audio: 4268
2025-11-08 05:34:12,399 - DEBUG - [omni realtime] append audio: 4268
2025-11-08 05:34:12,399 - DEBUG - [omni realtime] append audio: 4268
2025-11-08 05:34:12,399 - DEBUG - [omni realtime] append audio: 4268
2025-11-08 05:34:12,400 - DEBUG - [omni realtime] append audio: 4268
2025-11-08 05:34:12,425 - DEBUG - [omni realtime] append audio: 4268
2025-11-08 05:34:12,503 - DEBUG - 已发送 210/648 块
2025-11-08 05:34:12,504 - DEBUG - [omni realtime] append audio: 4268
2025-11-08 05:34:12,504 - DEBUG - [omni realtime] append audio: 4268
2025-11-08 05:34:12,504 - DEBUG - [omni realtime] append audio: 4268
2025-11-08 05:34:12,505 - DEBUG - [omni realtime] append audio: 4268
2025-11-08 05:34:12,505 - DEBUG - [omni realtime] append audio: 4268
2025-11-08 05:34:12,505 - DEBUG - [omni realtime] append audio: 4268
2025-11-08 05:34:12,506 - DEBUG - [omni realtime] append audio: 4268
2025-11-08 05:34:12,506 - DEBUG - [omni realtime] append audio: 4268
2025-11-08 05:34:12,506 - DEBUG - [omni realtime] append audio: 4268
2025-11-08 05:34:12,507 - DEBUG - [omni realtime] append audio: 4268
2025-11-08 05:34:12,507 - DEBUG - 已发送 220/648 块
2025-11-08 05:34:12,507 - DEBUG - [omni realtime] append audio: 4268
2025-11-08 05:34:12,508 - DEBUG - [omni realtime] append audio: 4268
2025-11-08 05:34:12,508 - DEBUG - [omni realtime] append audio: 4268
2025-11-08 05:34:12,508 - DEBUG - [omni realtime] append audio: 4268
2025-11-08 05:34:12,508 - DEBUG - [omni realtime] append audio: 4268
2025-11-08 05:34:12,509 - DEBUG - [omni realtime] append audio: 4268
2025-11-08 05:34:12,509 - DEBUG - [omni realtime] append audio: 4268
2025-11-08 05:34:12,509 - DEBUG - [omni realtime] append audio: 4268
2025-11-08 05:34:12,510 - DEBUG - [omni realtime] append audio: 4268
2025-11-08 05:34:12,510 - DEBUG - [omni realtime] append audio: 4268
2025-11-08 05:34:12,510 - DEBUG - 已发送 230/648 块
2025-11-08 05:34:12,511 - DEBUG - [omni realtime] append audio: 4268
2025-11-08 05:34:12,511 - DEBUG - [omni realtime] append audio: 4268
2025-11-08 05:34:12,511 - DEBUG - [omni realtime] append audio: 4268
2025-11-08 05:34:12,511 - DEBUG - [omni realtime] append audio: 4268
2025-11-08 05:34:12,512 - DEBUG - [omni realtime] append audio: 4268
2025-11-08 05:34:12,512 - DEBUG - [omni realtime] append audio: 4268
2025-11-08 05:34:12,512 - DEBUG - [omni realtime] append audio: 4268
2025-11-08 05:34:12,512 - DEBUG - [omni realtime] append audio: 4268
2025-11-08 05:34:12,513 - DEBUG - [omni realtime] append audio: 4268
2025-11-08 05:34:12,513 - DEBUG - [omni realtime] append audio: 4268
2025-11-08 05:34:12,513 - DEBUG - 已发送 240/648 块
2025-11-08 05:34:12,513 - DEBUG - [omni realtime] append audio: 4268
2025-11-08 05:34:12,513 - DEBUG - [omni realtime] append audio: 4268
2025-11-08 05:34:12,513 - DEBUG - [omni realtime] append audio: 4268
2025-11-08 05:34:12,514 - DEBUG - [omni realtime] append audio: 4268
2025-11-08 05:34:12,514 - DEBUG - [omni realtime] append audio: 4268
2025-11-08 05:34:12,514 - DEBUG - [omni realtime] append audio: 4268
2025-11-08 05:34:12,515 - DEBUG - [omni realtime] append audio: 4268
2025-11-08 05:34:12,515 - DEBUG - [omni realtime] append audio: 4268
2025-11-08 05:34:12,515 - DEBUG - [omni realtime] append audio: 4268
2025-11-08 05:34:12,516 - DEBUG - [omni realtime] append audio: 4268
2025-11-08 05:34:12,516 - DEBUG - 已发送 250/648 块
2025-11-08 05:34:12,516 - DEBUG - [omni realtime] append audio: 4268
2025-11-08 05:34:12,516 - DEBUG - [omni realtime] append audio: 4268
2025-11-08 05:34:12,516 - DEBUG - [omni realtime] append audio: 4268
2025-11-08 05:34:12,517 - DEBUG - [omni realtime] append audio: 4268
2025-11-08 05:34:12,517 - DEBUG - [omni realtime] append audio: 4268
2025-11-08 05:34:12,517 - DEBUG - [omni realtime] append audio: 4268
2025-11-08 05:34:12,517 - DEBUG - [omni realtime] append audio: 4268
2025-11-08 05:34:12,517 - DEBUG - [omni realtime] append audio: 4268
2025-11-08 05:34:12,517 - DEBUG - [omni realtime] append audio: 4268
2025-11-08 05:34:12,518 - DEBUG - [omni realtime] append audio: 4268
2025-11-08 05:34:12,518 - DEBUG - 已发送 260/648 块
2025-11-08 05:34:12,518 - DEBUG - [omni realtime] append audio: 4268
2025-11-08 05:34:12,518 - DEBUG - [omni realtime] append audio: 4268
2025-11-08 05:34:12,519 - DEBUG - [omni realtime] append audio: 4268
2025-11-08 05:34:12,519 - DEBUG - [omni realtime] append audio: 4268
2025-11-08 05:34:12,519 - DEBUG - [omni realtime] append audio: 4268
2025-11-08 05:34:12,520 - DEBUG - [omni realtime] append audio: 4268
2025-11-08 05:34:12,545 - DEBUG - [omni realtime] append audio: 4268
2025-11-08 05:34:12,546 - DEBUG - [omni realtime] append audio: 4268
2025-11-08 05:34:12,546 - DEBUG - [omni realtime] append audio: 4268
2025-11-08 05:34:12,547 - DEBUG - [omni realtime] append audio: 4268
2025-11-08 05:34:12,547 - DEBUG - 已发送 270/648 块
2025-11-08 05:34:12,547 - DEBUG - [omni realtime] append audio: 4268
2025-11-08 05:34:12,547 - DEBUG - [omni realtime] append audio: 4268
2025-11-08 05:34:12,548 - DEBUG - [omni realtime] append audio: 4268
2025-11-08 05:34:12,548 - DEBUG - [omni realtime] append audio: 4268
2025-11-08 05:34:12,549 - DEBUG - [omni realtime] append audio: 4268
2025-11-08 05:34:12,549 - DEBUG - [omni realtime] append audio: 4268
2025-11-08 05:34:12,549 - DEBUG - [omni realtime] append audio: 4268
2025-11-08 05:34:12,549 - DEBUG - [omni realtime] append audio: 4268
2025-11-08 05:34:12,550 - DEBUG - [omni realtime] append audio: 4268
2025-11-08 05:34:12,550 - DEBUG - [omni realtime] append audio: 4268
2025-11-08 05:34:12,550 - DEBUG - 已发送 280/648 块
2025-11-08 05:34:12,550 - DEBUG - [omni realtime] append audio: 4268
2025-11-08 05:34:12,551 - DEBUG - [omni realtime] append audio: 4268
2025-11-08 05:34:12,551 - DEBUG - [omni realtime] append audio: 4268
2025-11-08 05:34:12,551 - DEBUG - [omni realtime] append audio: 4268
2025-11-08 05:34:12,552 - DEBUG - [omni realtime] append audio: 4268
2025-11-08 05:34:12,552 - DEBUG - [omni realtime] append audio: 4268
2025-11-08 05:34:12,553 - DEBUG - [omni realtime] append audio: 4268
2025-11-08 05:34:12,553 - DEBUG - [omni realtime] append audio: 4268
2025-11-08 05:34:12,553 - DEBUG - [omni realtime] append audio: 4268
2025-11-08 05:34:12,554 - DEBUG - [omni realtime] append audio: 4268
2025-11-08 05:34:12,554 - DEBUG - 已发送 290/648 块
2025-11-08 05:34:12,554 - DEBUG - [omni realtime] append audio: 4268
2025-11-08 05:34:12,554 - DEBUG - [omni realtime] append audio: 4268
2025-11-08 05:34:12,555 - DEBUG - [omni realtime] append audio: 4268
2025-11-08 05:34:12,555 - DEBUG - [omni realtime] append audio: 4268
2025-11-08 05:34:12,555 - DEBUG - [omni realtime] append audio: 4268
2025-11-08 05:34:12,556 - DEBUG - [omni realtime] append audio: 4268
2025-11-08 05:34:12,556 - DEBUG - [omni realtime] append audio: 4268
2025-11-08 05:34:12,556 - DEBUG - [omni realtime] append audio: 4268
2025-11-08 05:34:12,557 - DEBUG - [omni realtime] append audio: 4268
2025-11-08 05:34:12,557 - DEBUG - [omni realtime] append audio: 4268
2025-11-08 05:34:12,557 - DEBUG - 已发送 300/648 块
2025-11-08 05:34:12,557 - DEBUG - [omni realtime] append audio: 4268
2025-11-08 05:34:12,558 - DEBUG - [omni realtime] append audio: 4268
2025-11-08 05:34:12,558 - DEBUG - [omni realtime] append audio: 4268
2025-11-08 05:34:12,558 - DEBUG - [omni realtime] append audio: 4268
2025-11-08 05:34:12,559 - DEBUG - [omni realtime] append audio: 4268
2025-11-08 05:34:12,559 - DEBUG - [omni realtime] append audio: 4268
2025-11-08 05:34:12,560 - DEBUG - [omni realtime] append audio: 4268
2025-11-08 05:34:12,560 - DEBUG - [omni realtime] append audio: 4268
2025-11-08 05:34:12,560 - DEBUG - [omni realtime] append audio: 4268
2025-11-08 05:34:12,561 - DEBUG - [omni realtime] append audio: 4268
2025-11-08 05:34:12,561 - DEBUG - 已发送 310/648 块
2025-11-08 05:34:12,561 - DEBUG - [omni realtime] append audio: 4268
2025-11-08 05:34:12,561 - DEBUG - [omni realtime] append audio: 4268
2025-11-08 05:34:12,562 - DEBUG - [omni realtime] append audio: 4268
2025-11-08 05:34:12,562 - DEBUG - [omni realtime] append audio: 4268
2025-11-08 05:34:12,562 - DEBUG - [omni realtime] append audio: 4268
2025-11-08 05:34:12,563 - DEBUG - [omni realtime] append audio: 4268
2025-11-08 05:34:12,563 - DEBUG - [omni realtime] append audio: 4268
2025-11-08 05:34:12,564 - DEBUG - [omni realtime] append audio: 4268
2025-11-08 05:34:12,564 - DEBUG - [omni realtime] append audio: 4268
2025-11-08 05:34:12,564 - DEBUG - [omni realtime] append audio: 4268
2025-11-08 05:34:12,564 - DEBUG - 已发送 320/648 块
2025-11-08 05:34:12,565 - DEBUG - [omni realtime] append audio: 4268
2025-11-08 05:34:12,565 - DEBUG - [omni realtime] append audio: 4268
2025-11-08 05:34:12,565 - DEBUG - [omni realtime] append audio: 4268
2025-11-08 05:34:12,565 - DEBUG - [omni realtime] append audio: 4268
2025-11-08 05:34:12,566 - DEBUG - [omni realtime] append audio: 4268
2025-11-08 05:34:12,566 - DEBUG - [omni realtime] append audio: 4268
2025-11-08 05:34:12,566 - DEBUG - [omni realtime] append audio: 4268
2025-11-08 05:34:12,567 - DEBUG - [omni realtime] append audio: 4268
2025-11-08 05:34:12,567 - DEBUG - [omni realtime] append audio: 4268
2025-11-08 05:34:12,567 - DEBUG - [omni realtime] append audio: 4268
2025-11-08 05:34:12,567 - DEBUG - 已发送 330/648 块
2025-11-08 05:34:12,567 - DEBUG - [omni realtime] append audio: 4268
2025-11-08 05:34:12,568 - DEBUG - [omni realtime] append audio: 4268
2025-11-08 05:34:12,568 - DEBUG - [omni realtime] append audio: 4268
2025-11-08 05:34:12,568 - DEBUG - [omni realtime] append audio: 4268
2025-11-08 05:34:12,568 - DEBUG - [omni realtime] append audio: 4268
2025-11-08 05:34:12,568 - DEBUG - [omni realtime] append audio: 4268
2025-11-08 05:34:12,569 - DEBUG - [omni realtime] append audio: 4268
2025-11-08 05:34:12,569 - DEBUG - [omni realtime] append audio: 4268
2025-11-08 05:34:12,569 - DEBUG - [omni realtime] append audio: 4268
2025-11-08 05:34:12,569 - DEBUG - [omni realtime] append audio: 4268
2025-11-08 05:34:12,570 - DEBUG - 已发送 340/648 块
2025-11-08 05:34:12,570 - DEBUG - [omni realtime] append audio: 4268
2025-11-08 05:34:12,570 - DEBUG - [omni realtime] append audio: 4268
2025-11-08 05:34:12,570 - DEBUG - [omni realtime] append audio: 4268
2025-11-08 05:34:12,571 - DEBUG - [omni realtime] append audio: 4268
2025-11-08 05:34:12,571 - DEBUG - [omni realtime] append audio: 4268
2025-11-08 05:34:12,571 - DEBUG - [omni realtime] append audio: 4268
2025-11-08 05:34:12,572 - DEBUG - [omni realtime] append audio: 4268
2025-11-08 05:34:12,572 - DEBUG - [omni realtime] append audio: 4268
2025-11-08 05:34:12,572 - DEBUG - [omni realtime] append audio: 4268
2025-11-08 05:34:12,572 - DEBUG - [omni realtime] append audio: 4268
2025-11-08 05:34:12,573 - DEBUG - 已发送 350/648 块
2025-11-08 05:34:12,573 - DEBUG - [omni realtime] append audio: 4268
2025-11-08 05:34:12,573 - DEBUG - [omni realtime] append audio: 4268
2025-11-08 05:34:12,573 - DEBUG - [omni realtime] append audio: 4268
2025-11-08 05:34:12,573 - DEBUG - [omni realtime] append audio: 4268
2025-11-08 05:34:12,574 - DEBUG - [omni realtime] append audio: 4268
2025-11-08 05:34:12,574 - DEBUG - [omni realtime] append audio: 4268
2025-11-08 05:34:12,574 - DEBUG - [omni realtime] append audio: 4268
2025-11-08 05:34:12,574 - DEBUG - [omni realtime] append audio: 4268
2025-11-08 05:34:12,574 - DEBUG - [omni realtime] append audio: 4268
2025-11-08 05:34:12,575 - DEBUG - [omni realtime] append audio: 4268
2025-11-08 05:34:12,575 - DEBUG - 已发送 360/648 块
2025-11-08 05:34:12,576 - DEBUG - [omni realtime] append audio: 4268
2025-11-08 05:34:12,576 - DEBUG - [omni realtime] append audio: 4268
2025-11-08 05:34:12,576 - DEBUG - [omni realtime] append audio: 4268
2025-11-08 05:34:12,577 - DEBUG - [omni realtime] append audio: 4268
2025-11-08 05:34:12,577 - DEBUG - [omni realtime] append audio: 4268
2025-11-08 05:34:12,577 - DEBUG - [omni realtime] append audio: 4268
2025-11-08 05:34:12,578 - DEBUG - [omni realtime] append audio: 4268
2025-11-08 05:34:12,578 - DEBUG - [omni realtime] append audio: 4268
2025-11-08 05:34:12,578 - DEBUG - [omni realtime] append audio: 4268
2025-11-08 05:34:12,578 - DEBUG - [omni realtime] append audio: 4268
2025-11-08 05:34:12,578 - DEBUG - 已发送 370/648 块
2025-11-08 05:34:12,579 - DEBUG - [omni realtime] append audio: 4268
2025-11-08 05:34:12,579 - DEBUG - [omni realtime] append audio: 4268
2025-11-08 05:34:12,579 - DEBUG - [omni realtime] append audio: 4268
2025-11-08 05:34:12,579 - DEBUG - [omni realtime] append audio: 4268
2025-11-08 05:34:12,580 - DEBUG - [omni realtime] append audio: 4268
2025-11-08 05:34:12,580 - DEBUG - [omni realtime] append audio: 4268
2025-11-08 05:34:12,580 - DEBUG - [omni realtime] append audio: 4268
2025-11-08 05:34:12,581 - DEBUG - [omni realtime] append audio: 4268
2025-11-08 05:34:12,581 - DEBUG - [omni realtime] append audio: 4268
2025-11-08 05:34:12,581 - DEBUG - [omni realtime] append audio: 4268
2025-11-08 05:34:12,582 - DEBUG - 已发送 380/648 块
2025-11-08 05:34:12,582 - DEBUG - [omni realtime] append audio: 4268
2025-11-08 05:34:12,582 - DEBUG - [omni realtime] append audio: 4268
2025-11-08 05:34:12,583 - DEBUG - [omni realtime] append audio: 4268
2025-11-08 05:34:12,583 - DEBUG - [omni realtime] append audio: 4268
2025-11-08 05:34:12,583 - DEBUG - [omni realtime] append audio: 4268
2025-11-08 05:34:12,583 - DEBUG - [omni realtime] append audio: 4268
2025-11-08 05:34:12,584 - DEBUG - [omni realtime] append audio: 4268
2025-11-08 05:34:12,584 - DEBUG - [omni realtime] append audio: 4268
2025-11-08 05:34:12,584 - DEBUG - [omni realtime] append audio: 4268
2025-11-08 05:34:12,584 - DEBUG - [omni realtime] append audio: 4268
2025-11-08 05:34:12,584 - DEBUG - 已发送 390/648 块
2025-11-08 05:34:12,585 - DEBUG - [omni realtime] append audio: 4268
2025-11-08 05:34:12,585 - DEBUG - [omni realtime] append audio: 4268
2025-11-08 05:34:12,585 - DEBUG - [omni realtime] append audio: 4268
2025-11-08 05:34:12,585 - DEBUG - [omni realtime] append audio: 4268
2025-11-08 05:34:12,585 - DEBUG - [omni realtime] append audio: 4268
2025-11-08 05:34:12,586 - DEBUG - [omni realtime] append audio: 4268
2025-11-08 05:34:12,586 - DEBUG - [omni realtime] append audio: 4268
2025-11-08 05:34:12,586 - DEBUG - [omni realtime] append audio: 4268
2025-11-08 05:34:12,586 - DEBUG - [omni realtime] append audio: 4268
2025-11-08 05:34:12,587 - DEBUG - [omni realtime] append audio: 4268
2025-11-08 05:34:12,587 - DEBUG - 已发送 400/648 块
2025-11-08 05:34:12,587 - DEBUG - [omni realtime] append audio: 4268
2025-11-08 05:34:12,587 - DEBUG - [omni realtime] append audio: 4268
2025-11-08 05:34:12,587 - DEBUG - [omni realtime] append audio: 4268
2025-11-08 05:34:12,588 - DEBUG - [omni realtime] append audio: 4268
2025-11-08 05:34:12,588 - DEBUG - [omni realtime] append audio: 4268
2025-11-08 05:34:12,588 - DEBUG - [omni realtime] append audio: 4268
2025-11-08 05:34:12,588 - DEBUG - [omni realtime] append audio: 4268
2025-11-08 05:34:12,588 - DEBUG - [omni realtime] append audio: 4268
2025-11-08 05:34:12,589 - DEBUG - [omni realtime] append audio: 4268
2025-11-08 05:34:12,589 - DEBUG - [omni realtime] append audio: 4268
2025-11-08 05:34:12,589 - DEBUG - 已发送 410/648 块
2025-11-08 05:34:12,589 - DEBUG - [omni realtime] append audio: 4268
2025-11-08 05:34:12,590 - DEBUG - [omni realtime] append audio: 4268
2025-11-08 05:34:12,590 - DEBUG - [omni realtime] append audio: 4268
2025-11-08 05:34:12,590 - DEBUG - [omni realtime] append audio: 4268
2025-11-08 05:34:12,590 - DEBUG - [omni realtime] append audio: 4268
2025-11-08 05:34:12,590 - DEBUG - [omni realtime] append audio: 4268
2025-11-08 05:34:12,591 - DEBUG - [omni realtime] append audio: 4268
2025-11-08 05:34:12,591 - DEBUG - [omni realtime] append audio: 4268
2025-11-08 05:34:12,591 - DEBUG - [omni realtime] append audio: 4268
2025-11-08 05:34:12,591 - DEBUG - [omni realtime] append audio: 4268
2025-11-08 05:34:12,592 - DEBUG - 已发送 420/648 块
2025-11-08 05:34:12,592 - DEBUG - [omni realtime] append audio: 4268
2025-11-08 05:34:12,593 - DEBUG - [omni realtime] append audio: 4268
2025-11-08 05:34:12,594 - DEBUG - [omni realtime] append audio: 4268
2025-11-08 05:34:12,594 - DEBUG - [omni realtime] append audio: 4268
2025-11-08 05:34:12,594 - DEBUG - [omni realtime] append audio: 4268
2025-11-08 05:34:12,595 - DEBUG - [omni realtime] append audio: 4268
2025-11-08 05:34:12,595 - DEBUG - [omni realtime] append audio: 4268
2025-11-08 05:34:12,596 - DEBUG - [omni realtime] append audio: 4268
2025-11-08 05:34:12,596 - DEBUG - [omni realtime] append audio: 4268
2025-11-08 05:34:12,596 - DEBUG - [omni realtime] append audio: 4268
2025-11-08 05:34:12,596 - DEBUG - 已发送 430/648 块
2025-11-08 05:34:12,597 - DEBUG - [omni realtime] append audio: 4268
2025-11-08 05:34:12,597 - DEBUG - [omni realtime] append audio: 4268
2025-11-08 05:34:12,598 - DEBUG - [omni realtime] append audio: 4268
2025-11-08 05:34:12,598 - DEBUG - [omni realtime] append audio: 4268
2025-11-08 05:34:12,598 - DEBUG - [omni realtime] append audio: 4268
2025-11-08 05:34:12,599 - DEBUG - [omni realtime] append audio: 4268
2025-11-08 05:34:12,599 - DEBUG - [omni realtime] append audio: 4268
2025-11-08 05:34:12,599 - DEBUG - [omni realtime] append audio: 4268
2025-11-08 05:34:12,600 - DEBUG - [omni realtime] append audio: 4268
2025-11-08 05:34:12,600 - DEBUG - [omni realtime] append audio: 4268
2025-11-08 05:34:12,600 - DEBUG - 已发送 440/648 块
2025-11-08 05:34:12,600 - DEBUG - [omni realtime] append audio: 4268
2025-11-08 05:34:12,600 - DEBUG - [omni realtime] append audio: 4268
2025-11-08 05:34:12,601 - DEBUG - [omni realtime] append audio: 4268
2025-11-08 05:34:12,601 - DEBUG - [omni realtime] append audio: 4268
2025-11-08 05:34:12,601 - DEBUG - [omni realtime] append audio: 4268
2025-11-08 05:34:12,601 - DEBUG - [omni realtime] append audio: 4268
2025-11-08 05:34:12,602 - DEBUG - [omni realtime] append audio: 4268
2025-11-08 05:34:12,602 - DEBUG - [omni realtime] append audio: 4268
2025-11-08 05:34:12,602 - DEBUG - [omni realtime] append audio: 4268
2025-11-08 05:34:12,603 - DEBUG - [omni realtime] append audio: 4268
2025-11-08 05:34:12,603 - DEBUG - 已发送 450/648 块
2025-11-08 05:34:12,603 - DEBUG - [omni realtime] append audio: 4268
2025-11-08 05:34:12,603 - DEBUG - [omni realtime] append audio: 4268
2025-11-08 05:34:12,604 - DEBUG - [omni realtime] append audio: 4268
2025-11-08 05:34:12,604 - DEBUG - [omni realtime] append audio: 4268
2025-11-08 05:34:12,604 - DEBUG - [omni realtime] append audio: 4268
2025-11-08 05:34:12,604 - DEBUG - [omni realtime] append audio: 4268
2025-11-08 05:34:12,604 - DEBUG - [omni realtime] append audio: 4268
2025-11-08 05:34:12,605 - DEBUG - [omni realtime] append audio: 4268
2025-11-08 05:34:12,605 - DEBUG - [omni realtime] append audio: 4268
2025-11-08 05:34:12,605 - DEBUG - [omni realtime] append audio: 4268
2025-11-08 05:34:12,606 - DEBUG - 已发送 460/648 块
2025-11-08 05:34:12,606 - DEBUG - [omni realtime] append audio: 4268
2025-11-08 05:34:12,606 - DEBUG - [omni realtime] append audio: 4268
2025-11-08 05:34:12,606 - DEBUG - [omni realtime] append audio: 4268
2025-11-08 05:34:12,606 - DEBUG - [omni realtime] append audio: 4268
2025-11-08 05:34:12,607 - DEBUG - [omni realtime] append audio: 4268
2025-11-08 05:34:12,607 - DEBUG - [omni realtime] append audio: 4268
2025-11-08 05:34:12,607 - DEBUG - [omni realtime] append audio: 4268
2025-11-08 05:34:12,607 - DEBUG - [omni realtime] append audio: 4268
2025-11-08 05:34:12,607 - DEBUG - [omni realtime] append audio: 4268
2025-11-08 05:34:12,608 - DEBUG - [omni realtime] append audio: 4268
2025-11-08 05:34:12,608 - DEBUG - 已发送 470/648 块
2025-11-08 05:34:12,608 - DEBUG - [omni realtime] append audio: 4268
2025-11-08 05:34:12,608 - DEBUG - [omni realtime] append audio: 4268
2025-11-08 05:34:12,609 - DEBUG - [omni realtime] append audio: 4268
2025-11-08 05:34:12,609 - DEBUG - [omni realtime] append audio: 4268
2025-11-08 05:34:12,610 - DEBUG - [omni realtime] append audio: 4268
2025-11-08 05:34:12,610 - DEBUG - [omni realtime] append audio: 4268
2025-11-08 05:34:12,610 - DEBUG - [omni realtime] append audio: 4268
2025-11-08 05:34:12,611 - DEBUG - [omni realtime] append audio: 4268
2025-11-08 05:34:12,611 - DEBUG - [omni realtime] append audio: 4268
2025-11-08 05:34:12,612 - DEBUG - [omni realtime] append audio: 4268
2025-11-08 05:34:12,612 - DEBUG - 已发送 480/648 块
2025-11-08 05:34:12,613 - DEBUG - [omni realtime] append audio: 4268
2025-11-08 05:34:12,613 - DEBUG - [omni realtime] append audio: 4268
2025-11-08 05:34:12,614 - DEBUG - [omni realtime] append audio: 4268
2025-11-08 05:34:12,614 - DEBUG - [omni realtime] append audio: 4268
2025-11-08 05:34:12,614 - DEBUG - [omni realtime] append audio: 4268
2025-11-08 05:34:12,615 - DEBUG - [omni realtime] append audio: 4268
2025-11-08 05:34:12,615 - DEBUG - [omni realtime] append audio: 4268
2025-11-08 05:34:12,615 - DEBUG - [omni realtime] append audio: 4268
2025-11-08 05:34:12,616 - DEBUG - [omni realtime] append audio: 4268
2025-11-08 05:34:12,616 - DEBUG - [omni realtime] append audio: 4268
2025-11-08 05:34:12,616 - DEBUG - 已发送 490/648 块
2025-11-08 05:34:12,616 - DEBUG - [omni realtime] append audio: 4268
2025-11-08 05:34:12,617 - DEBUG - [omni realtime] append audio: 4268
2025-11-08 05:34:12,617 - DEBUG - [omni realtime] append audio: 4268
2025-11-08 05:34:12,617 - DEBUG - [omni realtime] append audio: 4268
2025-11-08 05:34:12,618 - DEBUG - [omni realtime] append audio: 4268
2025-11-08 05:34:12,618 - DEBUG - [omni realtime] append audio: 4268
2025-11-08 05:34:12,618 - DEBUG - [omni realtime] append audio: 4268
2025-11-08 05:34:12,618 - DEBUG - [omni realtime] append audio: 4268
2025-11-08 05:34:12,618 - DEBUG - [omni realtime] append audio: 4268
2025-11-08 05:34:12,619 - DEBUG - [omni realtime] append audio: 4268
2025-11-08 05:34:12,619 - DEBUG - 已发送 500/648 块
2025-11-08 05:34:12,619 - DEBUG - [omni realtime] append audio: 4268
2025-11-08 05:34:12,619 - DEBUG - [omni realtime] append audio: 4268
2025-11-08 05:34:12,620 - DEBUG - [omni realtime] append audio: 4268
2025-11-08 05:34:12,620 - DEBUG - [omni realtime] append audio: 4268
2025-11-08 05:34:12,620 - DEBUG - [omni realtime] append audio: 4268
2025-11-08 05:34:12,620 - DEBUG - [omni realtime] append audio: 4268
2025-11-08 05:34:12,620 - DEBUG - [omni realtime] append audio: 4268
2025-11-08 05:34:12,621 - DEBUG - [omni realtime] append audio: 4268
2025-11-08 05:34:12,621 - DEBUG - [omni realtime] append audio: 4268
2025-11-08 05:34:12,621 - DEBUG - [omni realtime] append audio: 4268
2025-11-08 05:34:12,622 - DEBUG - 已发送 510/648 块
2025-11-08 05:34:12,622 - DEBUG - [omni realtime] append audio: 4268
2025-11-08 05:34:12,622 - DEBUG - [omni realtime] append audio: 4268
2025-11-08 05:34:12,622 - DEBUG - [omni realtime] append audio: 4268
2025-11-08 05:34:12,623 - DEBUG - [omni realtime] append audio: 4268
2025-11-08 05:34:12,623 - DEBUG - [omni realtime] append audio: 4268
2025-11-08 05:34:12,623 - DEBUG - [omni realtime] append audio: 4268
2025-11-08 05:34:12,623 - DEBUG - [omni realtime] append audio: 4268
2025-11-08 05:34:12,623 - DEBUG - [omni realtime] append audio: 4268
2025-11-08 05:34:12,624 - DEBUG - [omni realtime] append audio: 4268
2025-11-08 05:34:12,624 - DEBUG - [omni realtime] append audio: 4268
2025-11-08 05:34:12,624 - DEBUG - 已发送 520/648 块
2025-11-08 05:34:12,624 - DEBUG - [omni realtime] append audio: 4268
2025-11-08 05:34:12,624 - DEBUG - [omni realtime] append audio: 4268
2025-11-08 05:34:12,625 - DEBUG - [omni realtime] append audio: 4268
2025-11-08 05:34:12,625 - DEBUG - [omni realtime] append audio: 4268
2025-11-08 05:34:12,625 - DEBUG - [omni realtime] append audio: 4268
2025-11-08 05:34:12,626 - DEBUG - [omni realtime] append audio: 4268
2025-11-08 05:34:12,626 - DEBUG - [omni realtime] append audio: 4268
2025-11-08 05:34:12,627 - DEBUG - [omni realtime] append audio: 4268
2025-11-08 05:34:12,627 - DEBUG - [omni realtime] append audio: 4268
2025-11-08 05:34:12,628 - DEBUG - [omni realtime] append audio: 4268
2025-11-08 05:34:12,628 - DEBUG - 已发送 530/648 块
2025-11-08 05:34:12,628 - DEBUG - [omni realtime] append audio: 4268
2025-11-08 05:34:12,628 - DEBUG - [omni realtime] append audio: 4268
2025-11-08 05:34:12,629 - DEBUG - [omni realtime] append audio: 4268
2025-11-08 05:34:12,629 - DEBUG - [omni realtime] append audio: 4268
2025-11-08 05:34:12,629 - DEBUG - [omni realtime] append audio: 4268
2025-11-08 05:34:12,630 - DEBUG - [omni realtime] append audio: 4268
2025-11-08 05:34:12,630 - DEBUG - [omni realtime] append audio: 4268
2025-11-08 05:34:12,630 - DEBUG - [omni realtime] append audio: 4268
2025-11-08 05:34:12,631 - DEBUG - [omni realtime] append audio: 4268
2025-11-08 05:34:12,631 - DEBUG - [omni realtime] append audio: 4268
2025-11-08 05:34:12,632 - DEBUG - 已发送 540/648 块
2025-11-08 05:34:12,632 - DEBUG - [omni realtime] append audio: 4268
2025-11-08 05:34:12,632 - DEBUG - [omni realtime] append audio: 4268
2025-11-08 05:34:12,633 - DEBUG - [omni realtime] append audio: 4268
2025-11-08 05:34:12,633 - DEBUG - [omni realtime] append audio: 4268
2025-11-08 05:34:12,633 - DEBUG - [omni realtime] append audio: 4268
2025-11-08 05:34:12,633 - DEBUG - [omni realtime] append audio: 4268
2025-11-08 05:34:12,633 - DEBUG - [omni realtime] append audio: 4268
2025-11-08 05:34:12,634 - DEBUG - [omni realtime] append audio: 4268
2025-11-08 05:34:12,634 - DEBUG - [omni realtime] append audio: 4268
2025-11-08 05:34:12,634 - DEBUG - [omni realtime] append audio: 4268
2025-11-08 05:34:12,634 - DEBUG - 已发送 550/648 块
2025-11-08 05:34:12,634 - DEBUG - [omni realtime] append audio: 4268
2025-11-08 05:34:12,635 - DEBUG - [omni realtime] append audio: 4268
2025-11-08 05:34:12,635 - DEBUG - [omni realtime] append audio: 4268
2025-11-08 05:34:12,635 - DEBUG - [omni realtime] append audio: 4268
2025-11-08 05:34:12,636 - DEBUG - [omni realtime] append audio: 4268
2025-11-08 05:34:12,637 - DEBUG - [omni realtime] append audio: 4268
2025-11-08 05:34:12,638 - DEBUG - [omni realtime] append audio: 4268
2025-11-08 05:34:12,638 - DEBUG - [omni realtime] append audio: 4268
2025-11-08 05:34:12,639 - DEBUG - [omni realtime] append audio: 4268
2025-11-08 05:34:12,639 - DEBUG - [omni realtime] append audio: 4268
2025-11-08 05:34:12,639 - DEBUG - 已发送 560/648 块
2025-11-08 05:34:12,640 - DEBUG - [omni realtime] append audio: 4268
2025-11-08 05:34:12,640 - DEBUG - [omni realtime] append audio: 4268
2025-11-08 05:34:12,640 - DEBUG - [omni realtime] append audio: 4268
2025-11-08 05:34:12,641 - DEBUG - [omni realtime] append audio: 4268
2025-11-08 05:34:12,641 - DEBUG - [omni realtime] append audio: 4268
2025-11-08 05:34:12,642 - DEBUG - [omni realtime] append audio: 4268
2025-11-08 05:34:12,642 - DEBUG - [omni realtime] append audio: 4268
2025-11-08 05:34:12,643 - DEBUG - [omni realtime] append audio: 4268
2025-11-08 05:34:12,643 - DEBUG - [omni realtime] append audio: 4268
2025-11-08 05:34:12,643 - DEBUG - [omni realtime] append audio: 4268
2025-11-08 05:34:12,644 - DEBUG - 已发送 570/648 块
2025-11-08 05:34:12,644 - DEBUG - [omni realtime] append audio: 4268
2025-11-08 05:34:12,644 - DEBUG - [omni realtime] append audio: 4268
2025-11-08 05:34:12,645 - DEBUG - [omni realtime] append audio: 4268
2025-11-08 05:34:12,645 - DEBUG - [omni realtime] append audio: 4268
2025-11-08 05:34:12,646 - DEBUG - [omni realtime] append audio: 4268
2025-11-08 05:34:12,646 - DEBUG - [omni realtime] append audio: 4268
2025-11-08 05:34:12,646 - DEBUG - [omni realtime] append audio: 4268
2025-11-08 05:34:12,647 - DEBUG - [omni realtime] append audio: 4268
2025-11-08 05:34:12,647 - DEBUG - [omni realtime] append audio: 4268
2025-11-08 05:34:12,647 - DEBUG - [omni realtime] append audio: 4268
2025-11-08 05:34:12,648 - DEBUG - 已发送 580/648 块
2025-11-08 05:34:12,648 - DEBUG - [omni realtime] append audio: 4268
2025-11-08 05:34:12,648 - DEBUG - [omni realtime] append audio: 4268
2025-11-08 05:34:12,648 - DEBUG - [omni realtime] append audio: 4268
2025-11-08 05:34:12,649 - DEBUG - [omni realtime] append audio: 4268
2025-11-08 05:34:12,649 - DEBUG - [omni realtime] append audio: 4268
2025-11-08 05:34:12,649 - DEBUG - [omni realtime] append audio: 4268
2025-11-08 05:34:12,649 - DEBUG - [omni realtime] append audio: 4268
2025-11-08 05:34:12,650 - DEBUG - [omni realtime] append audio: 4268
2025-11-08 05:34:12,650 - DEBUG - [omni realtime] append audio: 4268
2025-11-08 05:34:12,650 - DEBUG - [omni realtime] append audio: 4268
2025-11-08 05:34:12,651 - DEBUG - 已发送 590/648 块
2025-11-08 05:34:12,651 - DEBUG - [omni realtime] append audio: 4268
2025-11-08 05:34:12,651 - DEBUG - [omni realtime] append audio: 4268
2025-11-08 05:34:12,651 - DEBUG - [omni realtime] append audio: 4268
2025-11-08 05:34:12,652 - DEBUG - [omni realtime] append audio: 4268
2025-11-08 05:34:12,652 - DEBUG - [omni realtime] append audio: 4268
2025-11-08 05:34:12,652 - DEBUG - [omni realtime] append audio: 4268
2025-11-08 05:34:12,652 - DEBUG - [omni realtime] append audio: 4268
2025-11-08 05:34:12,653 - DEBUG - [omni realtime] append audio: 4268
2025-11-08 05:34:12,653 - DEBUG - [omni realtime] append audio: 4268
2025-11-08 05:34:12,653 - DEBUG - [omni realtime] append audio: 4268
2025-11-08 05:34:12,653 - DEBUG - 已发送 600/648 块
2025-11-08 05:34:12,654 - DEBUG - [omni realtime] append audio: 4268
2025-11-08 05:34:12,654 - DEBUG - [omni realtime] append audio: 4268
2025-11-08 05:34:12,654 - DEBUG - [omni realtime] append audio: 4268
2025-11-08 05:34:12,654 - DEBUG - [omni realtime] append audio: 4268
2025-11-08 05:34:12,654 - DEBUG - [omni realtime] append audio: 4268
2025-11-08 05:34:12,655 - DEBUG - [omni realtime] append audio: 4268
2025-11-08 05:34:12,655 - DEBUG - [omni realtime] append audio: 4268
2025-11-08 05:34:12,655 - DEBUG - [omni realtime] append audio: 4268
2025-11-08 05:34:12,655 - DEBUG - [omni realtime] append audio: 4268
2025-11-08 05:34:12,656 - DEBUG - [omni realtime] append audio: 4268
2025-11-08 05:34:12,656 - DEBUG - 已发送 610/648 块
2025-11-08 05:34:12,656 - DEBUG - [omni realtime] append audio: 4268
2025-11-08 05:34:12,656 - DEBUG - [omni realtime] append audio: 4268
2025-11-08 05:34:12,657 - DEBUG - [omni realtime] append audio: 4268
2025-11-08 05:34:12,657 - DEBUG - [omni realtime] append audio: 4268
2025-11-08 05:34:12,657 - DEBUG - [omni realtime] append audio: 4268
2025-11-08 05:34:12,658 - DEBUG - [omni realtime] append audio: 4268
2025-11-08 05:34:12,658 - DEBUG - [omni realtime] append audio: 4268
2025-11-08 05:34:12,658 - DEBUG - [omni realtime] append audio: 4268
2025-11-08 05:34:12,659 - DEBUG - [omni realtime] append audio: 4268
2025-11-08 05:34:12,659 - DEBUG - [omni realtime] append audio: 4268
2025-11-08 05:34:12,659 - DEBUG - 已发送 620/648 块
2025-11-08 05:34:12,660 - DEBUG - [omni realtime] append audio: 4268
2025-11-08 05:34:12,660 - DEBUG - [omni realtime] append audio: 4268
2025-11-08 05:34:12,660 - DEBUG - [omni realtime] append audio: 4268
2025-11-08 05:34:12,661 - DEBUG - [omni realtime] append audio: 4268
2025-11-08 05:34:12,661 - DEBUG - [omni realtime] append audio: 4268
2025-11-08 05:34:12,661 - DEBUG - [omni realtime] append audio: 4268
2025-11-08 05:34:12,662 - DEBUG - [omni realtime] append audio: 4268
2025-11-08 05:34:12,662 - DEBUG - [omni realtime] append audio: 4268
2025-11-08 05:34:12,662 - DEBUG - [omni realtime] append audio: 4268
2025-11-08 05:34:12,663 - DEBUG - [omni realtime] append audio: 4268
2025-11-08 05:34:12,663 - DEBUG - 已发送 630/648 块
2025-11-08 05:34:12,663 - DEBUG - [omni realtime] append audio: 4268
2025-11-08 05:34:12,663 - DEBUG - [omni realtime] append audio: 4268
2025-11-08 05:34:12,664 - DEBUG - [omni realtime] append audio: 4268
2025-11-08 05:34:12,664 - DEBUG - [omni realtime] append audio: 4268
2025-11-08 05:34:12,664 - DEBUG - [omni realtime] append audio: 4268
2025-11-08 05:34:12,664 - DEBUG - [omni realtime] append audio: 4268
2025-11-08 05:34:12,665 - DEBUG - [omni realtime] append audio: 4268
2025-11-08 05:34:12,665 - DEBUG - [omni realtime] append audio: 4268
2025-11-08 05:34:12,665 - DEBUG - [omni realtime] append audio: 4268
2025-11-08 05:34:12,665 - DEBUG - [omni realtime] append audio: 4268
2025-11-08 05:34:12,665 - DEBUG - 已发送 640/648 块
2025-11-08 05:34:12,666 - DEBUG - [omni realtime] append audio: 4268
2025-11-08 05:34:12,666 - DEBUG - [omni realtime] append audio: 4268
2025-11-08 05:34:12,666 - DEBUG - [omni realtime] append audio: 4268
2025-11-08 05:34:12,667 - DEBUG - [omni realtime] append audio: 4268
2025-11-08 05:34:12,667 - DEBUG - [omni realtime] append audio: 4268
2025-11-08 05:34:12,667 - DEBUG - [omni realtime] append audio: 4268
2025-11-08 05:34:12,667 - DEBUG - [omni realtime] append audio: 4268
2025-11-08 05:34:12,668 - DEBUG - [omni realtime] append audio: 2520
2025-11-08 05:34:12,668 - INFO - 所有音频数据已发送 (648 块)
2025-11-08 05:34:12,668 - INFO - 
关闭 VAD (防止多段语音干扰)
2025-11-08 05:34:12,668 - ERROR - 处理异常: OmniRealtimeConversation.update_session() missing 1 required positional argument: 'output_modalities'
2025-11-08 05:34:12,669 - ERROR - Traceback (most recent call last):
  File "E:\code\py\hks\main3_debug.py", line 292, in main
    conversation.update_session(
    ~~~~~~~~~~~~~~~~~~~~~~~~~~~^
        enable_turn_detection=False
        ^^^^^^^^^^^^^^^^^^^^^^^^^^^
    )
    ^
TypeError: OmniRealtimeConversation.update_session() missing 1 required positional argument: 'output_modalities'

2025-11-08 05:34:12,739 - INFO - ================================================================================
2025-11-08 05:34:12,740 - INFO - WebSocket 连接关闭
2025-11-08 05:34:12,740 - INFO -   关闭状态码: None
2025-11-08 05:34:12,740 - INFO -   关闭消息: None
2025-11-08 05:34:12,740 - INFO - ================================================================================
2025-11-08 05:34:12,741 - ERROR - error from callback <bound method OmniRealtimeConversation.on_error of <dashscope.audio.qwen_omni.omni_realtime.OmniRealtimeConversation object at 0x0000000005EE9550>>: websocket closed due to 0
2025-11-08 05:34:13,143 - INFO - 
程序结束
2025-11-08 05:34:42,248 - INFO - ================================================================================
2025-11-08 05:34:42,249 - INFO - 调试模式 - 纯 logging 输出
2025-11-08 05:34:42,249 - INFO - ================================================================================
2025-11-08 05:34:42,251 - INFO - 加载配置文件: ./config3.yml
2025-11-08 05:34:42,251 - INFO - API Key: sk-9b155a5...
2025-11-08 05:34:42,251 - INFO - Model: qwen3-omni-flash-realtime
2025-11-08 05:34:42,252 - INFO - Audio Path: ./test/考核点3：语音识别与语义理解/1.mp4
2025-11-08 05:34:42,252 - INFO - 
步骤 1: 提取音频
2025-11-08 05:34:42,252 - INFO - ================================================================================
2025-11-08 05:34:42,252 - INFO - 开始提取音频: ./test/考核点3：语音识别与语义理解/1.mp4
2025-11-08 05:34:42,252 - DEBUG - FFmpeg命令: ffmpeg -loglevel error -i ./test/考核点3：语音识别与语义理解/1.mp4 -vn -acodec pcm_s16le -ar 16000 -ac 1 -f wav -
2025-11-08 05:34:42,356 - INFO - 音频提取完成: 2072288 字节
2025-11-08 05:34:42,357 - INFO - 
步骤 2: 初始化 WebSocket 会话
2025-11-08 05:34:42,357 - INFO - ================================================================================
2025-11-08 05:34:42,357 - INFO - 正在连接...
2025-11-08 05:34:42,610 - INFO - Websocket connected
2025-11-08 05:34:42,611 - DEBUG - [omni realtime] receive string {"event_id":"event_Is7kzYUEbhqrdtmjHsPfx","type":"session.created","session":{"object":"realtime.session","model":"qwen3-omni-flash-realtime","modalities":["text","audio"],"voice":"Cherry","input_audio_format":"pcm16","output_audio_format":"pcm24","input_audio_transcription":{"model":"gummy-realtime-v1"},"turn_detection":{"type":"server_vad","threshold":0.5,"prefix_padding_ms":300,"silence_duration_ms":800,"create_response":true,"interrupt_response":true},"tools":[],"tool_choice":"auto","temperature":0.8,"max_response_output_tokens":"inf","id":"sess_HMCOWryXEJkx3OXsPuc3T"}}
2025-11-08 05:34:42,612 - INFO - --------------------------------------------------------------------------------
2025-11-08 05:34:42,612 - INFO - 事件类型: session.created
2025-11-08 05:34:42,612 - INFO - 完整事件数据:
2025-11-08 05:34:42,613 - INFO -     event_id: event_Is7kzYUEbhqrdtmjHsPfx
2025-11-08 05:34:42,613 - INFO -     type: session.created
2025-11-08 05:34:42,613 - INFO -     session:
2025-11-08 05:34:42,613 - INFO -       object: realtime.session
2025-11-08 05:34:42,613 - INFO -       model: qwen3-omni-flash-realtime
2025-11-08 05:34:42,613 - INFO -       modalities:
2025-11-08 05:34:42,613 - INFO -         [0]:
2025-11-08 05:34:42,614 - INFO -           text
2025-11-08 05:34:42,614 - INFO -         [1]:
2025-11-08 05:34:42,614 - INFO -           audio
2025-11-08 05:34:42,614 - INFO -       voice: Cherry
2025-11-08 05:34:42,614 - INFO -       input_audio_format: pcm16
2025-11-08 05:34:42,614 - INFO -       output_audio_format: pcm24
2025-11-08 05:34:42,615 - INFO -       input_audio_transcription:
2025-11-08 05:34:42,615 - INFO -         model: gummy-realtime-v1
2025-11-08 05:34:42,615 - INFO -       turn_detection:
2025-11-08 05:34:42,615 - INFO -         type: server_vad
2025-11-08 05:34:42,615 - INFO -         threshold: 0.5
2025-11-08 05:34:42,615 - INFO -         prefix_padding_ms: 300
2025-11-08 05:34:42,615 - INFO -         silence_duration_ms: 800
2025-11-08 05:34:42,615 - INFO -         create_response: True
2025-11-08 05:34:42,616 - INFO -         interrupt_response: True
2025-11-08 05:34:42,616 - INFO -       tools:
2025-11-08 05:34:42,616 - INFO -       tool_choice: auto
2025-11-08 05:34:42,616 - INFO -       temperature: 0.8
2025-11-08 05:34:42,616 - INFO -       max_response_output_tokens: inf
2025-11-08 05:34:42,616 - INFO -       id: sess_HMCOWryXEJkx3OXsPuc3T
2025-11-08 05:34:42,616 - INFO - --------------------------------------------------------------------------------
2025-11-08 05:34:42,646 - INFO - ================================================================================
2025-11-08 05:34:42,646 - INFO - WebSocket 连接已建立
2025-11-08 05:34:42,646 - INFO - ================================================================================
2025-11-08 05:34:42,647 - INFO - 
步骤 3: 配置会话参数
2025-11-08 05:34:42,647 - INFO - ================================================================================
2025-11-08 05:34:42,647 - INFO -   output_modalities: TEXT
2025-11-08 05:34:42,647 - INFO -   input_audio_format: PCM_16000HZ_MONO_16BIT
2025-11-08 05:34:42,647 - INFO -   enable_input_audio_transcription: True
2025-11-08 05:34:42,648 - INFO -   transcription_model: gummy-realtime-v1
2025-11-08 05:34:42,648 - INFO -   enable_turn_detection: True
2025-11-08 05:34:42,648 - INFO -   vad_threshold: 0.4
2025-11-08 05:34:42,648 - INFO -   vad_silence_duration_ms: 10000
2025-11-08 05:34:42,649 - INFO -   prefix_padding_ms: 500
2025-11-08 05:34:42,649 - DEBUG - [omni realtime] send string: {"event_id": "event_fa5faeb875a94399bf38b5e2de03cd33", "type": "session.update", "session": {"modalities": ["text"], "voice": "Ethan", "input_audio_format": "pcm16", "output_audio_format": "pcm16", "input_audio_transcription": {"model": "gummy-realtime-v1"}, "turn_detection": null}}
2025-11-08 05:34:42,929 - DEBUG - [omni realtime] receive string {"event_id":"event_O124Rk4KiSyR4v9yUPq7W","type":"session.updated","session":{"id":"sess_HMCOWryXEJkx3OXsPuc3T","object":"realtime.session","model":"qwen3-omni-flash-realtime","modalities":["text"],"voice":"Ethan","input_audio_format":"pcm16","output_audio_format":"pcm16","input_audio_transcription":{"model":"gummy-realtime-v1"},"max_response_output_tokens":"inf","temperature":0.8}}
2025-11-08 05:34:42,930 - INFO - --------------------------------------------------------------------------------
2025-11-08 05:34:42,930 - INFO - 事件类型: session.updated
2025-11-08 05:34:42,930 - INFO - 完整事件数据:
2025-11-08 05:34:42,930 - INFO -     event_id: event_O124Rk4KiSyR4v9yUPq7W
2025-11-08 05:34:42,930 - INFO -     type: session.updated
2025-11-08 05:34:42,930 - INFO -     session:
2025-11-08 05:34:42,931 - INFO -       id: sess_HMCOWryXEJkx3OXsPuc3T
2025-11-08 05:34:42,931 - INFO -       object: realtime.session
2025-11-08 05:34:42,931 - INFO -       model: qwen3-omni-flash-realtime
2025-11-08 05:34:42,931 - INFO -       modalities:
2025-11-08 05:34:42,931 - INFO -         [0]:
2025-11-08 05:34:42,932 - INFO -           text
2025-11-08 05:34:42,932 - INFO -       voice: Ethan
2025-11-08 05:34:42,933 - INFO -       input_audio_format: pcm16
2025-11-08 05:34:42,933 - INFO -       output_audio_format: pcm16
2025-11-08 05:34:42,933 - INFO -       input_audio_transcription:
2025-11-08 05:34:42,934 - INFO -         model: gummy-realtime-v1
2025-11-08 05:34:42,934 - INFO -       max_response_output_tokens: inf
2025-11-08 05:34:42,934 - INFO -       temperature: 0.8
2025-11-08 05:34:42,934 - INFO - --------------------------------------------------------------------------------
2025-11-08 05:34:43,150 - INFO - 
步骤 4: 发送音频数据
2025-11-08 05:34:43,151 - INFO - ================================================================================
2025-11-08 05:34:43,151 - INFO - 音频分块大小: 3200 字节
2025-11-08 05:34:43,151 - INFO - 总块数: 648
2025-11-08 05:34:43,153 - INFO - 开始发送 648 块音频数据
2025-11-08 05:34:43,153 - DEBUG - [omni realtime] append audio: 4268
2025-11-08 05:34:43,154 - DEBUG - [omni realtime] append audio: 4268
2025-11-08 05:34:43,155 - DEBUG - [omni realtime] append audio: 4268
2025-11-08 05:34:43,156 - DEBUG - [omni realtime] append audio: 4268
2025-11-08 05:34:43,156 - DEBUG - [omni realtime] append audio: 4268
2025-11-08 05:34:43,157 - DEBUG - [omni realtime] append audio: 4268
2025-11-08 05:34:43,157 - DEBUG - [omni realtime] append audio: 4268
2025-11-08 05:34:43,157 - DEBUG - [omni realtime] append audio: 4268
2025-11-08 05:34:43,158 - DEBUG - [omni realtime] append audio: 4268
2025-11-08 05:34:43,158 - DEBUG - [omni realtime] append audio: 4268
2025-11-08 05:34:43,159 - DEBUG - 已发送 10/648 块
2025-11-08 05:34:43,159 - DEBUG - [omni realtime] append audio: 4268
2025-11-08 05:34:43,159 - DEBUG - [omni realtime] append audio: 4268
2025-11-08 05:34:43,160 - DEBUG - [omni realtime] append audio: 4268
2025-11-08 05:34:43,160 - DEBUG - [omni realtime] append audio: 4268
2025-11-08 05:34:43,161 - DEBUG - [omni realtime] append audio: 4268
2025-11-08 05:34:43,161 - DEBUG - [omni realtime] append audio: 4268
2025-11-08 05:34:43,161 - DEBUG - [omni realtime] append audio: 4268
2025-11-08 05:34:43,162 - DEBUG - [omni realtime] append audio: 4268
2025-11-08 05:34:43,162 - DEBUG - [omni realtime] append audio: 4268
2025-11-08 05:34:43,162 - DEBUG - [omni realtime] append audio: 4268
2025-11-08 05:34:43,163 - DEBUG - 已发送 20/648 块
2025-11-08 05:34:43,163 - DEBUG - [omni realtime] append audio: 4268
2025-11-08 05:34:43,163 - DEBUG - [omni realtime] append audio: 4268
2025-11-08 05:34:43,164 - DEBUG - [omni realtime] append audio: 4268
2025-11-08 05:34:43,164 - DEBUG - [omni realtime] append audio: 4268
2025-11-08 05:34:43,164 - DEBUG - [omni realtime] append audio: 4268
2025-11-08 05:34:43,165 - DEBUG - [omni realtime] append audio: 4268
2025-11-08 05:34:43,165 - DEBUG - [omni realtime] append audio: 4268
2025-11-08 05:34:43,165 - DEBUG - [omni realtime] append audio: 4268
2025-11-08 05:34:43,166 - DEBUG - [omni realtime] append audio: 4268
2025-11-08 05:34:43,166 - DEBUG - [omni realtime] append audio: 4268
2025-11-08 05:34:43,166 - DEBUG - 已发送 30/648 块
2025-11-08 05:34:43,167 - DEBUG - [omni realtime] append audio: 4268
2025-11-08 05:34:43,167 - DEBUG - [omni realtime] append audio: 4268
2025-11-08 05:34:43,167 - DEBUG - [omni realtime] append audio: 4268
2025-11-08 05:34:43,167 - DEBUG - [omni realtime] append audio: 4268
2025-11-08 05:34:43,168 - DEBUG - [omni realtime] append audio: 4268
2025-11-08 05:34:43,168 - DEBUG - [omni realtime] append audio: 4268
2025-11-08 05:34:43,168 - DEBUG - [omni realtime] append audio: 4268
2025-11-08 05:34:43,168 - DEBUG - [omni realtime] append audio: 4268
2025-11-08 05:34:43,168 - DEBUG - [omni realtime] append audio: 4268
2025-11-08 05:34:43,169 - DEBUG - [omni realtime] append audio: 4268
2025-11-08 05:34:43,170 - DEBUG - 已发送 40/648 块
2025-11-08 05:34:43,170 - DEBUG - [omni realtime] append audio: 4268
2025-11-08 05:34:43,171 - DEBUG - [omni realtime] append audio: 4268
2025-11-08 05:34:43,171 - DEBUG - [omni realtime] append audio: 4268
2025-11-08 05:34:43,172 - DEBUG - [omni realtime] append audio: 4268
2025-11-08 05:34:43,172 - DEBUG - [omni realtime] append audio: 4268
2025-11-08 05:34:43,172 - DEBUG - [omni realtime] append audio: 4268
2025-11-08 05:34:43,173 - DEBUG - [omni realtime] append audio: 4268
2025-11-08 05:34:43,173 - DEBUG - [omni realtime] append audio: 4268
2025-11-08 05:34:43,174 - DEBUG - [omni realtime] append audio: 4268
2025-11-08 05:34:43,174 - DEBUG - [omni realtime] append audio: 4268
2025-11-08 05:34:43,174 - DEBUG - 已发送 50/648 块
2025-11-08 05:34:43,174 - DEBUG - [omni realtime] append audio: 4268
2025-11-08 05:34:43,175 - DEBUG - [omni realtime] append audio: 4268
2025-11-08 05:34:43,175 - DEBUG - [omni realtime] append audio: 4268
2025-11-08 05:34:43,176 - DEBUG - [omni realtime] append audio: 4268
2025-11-08 05:34:43,176 - DEBUG - [omni realtime] append audio: 4268
2025-11-08 05:34:43,177 - DEBUG - [omni realtime] append audio: 4268
2025-11-08 05:34:43,177 - DEBUG - [omni realtime] append audio: 4268
2025-11-08 05:34:43,178 - DEBUG - [omni realtime] append audio: 4268
2025-11-08 05:34:43,178 - DEBUG - [omni realtime] append audio: 4268
2025-11-08 05:34:43,179 - DEBUG - [omni realtime] append audio: 4268
2025-11-08 05:34:43,179 - DEBUG - 已发送 60/648 块
2025-11-08 05:34:43,179 - DEBUG - [omni realtime] append audio: 4268
2025-11-08 05:34:43,180 - DEBUG - [omni realtime] append audio: 4268
2025-11-08 05:34:43,180 - DEBUG - [omni realtime] append audio: 4268
2025-11-08 05:34:43,180 - DEBUG - [omni realtime] append audio: 4268
2025-11-08 05:34:43,181 - DEBUG - [omni realtime] append audio: 4268
2025-11-08 05:34:43,181 - DEBUG - [omni realtime] append audio: 4268
2025-11-08 05:34:43,181 - DEBUG - [omni realtime] append audio: 4268
2025-11-08 05:34:43,182 - DEBUG - [omni realtime] append audio: 4268
2025-11-08 05:34:43,182 - DEBUG - [omni realtime] append audio: 4268
2025-11-08 05:34:43,183 - DEBUG - [omni realtime] append audio: 4268
2025-11-08 05:34:43,183 - DEBUG - 已发送 70/648 块
2025-11-08 05:34:43,183 - DEBUG - [omni realtime] append audio: 4268
2025-11-08 05:34:43,183 - DEBUG - [omni realtime] append audio: 4268
2025-11-08 05:34:43,183 - DEBUG - [omni realtime] append audio: 4268
2025-11-08 05:34:43,184 - DEBUG - [omni realtime] append audio: 4268
2025-11-08 05:34:43,184 - DEBUG - [omni realtime] append audio: 4268
2025-11-08 05:34:43,184 - DEBUG - [omni realtime] append audio: 4268
2025-11-08 05:34:43,185 - DEBUG - [omni realtime] append audio: 4268
2025-11-08 05:34:43,185 - DEBUG - [omni realtime] append audio: 4268
2025-11-08 05:34:43,185 - DEBUG - [omni realtime] append audio: 4268
2025-11-08 05:34:43,186 - DEBUG - [omni realtime] append audio: 4268
2025-11-08 05:34:43,187 - DEBUG - 已发送 80/648 块
2025-11-08 05:34:43,187 - DEBUG - [omni realtime] append audio: 4268
2025-11-08 05:34:43,188 - DEBUG - [omni realtime] append audio: 4268
2025-11-08 05:34:43,188 - DEBUG - [omni realtime] append audio: 4268
2025-11-08 05:34:43,189 - DEBUG - [omni realtime] append audio: 4268
2025-11-08 05:34:43,189 - DEBUG - [omni realtime] append audio: 4268
2025-11-08 05:34:43,190 - DEBUG - [omni realtime] append audio: 4268
2025-11-08 05:34:43,190 - DEBUG - [omni realtime] append audio: 4268
2025-11-08 05:34:43,191 - DEBUG - [omni realtime] append audio: 4268
2025-11-08 05:34:43,191 - DEBUG - [omni realtime] append audio: 4268
2025-11-08 05:34:43,191 - DEBUG - [omni realtime] append audio: 4268
2025-11-08 05:34:43,192 - DEBUG - 已发送 90/648 块
2025-11-08 05:34:43,192 - DEBUG - [omni realtime] append audio: 4268
2025-11-08 05:34:43,192 - DEBUG - [omni realtime] append audio: 4268
2025-11-08 05:34:43,193 - DEBUG - [omni realtime] append audio: 4268
2025-11-08 05:34:43,193 - DEBUG - [omni realtime] append audio: 4268
2025-11-08 05:34:43,193 - DEBUG - [omni realtime] append audio: 4268
2025-11-08 05:34:43,194 - DEBUG - [omni realtime] append audio: 4268
2025-11-08 05:34:43,194 - DEBUG - [omni realtime] append audio: 4268
2025-11-08 05:34:43,194 - DEBUG - [omni realtime] append audio: 4268
2025-11-08 05:34:43,194 - DEBUG - [omni realtime] append audio: 4268
2025-11-08 05:34:43,194 - DEBUG - [omni realtime] append audio: 4268
2025-11-08 05:34:43,195 - DEBUG - 已发送 100/648 块
2025-11-08 05:34:43,195 - DEBUG - [omni realtime] append audio: 4268
2025-11-08 05:34:43,195 - DEBUG - [omni realtime] append audio: 4268
2025-11-08 05:34:43,195 - DEBUG - [omni realtime] append audio: 4268
2025-11-08 05:34:43,195 - DEBUG - [omni realtime] append audio: 4268
2025-11-08 05:34:43,196 - DEBUG - [omni realtime] append audio: 4268
2025-11-08 05:34:43,196 - DEBUG - [omni realtime] append audio: 4268
2025-11-08 05:34:43,204 - DEBUG - [omni realtime] append audio: 4268
2025-11-08 05:34:43,204 - DEBUG - [omni realtime] append audio: 4268
2025-11-08 05:34:43,205 - DEBUG - [omni realtime] append audio: 4268
2025-11-08 05:34:43,205 - DEBUG - [omni realtime] append audio: 4268
2025-11-08 05:34:43,206 - DEBUG - 已发送 110/648 块
2025-11-08 05:34:43,206 - DEBUG - [omni realtime] append audio: 4268
2025-11-08 05:34:43,207 - DEBUG - [omni realtime] append audio: 4268
2025-11-08 05:34:43,207 - DEBUG - [omni realtime] append audio: 4268
2025-11-08 05:34:43,208 - DEBUG - [omni realtime] append audio: 4268
2025-11-08 05:34:43,208 - DEBUG - [omni realtime] append audio: 4268
2025-11-08 05:34:43,209 - DEBUG - [omni realtime] append audio: 4268
2025-11-08 05:34:43,209 - DEBUG - [omni realtime] append audio: 4268
2025-11-08 05:34:43,210 - DEBUG - [omni realtime] append audio: 4268
2025-11-08 05:34:43,210 - DEBUG - [omni realtime] append audio: 4268
2025-11-08 05:34:43,210 - DEBUG - [omni realtime] append audio: 4268
2025-11-08 05:34:43,210 - DEBUG - 已发送 120/648 块
2025-11-08 05:34:43,211 - DEBUG - [omni realtime] append audio: 4268
2025-11-08 05:34:43,211 - DEBUG - [omni realtime] append audio: 4268
2025-11-08 05:34:43,212 - DEBUG - [omni realtime] append audio: 4268
2025-11-08 05:34:43,212 - DEBUG - [omni realtime] append audio: 4268
2025-11-08 05:34:43,212 - DEBUG - [omni realtime] append audio: 4268
2025-11-08 05:34:43,212 - DEBUG - [omni realtime] append audio: 4268
2025-11-08 05:34:43,213 - DEBUG - [omni realtime] append audio: 4268
2025-11-08 05:34:43,213 - DEBUG - [omni realtime] append audio: 4268
2025-11-08 05:34:43,213 - DEBUG - [omni realtime] append audio: 4268
2025-11-08 05:34:43,214 - DEBUG - [omni realtime] append audio: 4268
2025-11-08 05:34:43,214 - DEBUG - 已发送 130/648 块
2025-11-08 05:34:43,214 - DEBUG - [omni realtime] append audio: 4268
2025-11-08 05:34:43,214 - DEBUG - [omni realtime] append audio: 4268
2025-11-08 05:34:43,215 - DEBUG - [omni realtime] append audio: 4268
2025-11-08 05:34:43,215 - DEBUG - [omni realtime] append audio: 4268
2025-11-08 05:34:43,215 - DEBUG - [omni realtime] append audio: 4268
2025-11-08 05:34:43,216 - DEBUG - [omni realtime] append audio: 4268
2025-11-08 05:34:43,216 - DEBUG - [omni realtime] append audio: 4268
2025-11-08 05:34:43,217 - DEBUG - [omni realtime] append audio: 4268
2025-11-08 05:34:43,217 - DEBUG - [omni realtime] append audio: 4268
2025-11-08 05:34:43,217 - DEBUG - [omni realtime] append audio: 4268
2025-11-08 05:34:43,218 - DEBUG - 已发送 140/648 块
2025-11-08 05:34:43,218 - DEBUG - [omni realtime] append audio: 4268
2025-11-08 05:34:43,218 - DEBUG - [omni realtime] append audio: 4268
2025-11-08 05:34:43,219 - DEBUG - [omni realtime] append audio: 4268
2025-11-08 05:34:43,219 - DEBUG - [omni realtime] append audio: 4268
2025-11-08 05:34:43,220 - DEBUG - [omni realtime] append audio: 4268
2025-11-08 05:34:43,220 - DEBUG - [omni realtime] append audio: 4268
2025-11-08 05:34:43,221 - DEBUG - [omni realtime] append audio: 4268
2025-11-08 05:34:43,221 - DEBUG - [omni realtime] append audio: 4268
2025-11-08 05:34:43,222 - DEBUG - [omni realtime] append audio: 4268
2025-11-08 05:34:43,222 - DEBUG - [omni realtime] append audio: 4268
2025-11-08 05:34:43,223 - DEBUG - 已发送 150/648 块
2025-11-08 05:34:43,223 - DEBUG - [omni realtime] append audio: 4268
2025-11-08 05:34:43,223 - DEBUG - [omni realtime] append audio: 4268
2025-11-08 05:34:43,224 - DEBUG - [omni realtime] append audio: 4268
2025-11-08 05:34:43,224 - DEBUG - [omni realtime] append audio: 4268
2025-11-08 05:34:43,225 - DEBUG - [omni realtime] append audio: 4268
2025-11-08 05:34:43,225 - DEBUG - [omni realtime] append audio: 4268
2025-11-08 05:34:43,226 - DEBUG - [omni realtime] append audio: 4268
2025-11-08 05:34:43,226 - DEBUG - [omni realtime] append audio: 4268
2025-11-08 05:34:43,226 - DEBUG - [omni realtime] append audio: 4268
2025-11-08 05:34:43,227 - DEBUG - [omni realtime] append audio: 4268
2025-11-08 05:34:43,227 - DEBUG - 已发送 160/648 块
2025-11-08 05:34:43,227 - DEBUG - [omni realtime] append audio: 4268
2025-11-08 05:34:43,228 - DEBUG - [omni realtime] append audio: 4268
2025-11-08 05:34:43,228 - DEBUG - [omni realtime] append audio: 4268
2025-11-08 05:34:43,228 - DEBUG - [omni realtime] append audio: 4268
2025-11-08 05:34:43,228 - DEBUG - [omni realtime] append audio: 4268
2025-11-08 05:34:43,229 - DEBUG - [omni realtime] append audio: 4268
2025-11-08 05:34:43,229 - DEBUG - [omni realtime] append audio: 4268
2025-11-08 05:34:43,229 - DEBUG - [omni realtime] append audio: 4268
2025-11-08 05:34:43,230 - DEBUG - [omni realtime] append audio: 4268
2025-11-08 05:34:43,230 - DEBUG - [omni realtime] append audio: 4268
2025-11-08 05:34:43,230 - DEBUG - 已发送 170/648 块
2025-11-08 05:34:43,231 - DEBUG - [omni realtime] append audio: 4268
2025-11-08 05:34:43,231 - DEBUG - [omni realtime] append audio: 4268
2025-11-08 05:34:43,231 - DEBUG - [omni realtime] append audio: 4268
2025-11-08 05:34:43,232 - DEBUG - [omni realtime] append audio: 4268
2025-11-08 05:34:43,233 - DEBUG - [omni realtime] append audio: 4268
2025-11-08 05:34:43,234 - DEBUG - [omni realtime] append audio: 4268
2025-11-08 05:34:43,234 - DEBUG - [omni realtime] append audio: 4268
2025-11-08 05:34:43,234 - DEBUG - [omni realtime] append audio: 4268
2025-11-08 05:34:43,235 - DEBUG - [omni realtime] append audio: 4268
2025-11-08 05:34:43,235 - DEBUG - [omni realtime] append audio: 4268
2025-11-08 05:34:43,235 - DEBUG - 已发送 180/648 块
2025-11-08 05:34:43,236 - DEBUG - [omni realtime] append audio: 4268
2025-11-08 05:34:43,236 - DEBUG - [omni realtime] append audio: 4268
2025-11-08 05:34:43,237 - DEBUG - [omni realtime] append audio: 4268
2025-11-08 05:34:43,237 - DEBUG - [omni realtime] append audio: 4268
2025-11-08 05:34:43,237 - DEBUG - [omni realtime] append audio: 4268
2025-11-08 05:34:43,238 - DEBUG - [omni realtime] append audio: 4268
2025-11-08 05:34:43,238 - DEBUG - [omni realtime] append audio: 4268
2025-11-08 05:34:43,239 - DEBUG - [omni realtime] append audio: 4268
2025-11-08 05:34:43,239 - DEBUG - [omni realtime] append audio: 4268
2025-11-08 05:34:43,239 - DEBUG - [omni realtime] append audio: 4268
2025-11-08 05:34:43,240 - DEBUG - 已发送 190/648 块
2025-11-08 05:34:43,240 - DEBUG - [omni realtime] append audio: 4268
2025-11-08 05:34:43,240 - DEBUG - [omni realtime] append audio: 4268
2025-11-08 05:34:43,240 - DEBUG - [omni realtime] append audio: 4268
2025-11-08 05:34:43,241 - DEBUG - [omni realtime] append audio: 4268
2025-11-08 05:34:43,241 - DEBUG - [omni realtime] append audio: 4268
2025-11-08 05:34:43,241 - DEBUG - [omni realtime] append audio: 4268
2025-11-08 05:34:43,242 - DEBUG - [omni realtime] append audio: 4268
2025-11-08 05:34:43,242 - DEBUG - [omni realtime] append audio: 4268
2025-11-08 05:34:43,242 - DEBUG - [omni realtime] append audio: 4268
2025-11-08 05:34:43,242 - DEBUG - [omni realtime] append audio: 4268
2025-11-08 05:34:43,243 - DEBUG - 已发送 200/648 块
2025-11-08 05:34:43,243 - DEBUG - [omni realtime] append audio: 4268
2025-11-08 05:34:43,243 - DEBUG - [omni realtime] append audio: 4268
2025-11-08 05:34:43,244 - DEBUG - [omni realtime] append audio: 4268
2025-11-08 05:34:43,244 - DEBUG - [omni realtime] append audio: 4268
2025-11-08 05:34:43,244 - DEBUG - [omni realtime] append audio: 4268
2025-11-08 05:34:43,244 - DEBUG - [omni realtime] append audio: 4268
2025-11-08 05:34:43,245 - DEBUG - [omni realtime] append audio: 4268
2025-11-08 05:34:43,245 - DEBUG - [omni realtime] append audio: 4268
2025-11-08 05:34:43,245 - DEBUG - [omni realtime] append audio: 4268
2025-11-08 05:34:43,263 - DEBUG - [omni realtime] append audio: 4268
2025-11-08 05:34:43,350 - DEBUG - 已发送 210/648 块
2025-11-08 05:34:43,350 - DEBUG - [omni realtime] append audio: 4268
2025-11-08 05:34:43,351 - DEBUG - [omni realtime] append audio: 4268
2025-11-08 05:34:43,351 - DEBUG - [omni realtime] append audio: 4268
2025-11-08 05:34:43,351 - DEBUG - [omni realtime] append audio: 4268
2025-11-08 05:34:43,352 - DEBUG - [omni realtime] append audio: 4268
2025-11-08 05:34:43,352 - DEBUG - [omni realtime] append audio: 4268
2025-11-08 05:34:43,353 - DEBUG - [omni realtime] append audio: 4268
2025-11-08 05:34:43,354 - DEBUG - [omni realtime] append audio: 4268
2025-11-08 05:34:43,354 - DEBUG - [omni realtime] append audio: 4268
2025-11-08 05:34:43,355 - DEBUG - [omni realtime] append audio: 4268
2025-11-08 05:34:43,355 - DEBUG - 已发送 220/648 块
2025-11-08 05:34:43,356 - DEBUG - [omni realtime] append audio: 4268
2025-11-08 05:34:43,356 - DEBUG - [omni realtime] append audio: 4268
2025-11-08 05:34:43,357 - DEBUG - [omni realtime] append audio: 4268
2025-11-08 05:34:43,357 - DEBUG - [omni realtime] append audio: 4268
2025-11-08 05:34:43,358 - DEBUG - [omni realtime] append audio: 4268
2025-11-08 05:34:43,358 - DEBUG - [omni realtime] append audio: 4268
2025-11-08 05:34:43,358 - DEBUG - [omni realtime] append audio: 4268
2025-11-08 05:34:43,359 - DEBUG - [omni realtime] append audio: 4268
2025-11-08 05:34:43,359 - DEBUG - [omni realtime] append audio: 4268
2025-11-08 05:34:43,359 - DEBUG - [omni realtime] append audio: 4268
2025-11-08 05:34:43,359 - DEBUG - 已发送 230/648 块
2025-11-08 05:34:43,360 - DEBUG - [omni realtime] append audio: 4268
2025-11-08 05:34:43,360 - DEBUG - [omni realtime] append audio: 4268
2025-11-08 05:34:43,360 - DEBUG - [omni realtime] append audio: 4268
2025-11-08 05:34:43,361 - DEBUG - [omni realtime] append audio: 4268
2025-11-08 05:34:43,361 - DEBUG - [omni realtime] append audio: 4268
2025-11-08 05:34:43,361 - DEBUG - [omni realtime] append audio: 4268
2025-11-08 05:34:43,362 - DEBUG - [omni realtime] append audio: 4268
2025-11-08 05:34:43,362 - DEBUG - [omni realtime] append audio: 4268
2025-11-08 05:34:43,362 - DEBUG - [omni realtime] append audio: 4268
2025-11-08 05:34:43,363 - DEBUG - [omni realtime] append audio: 4268
2025-11-08 05:34:43,363 - DEBUG - 已发送 240/648 块
2025-11-08 05:34:43,363 - DEBUG - [omni realtime] append audio: 4268
2025-11-08 05:34:43,364 - DEBUG - [omni realtime] append audio: 4268
2025-11-08 05:34:43,364 - DEBUG - [omni realtime] append audio: 4268
2025-11-08 05:34:43,365 - DEBUG - [omni realtime] append audio: 4268
2025-11-08 05:34:43,365 - DEBUG - [omni realtime] append audio: 4268
2025-11-08 05:34:43,365 - DEBUG - [omni realtime] append audio: 4268
2025-11-08 05:34:43,366 - DEBUG - [omni realtime] append audio: 4268
2025-11-08 05:34:43,366 - DEBUG - [omni realtime] append audio: 4268
2025-11-08 05:34:43,366 - DEBUG - [omni realtime] append audio: 4268
2025-11-08 05:34:43,366 - DEBUG - [omni realtime] append audio: 4268
2025-11-08 05:34:43,367 - DEBUG - 已发送 250/648 块
2025-11-08 05:34:43,367 - DEBUG - [omni realtime] append audio: 4268
2025-11-08 05:34:43,367 - DEBUG - [omni realtime] append audio: 4268
2025-11-08 05:34:43,367 - DEBUG - [omni realtime] append audio: 4268
2025-11-08 05:34:43,368 - DEBUG - [omni realtime] append audio: 4268
2025-11-08 05:34:43,368 - DEBUG - [omni realtime] append audio: 4268
2025-11-08 05:34:43,368 - DEBUG - [omni realtime] append audio: 4268
2025-11-08 05:34:43,368 - DEBUG - [omni realtime] append audio: 4268
2025-11-08 05:34:43,369 - DEBUG - [omni realtime] append audio: 4268
2025-11-08 05:34:43,369 - DEBUG - [omni realtime] append audio: 4268
2025-11-08 05:34:43,370 - DEBUG - [omni realtime] append audio: 4268
2025-11-08 05:34:43,370 - DEBUG - 已发送 260/648 块
2025-11-08 05:34:43,371 - DEBUG - [omni realtime] append audio: 4268
2025-11-08 05:34:43,371 - DEBUG - [omni realtime] append audio: 4268
2025-11-08 05:34:43,372 - DEBUG - [omni realtime] append audio: 4268
2025-11-08 05:34:43,372 - DEBUG - [omni realtime] append audio: 4268
2025-11-08 05:34:43,373 - DEBUG - [omni realtime] append audio: 4268
2025-11-08 05:34:43,373 - DEBUG - [omni realtime] append audio: 4268
2025-11-08 05:34:43,399 - DEBUG - [omni realtime] append audio: 4268
2025-11-08 05:34:43,400 - DEBUG - [omni realtime] append audio: 4268
2025-11-08 05:34:43,401 - DEBUG - [omni realtime] append audio: 4268
2025-11-08 05:34:43,401 - DEBUG - [omni realtime] append audio: 4268
2025-11-08 05:34:43,402 - DEBUG - 已发送 270/648 块
2025-11-08 05:34:43,402 - DEBUG - [omni realtime] append audio: 4268
2025-11-08 05:34:43,402 - DEBUG - [omni realtime] append audio: 4268
2025-11-08 05:34:43,403 - DEBUG - [omni realtime] append audio: 4268
2025-11-08 05:34:43,404 - DEBUG - [omni realtime] append audio: 4268
2025-11-08 05:34:43,404 - DEBUG - [omni realtime] append audio: 4268
2025-11-08 05:34:43,405 - DEBUG - [omni realtime] append audio: 4268
2025-11-08 05:34:43,405 - DEBUG - [omni realtime] append audio: 4268
2025-11-08 05:34:43,405 - DEBUG - [omni realtime] append audio: 4268
2025-11-08 05:34:43,406 - DEBUG - [omni realtime] append audio: 4268
2025-11-08 05:34:43,406 - DEBUG - [omni realtime] append audio: 4268
2025-11-08 05:34:43,407 - DEBUG - 已发送 280/648 块
2025-11-08 05:34:43,407 - DEBUG - [omni realtime] append audio: 4268
2025-11-08 05:34:43,407 - DEBUG - [omni realtime] append audio: 4268
2025-11-08 05:34:43,408 - DEBUG - [omni realtime] append audio: 4268
2025-11-08 05:34:43,408 - DEBUG - [omni realtime] append audio: 4268
2025-11-08 05:34:43,408 - DEBUG - [omni realtime] append audio: 4268
2025-11-08 05:34:43,409 - DEBUG - [omni realtime] append audio: 4268
2025-11-08 05:34:43,409 - DEBUG - [omni realtime] append audio: 4268
2025-11-08 05:34:43,409 - DEBUG - [omni realtime] append audio: 4268
2025-11-08 05:34:43,410 - DEBUG - [omni realtime] append audio: 4268
2025-11-08 05:34:43,410 - DEBUG - [omni realtime] append audio: 4268
2025-11-08 05:34:43,410 - DEBUG - 已发送 290/648 块
2025-11-08 05:34:43,411 - DEBUG - [omni realtime] append audio: 4268
2025-11-08 05:34:43,411 - DEBUG - [omni realtime] append audio: 4268
2025-11-08 05:34:43,411 - DEBUG - [omni realtime] append audio: 4268
2025-11-08 05:34:43,412 - DEBUG - [omni realtime] append audio: 4268
2025-11-08 05:34:43,412 - DEBUG - [omni realtime] append audio: 4268
2025-11-08 05:34:43,412 - DEBUG - [omni realtime] append audio: 4268
2025-11-08 05:34:43,413 - DEBUG - [omni realtime] append audio: 4268
2025-11-08 05:34:43,413 - DEBUG - [omni realtime] append audio: 4268
2025-11-08 05:34:43,413 - DEBUG - [omni realtime] append audio: 4268
2025-11-08 05:34:43,413 - DEBUG - [omni realtime] append audio: 4268
2025-11-08 05:34:43,414 - DEBUG - 已发送 300/648 块
2025-11-08 05:34:43,414 - DEBUG - [omni realtime] append audio: 4268
2025-11-08 05:34:43,414 - DEBUG - [omni realtime] append audio: 4268
2025-11-08 05:34:43,415 - DEBUG - [omni realtime] append audio: 4268
2025-11-08 05:34:43,415 - DEBUG - [omni realtime] append audio: 4268
2025-11-08 05:34:43,415 - DEBUG - [omni realtime] append audio: 4268
2025-11-08 05:34:43,416 - DEBUG - [omni realtime] append audio: 4268
2025-11-08 05:34:43,416 - DEBUG - [omni realtime] append audio: 4268
2025-11-08 05:34:43,417 - DEBUG - [omni realtime] append audio: 4268
2025-11-08 05:34:43,417 - DEBUG - [omni realtime] append audio: 4268
2025-11-08 05:34:43,417 - DEBUG - [omni realtime] append audio: 4268
2025-11-08 05:34:43,418 - DEBUG - 已发送 310/648 块
2025-11-08 05:34:43,418 - DEBUG - [omni realtime] append audio: 4268
2025-11-08 05:34:43,418 - DEBUG - [omni realtime] append audio: 4268
2025-11-08 05:34:43,419 - DEBUG - [omni realtime] append audio: 4268
2025-11-08 05:34:43,419 - DEBUG - [omni realtime] append audio: 4268
2025-11-08 05:34:43,420 - DEBUG - [omni realtime] append audio: 4268
2025-11-08 05:34:43,420 - DEBUG - [omni realtime] append audio: 4268
2025-11-08 05:34:43,421 - DEBUG - [omni realtime] append audio: 4268
2025-11-08 05:34:43,421 - DEBUG - [omni realtime] append audio: 4268
2025-11-08 05:34:43,421 - DEBUG - [omni realtime] append audio: 4268
2025-11-08 05:34:43,422 - DEBUG - [omni realtime] append audio: 4268
2025-11-08 05:34:43,422 - DEBUG - 已发送 320/648 块
2025-11-08 05:34:43,423 - DEBUG - [omni realtime] append audio: 4268
2025-11-08 05:34:43,423 - DEBUG - [omni realtime] append audio: 4268
2025-11-08 05:34:43,423 - DEBUG - [omni realtime] append audio: 4268
2025-11-08 05:34:43,424 - DEBUG - [omni realtime] append audio: 4268
2025-11-08 05:34:43,424 - DEBUG - [omni realtime] append audio: 4268
2025-11-08 05:34:43,424 - DEBUG - [omni realtime] append audio: 4268
2025-11-08 05:34:43,425 - DEBUG - [omni realtime] append audio: 4268
2025-11-08 05:34:43,425 - DEBUG - [omni realtime] append audio: 4268
2025-11-08 05:34:43,425 - DEBUG - [omni realtime] append audio: 4268
2025-11-08 05:34:43,426 - DEBUG - [omni realtime] append audio: 4268
2025-11-08 05:34:43,426 - DEBUG - 已发送 330/648 块
2025-11-08 05:34:43,426 - DEBUG - [omni realtime] append audio: 4268
2025-11-08 05:34:43,427 - DEBUG - [omni realtime] append audio: 4268
2025-11-08 05:34:43,427 - DEBUG - [omni realtime] append audio: 4268
2025-11-08 05:34:43,427 - DEBUG - [omni realtime] append audio: 4268
2025-11-08 05:34:43,428 - DEBUG - [omni realtime] append audio: 4268
2025-11-08 05:34:43,428 - DEBUG - [omni realtime] append audio: 4268
2025-11-08 05:34:43,428 - DEBUG - [omni realtime] append audio: 4268
2025-11-08 05:34:43,429 - DEBUG - [omni realtime] append audio: 4268
2025-11-08 05:34:43,429 - DEBUG - [omni realtime] append audio: 4268
2025-11-08 05:34:43,429 - DEBUG - [omni realtime] append audio: 4268
2025-11-08 05:34:43,430 - DEBUG - 已发送 340/648 块
2025-11-08 05:34:43,430 - DEBUG - [omni realtime] append audio: 4268
2025-11-08 05:34:43,430 - DEBUG - [omni realtime] append audio: 4268
2025-11-08 05:34:43,431 - DEBUG - [omni realtime] append audio: 4268
2025-11-08 05:34:43,431 - DEBUG - [omni realtime] append audio: 4268
2025-11-08 05:34:43,431 - DEBUG - [omni realtime] append audio: 4268
2025-11-08 05:34:43,432 - DEBUG - [omni realtime] append audio: 4268
2025-11-08 05:34:43,432 - DEBUG - [omni realtime] append audio: 4268
2025-11-08 05:34:43,433 - DEBUG - [omni realtime] append audio: 4268
2025-11-08 05:34:43,433 - DEBUG - [omni realtime] append audio: 4268
2025-11-08 05:34:43,434 - DEBUG - [omni realtime] append audio: 4268
2025-11-08 05:34:43,434 - DEBUG - 已发送 350/648 块
2025-11-08 05:34:43,434 - DEBUG - [omni realtime] append audio: 4268
2025-11-08 05:34:43,435 - DEBUG - [omni realtime] append audio: 4268
2025-11-08 05:34:43,435 - DEBUG - [omni realtime] append audio: 4268
2025-11-08 05:34:43,436 - DEBUG - [omni realtime] append audio: 4268
2025-11-08 05:34:43,436 - DEBUG - [omni realtime] append audio: 4268
2025-11-08 05:34:43,437 - DEBUG - [omni realtime] append audio: 4268
2025-11-08 05:34:43,437 - DEBUG - [omni realtime] append audio: 4268
2025-11-08 05:34:43,437 - DEBUG - [omni realtime] append audio: 4268
2025-11-08 05:34:43,438 - DEBUG - [omni realtime] append audio: 4268
2025-11-08 05:34:43,438 - DEBUG - [omni realtime] append audio: 4268
2025-11-08 05:34:43,438 - DEBUG - 已发送 360/648 块
2025-11-08 05:34:43,439 - DEBUG - [omni realtime] append audio: 4268
2025-11-08 05:34:43,439 - DEBUG - [omni realtime] append audio: 4268
2025-11-08 05:34:43,439 - DEBUG - [omni realtime] append audio: 4268
2025-11-08 05:34:43,439 - DEBUG - [omni realtime] append audio: 4268
2025-11-08 05:34:43,440 - DEBUG - [omni realtime] append audio: 4268
2025-11-08 05:34:43,440 - DEBUG - [omni realtime] append audio: 4268
2025-11-08 05:34:43,440 - DEBUG - [omni realtime] append audio: 4268
2025-11-08 05:34:43,441 - DEBUG - [omni realtime] append audio: 4268
2025-11-08 05:34:43,441 - DEBUG - [omni realtime] append audio: 4268
2025-11-08 05:34:43,441 - DEBUG - [omni realtime] append audio: 4268
2025-11-08 05:34:43,442 - DEBUG - 已发送 370/648 块
2025-11-08 05:34:43,442 - DEBUG - [omni realtime] append audio: 4268
2025-11-08 05:34:43,442 - DEBUG - [omni realtime] append audio: 4268
2025-11-08 05:34:43,442 - DEBUG - [omni realtime] append audio: 4268
2025-11-08 05:34:43,443 - DEBUG - [omni realtime] append audio: 4268
2025-11-08 05:34:43,443 - DEBUG - [omni realtime] append audio: 4268
2025-11-08 05:34:43,443 - DEBUG - [omni realtime] append audio: 4268
2025-11-08 05:34:43,444 - DEBUG - [omni realtime] append audio: 4268
2025-11-08 05:34:43,444 - DEBUG - [omni realtime] append audio: 4268
2025-11-08 05:34:43,444 - DEBUG - [omni realtime] append audio: 4268
2025-11-08 05:34:43,444 - DEBUG - [omni realtime] append audio: 4268
2025-11-08 05:34:43,445 - DEBUG - 已发送 380/648 块
2025-11-08 05:34:43,445 - DEBUG - [omni realtime] append audio: 4268
2025-11-08 05:34:43,445 - DEBUG - [omni realtime] append audio: 4268
2025-11-08 05:34:43,446 - DEBUG - [omni realtime] append audio: 4268
2025-11-08 05:34:43,446 - DEBUG - [omni realtime] append audio: 4268
2025-11-08 05:34:43,447 - DEBUG - [omni realtime] append audio: 4268
2025-11-08 05:34:43,447 - DEBUG - [omni realtime] append audio: 4268
2025-11-08 05:34:43,447 - DEBUG - [omni realtime] append audio: 4268
2025-11-08 05:34:43,448 - DEBUG - [omni realtime] append audio: 4268
2025-11-08 05:34:43,448 - DEBUG - [omni realtime] append audio: 4268
2025-11-08 05:34:43,448 - DEBUG - [omni realtime] append audio: 4268
2025-11-08 05:34:43,448 - DEBUG - 已发送 390/648 块
2025-11-08 05:34:43,448 - DEBUG - [omni realtime] append audio: 4268
2025-11-08 05:34:43,449 - DEBUG - [omni realtime] append audio: 4268
2025-11-08 05:34:43,449 - DEBUG - [omni realtime] append audio: 4268
2025-11-08 05:34:43,449 - DEBUG - [omni realtime] append audio: 4268
2025-11-08 05:34:43,449 - DEBUG - [omni realtime] append audio: 4268
2025-11-08 05:34:43,450 - DEBUG - [omni realtime] append audio: 4268
2025-11-08 05:34:43,450 - DEBUG - [omni realtime] append audio: 4268
2025-11-08 05:34:43,450 - DEBUG - [omni realtime] append audio: 4268
2025-11-08 05:34:43,451 - DEBUG - [omni realtime] append audio: 4268
2025-11-08 05:34:43,451 - DEBUG - [omni realtime] append audio: 4268
2025-11-08 05:34:43,452 - DEBUG - 已发送 400/648 块
2025-11-08 05:34:43,452 - DEBUG - [omni realtime] append audio: 4268
2025-11-08 05:34:43,452 - DEBUG - [omni realtime] append audio: 4268
2025-11-08 05:34:43,453 - DEBUG - [omni realtime] append audio: 4268
2025-11-08 05:34:43,453 - DEBUG - [omni realtime] append audio: 4268
2025-11-08 05:34:43,454 - DEBUG - [omni realtime] append audio: 4268
2025-11-08 05:34:43,454 - DEBUG - [omni realtime] append audio: 4268
2025-11-08 05:34:43,455 - DEBUG - [omni realtime] append audio: 4268
2025-11-08 05:34:43,455 - DEBUG - [omni realtime] append audio: 4268
2025-11-08 05:34:43,456 - DEBUG - [omni realtime] append audio: 4268
2025-11-08 05:34:43,456 - DEBUG - [omni realtime] append audio: 4268
2025-11-08 05:34:43,456 - DEBUG - 已发送 410/648 块
2025-11-08 05:34:43,457 - DEBUG - [omni realtime] append audio: 4268
2025-11-08 05:34:43,457 - DEBUG - [omni realtime] append audio: 4268
2025-11-08 05:34:43,457 - DEBUG - [omni realtime] append audio: 4268
2025-11-08 05:34:43,458 - DEBUG - [omni realtime] append audio: 4268
2025-11-08 05:34:43,458 - DEBUG - [omni realtime] append audio: 4268
2025-11-08 05:34:43,458 - DEBUG - [omni realtime] append audio: 4268
2025-11-08 05:34:43,459 - DEBUG - [omni realtime] append audio: 4268
2025-11-08 05:34:43,459 - DEBUG - [omni realtime] append audio: 4268
2025-11-08 05:34:43,459 - DEBUG - [omni realtime] append audio: 4268
2025-11-08 05:34:43,460 - DEBUG - [omni realtime] append audio: 4268
2025-11-08 05:34:43,460 - DEBUG - 已发送 420/648 块
2025-11-08 05:34:43,460 - DEBUG - [omni realtime] append audio: 4268
2025-11-08 05:34:43,461 - DEBUG - [omni realtime] append audio: 4268
2025-11-08 05:34:43,461 - DEBUG - [omni realtime] append audio: 4268
2025-11-08 05:34:43,461 - DEBUG - [omni realtime] append audio: 4268
2025-11-08 05:34:43,462 - DEBUG - [omni realtime] append audio: 4268
2025-11-08 05:34:43,462 - DEBUG - [omni realtime] append audio: 4268
2025-11-08 05:34:43,463 - DEBUG - [omni realtime] append audio: 4268
2025-11-08 05:34:43,463 - DEBUG - [omni realtime] append audio: 4268
2025-11-08 05:34:43,463 - DEBUG - [omni realtime] append audio: 4268
2025-11-08 05:34:43,464 - DEBUG - [omni realtime] append audio: 4268
2025-11-08 05:34:43,464 - DEBUG - 已发送 430/648 块
2025-11-08 05:34:43,464 - DEBUG - [omni realtime] append audio: 4268
2025-11-08 05:34:43,464 - DEBUG - [omni realtime] append audio: 4268
2025-11-08 05:34:43,465 - DEBUG - [omni realtime] append audio: 4268
2025-11-08 05:34:43,465 - DEBUG - [omni realtime] append audio: 4268
2025-11-08 05:34:43,466 - DEBUG - [omni realtime] append audio: 4268
2025-11-08 05:34:43,466 - DEBUG - [omni realtime] append audio: 4268
2025-11-08 05:34:43,466 - DEBUG - [omni realtime] append audio: 4268
2025-11-08 05:34:43,467 - DEBUG - [omni realtime] append audio: 4268
2025-11-08 05:34:43,467 - DEBUG - [omni realtime] append audio: 4268
2025-11-08 05:34:43,467 - DEBUG - [omni realtime] append audio: 4268
2025-11-08 05:34:43,467 - DEBUG - 已发送 440/648 块
2025-11-08 05:34:43,468 - DEBUG - [omni realtime] append audio: 4268
2025-11-08 05:34:43,468 - DEBUG - [omni realtime] append audio: 4268
2025-11-08 05:34:43,468 - DEBUG - [omni realtime] append audio: 4268
2025-11-08 05:34:43,468 - DEBUG - [omni realtime] append audio: 4268
2025-11-08 05:34:43,469 - DEBUG - [omni realtime] append audio: 4268
2025-11-08 05:34:43,469 - DEBUG - [omni realtime] append audio: 4268
2025-11-08 05:34:43,470 - DEBUG - [omni realtime] append audio: 4268
2025-11-08 05:34:43,470 - DEBUG - [omni realtime] append audio: 4268
2025-11-08 05:34:43,471 - DEBUG - [omni realtime] append audio: 4268
2025-11-08 05:34:43,471 - DEBUG - [omni realtime] append audio: 4268
2025-11-08 05:34:43,471 - DEBUG - 已发送 450/648 块
2025-11-08 05:34:43,472 - DEBUG - [omni realtime] append audio: 4268
2025-11-08 05:34:43,472 - DEBUG - [omni realtime] append audio: 4268
2025-11-08 05:34:43,473 - DEBUG - [omni realtime] append audio: 4268
2025-11-08 05:34:43,473 - DEBUG - [omni realtime] append audio: 4268
2025-11-08 05:34:43,473 - DEBUG - [omni realtime] append audio: 4268
2025-11-08 05:34:43,474 - DEBUG - [omni realtime] append audio: 4268
2025-11-08 05:34:43,474 - DEBUG - [omni realtime] append audio: 4268
2025-11-08 05:34:43,474 - DEBUG - [omni realtime] append audio: 4268
2025-11-08 05:34:43,475 - DEBUG - [omni realtime] append audio: 4268
2025-11-08 05:34:43,475 - DEBUG - [omni realtime] append audio: 4268
2025-11-08 05:34:43,476 - DEBUG - 已发送 460/648 块
2025-11-08 05:34:43,476 - DEBUG - [omni realtime] append audio: 4268
2025-11-08 05:34:43,476 - DEBUG - [omni realtime] append audio: 4268
2025-11-08 05:34:43,476 - DEBUG - [omni realtime] append audio: 4268
2025-11-08 05:34:43,477 - DEBUG - [omni realtime] append audio: 4268
2025-11-08 05:34:43,477 - DEBUG - [omni realtime] append audio: 4268
2025-11-08 05:34:43,478 - DEBUG - [omni realtime] append audio: 4268
2025-11-08 05:34:43,478 - DEBUG - [omni realtime] append audio: 4268
2025-11-08 05:34:43,478 - DEBUG - [omni realtime] append audio: 4268
2025-11-08 05:34:43,479 - DEBUG - [omni realtime] append audio: 4268
2025-11-08 05:34:43,479 - DEBUG - [omni realtime] append audio: 4268
2025-11-08 05:34:43,479 - DEBUG - 已发送 470/648 块
2025-11-08 05:34:43,480 - DEBUG - [omni realtime] append audio: 4268
2025-11-08 05:34:43,480 - DEBUG - [omni realtime] append audio: 4268
2025-11-08 05:34:43,481 - DEBUG - [omni realtime] append audio: 4268
2025-11-08 05:34:43,481 - DEBUG - [omni realtime] append audio: 4268
2025-11-08 05:34:43,481 - DEBUG - [omni realtime] append audio: 4268
2025-11-08 05:34:43,482 - DEBUG - [omni realtime] append audio: 4268
2025-11-08 05:34:43,482 - DEBUG - [omni realtime] append audio: 4268
2025-11-08 05:34:43,483 - DEBUG - [omni realtime] append audio: 4268
2025-11-08 05:34:43,483 - DEBUG - [omni realtime] append audio: 4268
2025-11-08 05:34:43,483 - DEBUG - [omni realtime] append audio: 4268
2025-11-08 05:34:43,484 - DEBUG - 已发送 480/648 块
2025-11-08 05:34:43,484 - DEBUG - [omni realtime] append audio: 4268
2025-11-08 05:34:43,484 - DEBUG - [omni realtime] append audio: 4268
2025-11-08 05:34:43,485 - DEBUG - [omni realtime] append audio: 4268
2025-11-08 05:34:43,485 - DEBUG - [omni realtime] append audio: 4268
2025-11-08 05:34:43,486 - DEBUG - [omni realtime] append audio: 4268
2025-11-08 05:34:43,486 - DEBUG - [omni realtime] append audio: 4268
2025-11-08 05:34:43,487 - DEBUG - [omni realtime] append audio: 4268
2025-11-08 05:34:43,487 - DEBUG - [omni realtime] append audio: 4268
2025-11-08 05:34:43,488 - DEBUG - [omni realtime] append audio: 4268
2025-11-08 05:34:43,488 - DEBUG - [omni realtime] append audio: 4268
2025-11-08 05:34:43,489 - DEBUG - 已发送 490/648 块
2025-11-08 05:34:43,489 - DEBUG - [omni realtime] append audio: 4268
2025-11-08 05:34:43,489 - DEBUG - [omni realtime] append audio: 4268
2025-11-08 05:34:43,490 - DEBUG - [omni realtime] append audio: 4268
2025-11-08 05:34:43,490 - DEBUG - [omni realtime] append audio: 4268
2025-11-08 05:34:43,490 - DEBUG - [omni realtime] append audio: 4268
2025-11-08 05:34:43,491 - DEBUG - [omni realtime] append audio: 4268
2025-11-08 05:34:43,491 - DEBUG - [omni realtime] append audio: 4268
2025-11-08 05:34:43,492 - DEBUG - [omni realtime] append audio: 4268
2025-11-08 05:34:43,492 - DEBUG - [omni realtime] append audio: 4268
2025-11-08 05:34:43,492 - DEBUG - [omni realtime] append audio: 4268
2025-11-08 05:34:43,493 - DEBUG - 已发送 500/648 块
2025-11-08 05:34:43,493 - DEBUG - [omni realtime] append audio: 4268
2025-11-08 05:34:43,493 - DEBUG - [omni realtime] append audio: 4268
2025-11-08 05:34:43,494 - DEBUG - [omni realtime] append audio: 4268
2025-11-08 05:34:43,494 - DEBUG - [omni realtime] append audio: 4268
2025-11-08 05:34:43,494 - DEBUG - [omni realtime] append audio: 4268
2025-11-08 05:34:43,494 - DEBUG - [omni realtime] append audio: 4268
2025-11-08 05:34:43,495 - DEBUG - [omni realtime] append audio: 4268
2025-11-08 05:34:43,495 - DEBUG - [omni realtime] append audio: 4268
2025-11-08 05:34:43,495 - DEBUG - [omni realtime] append audio: 4268
2025-11-08 05:34:43,496 - DEBUG - [omni realtime] append audio: 4268
2025-11-08 05:34:43,496 - DEBUG - 已发送 510/648 块
2025-11-08 05:34:43,496 - DEBUG - [omni realtime] append audio: 4268
2025-11-08 05:34:43,496 - DEBUG - [omni realtime] append audio: 4268
2025-11-08 05:34:43,497 - DEBUG - [omni realtime] append audio: 4268
2025-11-08 05:34:43,497 - DEBUG - [omni realtime] append audio: 4268
2025-11-08 05:34:43,498 - DEBUG - [omni realtime] append audio: 4268
2025-11-08 05:34:43,498 - DEBUG - [omni realtime] append audio: 4268
2025-11-08 05:34:43,498 - DEBUG - [omni realtime] append audio: 4268
2025-11-08 05:34:43,499 - DEBUG - [omni realtime] append audio: 4268
2025-11-08 05:34:43,499 - DEBUG - [omni realtime] append audio: 4268
2025-11-08 05:34:43,499 - DEBUG - [omni realtime] append audio: 4268
2025-11-08 05:34:43,499 - DEBUG - 已发送 520/648 块
2025-11-08 05:34:43,500 - DEBUG - [omni realtime] append audio: 4268
2025-11-08 05:34:43,501 - DEBUG - [omni realtime] append audio: 4268
2025-11-08 05:34:43,501 - DEBUG - [omni realtime] append audio: 4268
2025-11-08 05:34:43,501 - DEBUG - [omni realtime] append audio: 4268
2025-11-08 05:34:43,502 - DEBUG - [omni realtime] append audio: 4268
2025-11-08 05:34:43,503 - DEBUG - [omni realtime] append audio: 4268
2025-11-08 05:34:43,503 - DEBUG - [omni realtime] append audio: 4268
2025-11-08 05:34:43,504 - DEBUG - [omni realtime] append audio: 4268
2025-11-08 05:34:43,504 - DEBUG - [omni realtime] append audio: 4268
2025-11-08 05:34:43,504 - DEBUG - [omni realtime] append audio: 4268
2025-11-08 05:34:43,505 - DEBUG - 已发送 530/648 块
2025-11-08 05:34:43,505 - DEBUG - [omni realtime] append audio: 4268
2025-11-08 05:34:43,506 - DEBUG - [omni realtime] append audio: 4268
2025-11-08 05:34:43,506 - DEBUG - [omni realtime] append audio: 4268
2025-11-08 05:34:43,506 - DEBUG - [omni realtime] append audio: 4268
2025-11-08 05:34:43,507 - DEBUG - [omni realtime] append audio: 4268
2025-11-08 05:34:43,507 - DEBUG - [omni realtime] append audio: 4268
2025-11-08 05:34:43,508 - DEBUG - [omni realtime] append audio: 4268
2025-11-08 05:34:43,508 - DEBUG - [omni realtime] append audio: 4268
2025-11-08 05:34:43,508 - DEBUG - [omni realtime] append audio: 4268
2025-11-08 05:34:43,509 - DEBUG - [omni realtime] append audio: 4268
2025-11-08 05:34:43,509 - DEBUG - 已发送 540/648 块
2025-11-08 05:34:43,509 - DEBUG - [omni realtime] append audio: 4268
2025-11-08 05:34:43,510 - DEBUG - [omni realtime] append audio: 4268
2025-11-08 05:34:43,510 - DEBUG - [omni realtime] append audio: 4268
2025-11-08 05:34:43,511 - DEBUG - [omni realtime] append audio: 4268
2025-11-08 05:34:43,511 - DEBUG - [omni realtime] append audio: 4268
2025-11-08 05:34:43,512 - DEBUG - [omni realtime] append audio: 4268
2025-11-08 05:34:43,512 - DEBUG - [omni realtime] append audio: 4268
2025-11-08 05:34:43,513 - DEBUG - [omni realtime] append audio: 4268
2025-11-08 05:34:43,513 - DEBUG - [omni realtime] append audio: 4268
2025-11-08 05:34:43,513 - DEBUG - [omni realtime] append audio: 4268
2025-11-08 05:34:43,514 - DEBUG - 已发送 550/648 块
2025-11-08 05:34:43,514 - DEBUG - [omni realtime] append audio: 4268
2025-11-08 05:34:43,515 - DEBUG - [omni realtime] append audio: 4268
2025-11-08 05:34:43,515 - DEBUG - [omni realtime] append audio: 4268
2025-11-08 05:34:43,516 - DEBUG - [omni realtime] append audio: 4268
2025-11-08 05:34:43,516 - DEBUG - [omni realtime] append audio: 4268
2025-11-08 05:34:43,517 - DEBUG - [omni realtime] append audio: 4268
2025-11-08 05:34:43,517 - DEBUG - [omni realtime] append audio: 4268
2025-11-08 05:34:43,518 - DEBUG - [omni realtime] append audio: 4268
2025-11-08 05:34:43,518 - DEBUG - [omni realtime] append audio: 4268
2025-11-08 05:34:43,519 - DEBUG - [omni realtime] append audio: 4268
2025-11-08 05:34:43,519 - DEBUG - 已发送 560/648 块
2025-11-08 05:34:43,520 - DEBUG - [omni realtime] append audio: 4268
2025-11-08 05:34:43,520 - DEBUG - [omni realtime] append audio: 4268
2025-11-08 05:34:43,521 - DEBUG - [omni realtime] append audio: 4268
2025-11-08 05:34:43,521 - DEBUG - [omni realtime] append audio: 4268
2025-11-08 05:34:43,522 - DEBUG - [omni realtime] append audio: 4268
2025-11-08 05:34:43,522 - DEBUG - [omni realtime] append audio: 4268
2025-11-08 05:34:43,523 - DEBUG - [omni realtime] append audio: 4268
2025-11-08 05:34:43,523 - DEBUG - [omni realtime] append audio: 4268
2025-11-08 05:34:43,524 - DEBUG - [omni realtime] append audio: 4268
2025-11-08 05:34:43,524 - DEBUG - [omni realtime] append audio: 4268
2025-11-08 05:34:43,525 - DEBUG - 已发送 570/648 块
2025-11-08 05:34:43,525 - DEBUG - [omni realtime] append audio: 4268
2025-11-08 05:34:43,526 - DEBUG - [omni realtime] append audio: 4268
2025-11-08 05:34:43,526 - DEBUG - [omni realtime] append audio: 4268
2025-11-08 05:34:43,527 - DEBUG - [omni realtime] append audio: 4268
2025-11-08 05:34:43,528 - DEBUG - [omni realtime] append audio: 4268
2025-11-08 05:34:43,528 - DEBUG - [omni realtime] append audio: 4268
2025-11-08 05:34:43,528 - DEBUG - [omni realtime] append audio: 4268
2025-11-08 05:34:43,529 - DEBUG - [omni realtime] append audio: 4268
2025-11-08 05:34:43,529 - DEBUG - [omni realtime] append audio: 4268
2025-11-08 05:34:43,530 - DEBUG - [omni realtime] append audio: 4268
2025-11-08 05:34:43,530 - DEBUG - 已发送 580/648 块
2025-11-08 05:34:43,531 - DEBUG - [omni realtime] append audio: 4268
2025-11-08 05:34:43,531 - DEBUG - [omni realtime] append audio: 4268
2025-11-08 05:34:43,531 - DEBUG - [omni realtime] append audio: 4268
2025-11-08 05:34:43,532 - DEBUG - [omni realtime] append audio: 4268
2025-11-08 05:34:43,532 - DEBUG - [omni realtime] append audio: 4268
2025-11-08 05:34:43,533 - DEBUG - [omni realtime] append audio: 4268
2025-11-08 05:34:43,534 - DEBUG - [omni realtime] append audio: 4268
2025-11-08 05:34:43,534 - DEBUG - [omni realtime] append audio: 4268
2025-11-08 05:34:43,535 - DEBUG - [omni realtime] append audio: 4268
2025-11-08 05:34:43,535 - DEBUG - [omni realtime] append audio: 4268
2025-11-08 05:34:43,536 - DEBUG - 已发送 590/648 块
2025-11-08 05:34:43,536 - DEBUG - [omni realtime] append audio: 4268
2025-11-08 05:34:43,537 - DEBUG - [omni realtime] append audio: 4268
2025-11-08 05:34:43,538 - DEBUG - [omni realtime] append audio: 4268
2025-11-08 05:34:43,539 - DEBUG - [omni realtime] append audio: 4268
2025-11-08 05:34:43,539 - DEBUG - [omni realtime] append audio: 4268
2025-11-08 05:34:43,540 - DEBUG - [omni realtime] append audio: 4268
2025-11-08 05:34:43,540 - DEBUG - [omni realtime] append audio: 4268
2025-11-08 05:34:43,541 - DEBUG - [omni realtime] append audio: 4268
2025-11-08 05:34:43,541 - DEBUG - [omni realtime] append audio: 4268
2025-11-08 05:34:43,541 - DEBUG - [omni realtime] append audio: 4268
2025-11-08 05:34:43,542 - DEBUG - 已发送 600/648 块
2025-11-08 05:34:43,542 - DEBUG - [omni realtime] append audio: 4268
2025-11-08 05:34:43,543 - DEBUG - [omni realtime] append audio: 4268
2025-11-08 05:34:43,543 - DEBUG - [omni realtime] append audio: 4268
2025-11-08 05:34:43,544 - DEBUG - [omni realtime] append audio: 4268
2025-11-08 05:34:43,544 - DEBUG - [omni realtime] append audio: 4268
2025-11-08 05:34:43,545 - DEBUG - [omni realtime] append audio: 4268
2025-11-08 05:34:43,545 - DEBUG - [omni realtime] append audio: 4268
2025-11-08 05:34:43,545 - DEBUG - [omni realtime] append audio: 4268
2025-11-08 05:34:43,546 - DEBUG - [omni realtime] append audio: 4268
2025-11-08 05:34:43,546 - DEBUG - [omni realtime] append audio: 4268
2025-11-08 05:34:43,547 - DEBUG - 已发送 610/648 块
2025-11-08 05:34:43,547 - DEBUG - [omni realtime] append audio: 4268
2025-11-08 05:34:43,547 - DEBUG - [omni realtime] append audio: 4268
2025-11-08 05:34:43,548 - DEBUG - [omni realtime] append audio: 4268
2025-11-08 05:34:43,548 - DEBUG - [omni realtime] append audio: 4268
2025-11-08 05:34:43,549 - DEBUG - [omni realtime] append audio: 4268
2025-11-08 05:34:43,549 - DEBUG - [omni realtime] append audio: 4268
2025-11-08 05:34:43,550 - DEBUG - [omni realtime] append audio: 4268
2025-11-08 05:34:43,550 - DEBUG - [omni realtime] append audio: 4268
2025-11-08 05:34:43,551 - DEBUG - [omni realtime] append audio: 4268
2025-11-08 05:34:43,551 - DEBUG - [omni realtime] append audio: 4268
2025-11-08 05:34:43,551 - DEBUG - 已发送 620/648 块
2025-11-08 05:34:43,552 - DEBUG - [omni realtime] append audio: 4268
2025-11-08 05:34:43,552 - DEBUG - [omni realtime] append audio: 4268
2025-11-08 05:34:43,553 - DEBUG - [omni realtime] append audio: 4268
2025-11-08 05:34:43,553 - DEBUG - [omni realtime] append audio: 4268
2025-11-08 05:34:43,554 - DEBUG - [omni realtime] append audio: 4268
2025-11-08 05:34:43,554 - DEBUG - [omni realtime] append audio: 4268
2025-11-08 05:34:43,555 - DEBUG - [omni realtime] append audio: 4268
2025-11-08 05:34:43,555 - DEBUG - [omni realtime] append audio: 4268
2025-11-08 05:34:43,556 - DEBUG - [omni realtime] append audio: 4268
2025-11-08 05:34:43,556 - DEBUG - [omni realtime] append audio: 4268
2025-11-08 05:34:43,557 - DEBUG - 已发送 630/648 块
2025-11-08 05:34:43,557 - DEBUG - [omni realtime] append audio: 4268
2025-11-08 05:34:43,557 - DEBUG - [omni realtime] append audio: 4268
2025-11-08 05:34:43,558 - DEBUG - [omni realtime] append audio: 4268
2025-11-08 05:34:43,558 - DEBUG - [omni realtime] append audio: 4268
2025-11-08 05:34:43,559 - DEBUG - [omni realtime] append audio: 4268
2025-11-08 05:34:43,559 - DEBUG - [omni realtime] append audio: 4268
2025-11-08 05:34:43,560 - DEBUG - [omni realtime] append audio: 4268
2025-11-08 05:34:43,560 - DEBUG - [omni realtime] append audio: 4268
2025-11-08 05:34:43,561 - DEBUG - [omni realtime] append audio: 4268
2025-11-08 05:34:43,561 - DEBUG - [omni realtime] append audio: 4268
2025-11-08 05:34:43,562 - DEBUG - 已发送 640/648 块
2025-11-08 05:34:43,562 - DEBUG - [omni realtime] append audio: 4268
2025-11-08 05:34:43,562 - DEBUG - [omni realtime] append audio: 4268
2025-11-08 05:34:43,563 - DEBUG - [omni realtime] append audio: 4268
2025-11-08 05:34:43,563 - DEBUG - [omni realtime] append audio: 4268
2025-11-08 05:34:43,564 - DEBUG - [omni realtime] append audio: 4268
2025-11-08 05:34:43,564 - DEBUG - [omni realtime] append audio: 4268
2025-11-08 05:34:43,565 - DEBUG - [omni realtime] append audio: 4268
2025-11-08 05:34:43,565 - DEBUG - [omni realtime] append audio: 2520
2025-11-08 05:34:43,566 - INFO - 所有音频数据已发送 (648 块)
2025-11-08 05:34:43,566 - INFO - 
关闭 VAD (防止多段语音干扰)
2025-11-08 05:34:43,566 - INFO - 
步骤 5: 提交音频并请求分析
2025-11-08 05:34:43,566 - INFO - ================================================================================
2025-11-08 05:34:43,566 - INFO - 提示词: 你是一个专业的儿童语音识别与语义理解助手,将语音转录为文本

2025-11-08 05:34:43,567 - DEBUG - [omni realtime] send string: {"event_id": "event_89377b45b4784ef88e74cdf8a92646f6", "type": "input_audio_buffer.commit"}
2025-11-08 05:34:43,567 - DEBUG - [omni realtime] send string: {"event_id": "event_7cbdddc6fcce491dbc29968c1014fbe8", "type": "response.create", "response": {"instructions": "\u4f60\u662f\u4e00\u4e2a\u4e13\u4e1a\u7684\u513f\u7ae5\u8bed\u97f3\u8bc6\u522b\u4e0e\u8bed\u4e49\u7406\u89e3\u52a9\u624b,\u5c06\u8bed\u97f3\u8f6c\u5f55\u4e3a\u6587\u672c\n", "modalities": ["text"]}}
2025-11-08 05:34:43,567 - INFO - 
步骤 6: 等待 AI 响应
2025-11-08 05:34:43,567 - INFO - ================================================================================
2025-11-08 05:34:43,567 - INFO - 开始等待响应事件...

2025-11-08 05:34:44,814 - DEBUG - [omni realtime] receive string {"event_id":"event_YyIujZfuWnb68iinhe3uz","type":"input_audio_buffer.committed","item_id":"item_S8InMWlixxKHzo7W4MuRs"}
2025-11-08 05:34:44,814 - INFO - --------------------------------------------------------------------------------
2025-11-08 05:34:44,815 - INFO - 事件类型: input_audio_buffer.committed
2025-11-08 05:34:44,815 - INFO - 完整事件数据:
2025-11-08 05:34:44,816 - INFO -     event_id: event_YyIujZfuWnb68iinhe3uz
2025-11-08 05:34:44,816 - INFO -     type: input_audio_buffer.committed
2025-11-08 05:34:44,817 - INFO -     item_id: item_S8InMWlixxKHzo7W4MuRs
2025-11-08 05:34:44,817 - INFO - --------------------------------------------------------------------------------
2025-11-08 05:34:44,818 - DEBUG - [omni realtime] receive string {"event_id":"event_Fbdht3VUTRbT8dYzgSPUi","type":"conversation.item.created","item":{"id":"item_S8InMWlixxKHzo7W4MuRs","object":"realtime.item","type":"message","status":"in_progress","role":"assistant","content":[{"type":"input_audio"}]}}
2025-11-08 05:34:44,818 - INFO - --------------------------------------------------------------------------------
2025-11-08 05:34:44,818 - INFO - 事件类型: conversation.item.created
2025-11-08 05:34:44,819 - INFO - 完整事件数据:
2025-11-08 05:34:44,819 - INFO -     event_id: event_Fbdht3VUTRbT8dYzgSPUi
2025-11-08 05:34:44,819 - INFO -     type: conversation.item.created
2025-11-08 05:34:44,820 - INFO -     item:
2025-11-08 05:34:44,820 - INFO -       id: item_S8InMWlixxKHzo7W4MuRs
2025-11-08 05:34:44,820 - INFO -       object: realtime.item
2025-11-08 05:34:44,820 - INFO -       type: message
2025-11-08 05:34:44,821 - INFO -       status: in_progress
2025-11-08 05:34:44,821 - INFO -       role: assistant
2025-11-08 05:34:44,822 - INFO -       content:
2025-11-08 05:34:44,822 - INFO -         [0]:
2025-11-08 05:34:44,822 - INFO -           type: input_audio
2025-11-08 05:34:44,823 - INFO - --------------------------------------------------------------------------------
2025-11-08 05:34:44,823 - DEBUG - [omni realtime] receive string {"event_id":"event_HE8Lx9SeHnCvIawY3KU2F","type":"conversation.item.input_audio_transcription.completed","item_id":"item_S8InMWlixxKHzo7W4MuRs","content_index":0,"transcript":"你可以自己你可以自己再说一次吗？不相就像刚刚说的那样。那个这个这个这个这个有什么样的能力啊？"}
2025-11-08 05:34:44,824 - INFO - --------------------------------------------------------------------------------
2025-11-08 05:34:44,824 - INFO - 事件类型: conversation.item.input_audio_transcription.completed
2025-11-08 05:34:44,825 - INFO - 完整事件数据:
2025-11-08 05:34:44,825 - INFO -     event_id: event_HE8Lx9SeHnCvIawY3KU2F
2025-11-08 05:34:44,825 - INFO -     type: conversation.item.input_audio_transcription.completed
2025-11-08 05:34:44,826 - INFO -     item_id: item_S8InMWlixxKHzo7W4MuRs
2025-11-08 05:34:44,826 - INFO -     content_index: 0
2025-11-08 05:34:44,826 - INFO -     transcript: 你可以自己你可以自己再说一次吗？不相就像刚刚说的那样。那个这个这个这个这个有什么样的能力啊？
2025-11-08 05:34:44,827 - INFO - --------------------------------------------------------------------------------
2025-11-08 05:34:45,395 - DEBUG - [omni realtime] receive string {"event_id":"event_TOZyWbkMpZKTSv5auwMOq","type":"response.created","response":{"id":"resp_YkDtRKbcwEeo3SaJuzHmk","object":"realtime.response","conversation_id":"conv_BKTqpRkr1xMMCJXDfaXN9","status":"in_progress","modalities":["text"],"voice":"Ethan","output_audio_format":"pcm16","output":[]}}
2025-11-08 05:34:45,396 - INFO - --------------------------------------------------------------------------------
2025-11-08 05:34:45,396 - INFO - 事件类型: response.created
2025-11-08 05:34:45,396 - INFO - 完整事件数据:
2025-11-08 05:34:45,396 - INFO -     event_id: event_TOZyWbkMpZKTSv5auwMOq
2025-11-08 05:34:45,396 - INFO -     type: response.created
2025-11-08 05:34:45,397 - INFO -     response:
2025-11-08 05:34:45,397 - INFO -       id: resp_YkDtRKbcwEeo3SaJuzHmk
2025-11-08 05:34:45,397 - INFO -       object: realtime.response
2025-11-08 05:34:45,397 - INFO -       conversation_id: conv_BKTqpRkr1xMMCJXDfaXN9
2025-11-08 05:34:45,397 - INFO -       status: in_progress
2025-11-08 05:34:45,398 - INFO -       modalities:
2025-11-08 05:34:45,398 - INFO -         [0]:
2025-11-08 05:34:45,398 - INFO -           text
2025-11-08 05:34:45,398 - INFO -       voice: Ethan
2025-11-08 05:34:45,398 - INFO -       output_audio_format: pcm16
2025-11-08 05:34:45,399 - INFO -       output:
2025-11-08 05:34:45,399 - INFO - --------------------------------------------------------------------------------
2025-11-08 05:34:45,399 - DEBUG - [omni realtime] receive string {"event_id":"event_TzFQPTdY4W74QJWQ1k7YZ","type":"response.output_item.added","response_id":"resp_YkDtRKbcwEeo3SaJuzHmk","output_index":0,"item":{"id":"item_EMtR4aW4u4V2qChtmJHlf","object":"realtime.item","type":"message","status":"in_progress","role":"assistant","content":[]}}
2025-11-08 05:34:45,399 - INFO - --------------------------------------------------------------------------------
2025-11-08 05:34:45,399 - INFO - 事件类型: response.output_item.added
2025-11-08 05:34:45,400 - INFO - 完整事件数据:
2025-11-08 05:34:45,400 - INFO -     event_id: event_TzFQPTdY4W74QJWQ1k7YZ
2025-11-08 05:34:45,400 - INFO -     type: response.output_item.added
2025-11-08 05:34:45,401 - INFO -     response_id: resp_YkDtRKbcwEeo3SaJuzHmk
2025-11-08 05:34:45,401 - INFO -     output_index: 0
2025-11-08 05:34:45,401 - INFO -     item:
2025-11-08 05:34:45,401 - INFO -       id: item_EMtR4aW4u4V2qChtmJHlf
2025-11-08 05:34:45,402 - INFO -       object: realtime.item
2025-11-08 05:34:45,402 - INFO -       type: message
2025-11-08 05:34:45,402 - INFO -       status: in_progress
2025-11-08 05:34:45,403 - INFO -       role: assistant
2025-11-08 05:34:45,403 - INFO -       content:
2025-11-08 05:34:45,403 - INFO - --------------------------------------------------------------------------------
2025-11-08 05:34:45,404 - DEBUG - [omni realtime] receive string {"event_id":"event_E1qeg7LNtVaMLqPOoZ3oz","type":"conversation.item.created","previous_item_id":"item_S8InMWlixxKHzo7W4MuRs","item":{"id":"item_EMtR4aW4u4V2qChtmJHlf","object":"realtime.item","type":"message","status":"in_progress","role":"assistant","content":[]}}
2025-11-08 05:34:45,404 - INFO - --------------------------------------------------------------------------------
2025-11-08 05:34:45,404 - INFO - 事件类型: conversation.item.created
2025-11-08 05:34:45,405 - INFO - 完整事件数据:
2025-11-08 05:34:45,405 - INFO -     event_id: event_E1qeg7LNtVaMLqPOoZ3oz
2025-11-08 05:34:45,405 - INFO -     type: conversation.item.created
2025-11-08 05:34:45,405 - INFO -     previous_item_id: item_S8InMWlixxKHzo7W4MuRs
2025-11-08 05:34:45,405 - INFO -     item:
2025-11-08 05:34:45,406 - INFO -       id: item_EMtR4aW4u4V2qChtmJHlf
2025-11-08 05:34:45,406 - INFO -       object: realtime.item
2025-11-08 05:34:45,406 - INFO -       type: message
2025-11-08 05:34:45,406 - INFO -       status: in_progress
2025-11-08 05:34:45,407 - INFO -       role: assistant
2025-11-08 05:34:45,407 - INFO -       content:
2025-11-08 05:34:45,407 - INFO - --------------------------------------------------------------------------------
2025-11-08 05:34:45,407 - DEBUG - [omni realtime] receive string {"event_id":"event_EsXC4T4SEa237Lu82NfjT","type":"response.content_part.added","response_id":"resp_YkDtRKbcwEeo3SaJuzHmk","item_id":"item_EMtR4aW4u4V2qChtmJHlf","output_index":0,"content_index":0,"part":{"type":"text","text":""}}
2025-11-08 05:34:45,407 - INFO - --------------------------------------------------------------------------------
2025-11-08 05:34:45,408 - INFO - 事件类型: response.content_part.added
2025-11-08 05:34:45,408 - INFO - 完整事件数据:
2025-11-08 05:34:45,408 - INFO -     event_id: event_EsXC4T4SEa237Lu82NfjT
2025-11-08 05:34:45,408 - INFO -     type: response.content_part.added
2025-11-08 05:34:45,408 - INFO -     response_id: resp_YkDtRKbcwEeo3SaJuzHmk
2025-11-08 05:34:45,409 - INFO -     item_id: item_EMtR4aW4u4V2qChtmJHlf
2025-11-08 05:34:45,409 - INFO -     output_index: 0
2025-11-08 05:34:45,409 - INFO -     content_index: 0
2025-11-08 05:34:45,409 - INFO -     part:
2025-11-08 05:34:45,409 - INFO -       type: text
2025-11-08 05:34:45,410 - INFO -       text: 
2025-11-08 05:34:45,410 - INFO - --------------------------------------------------------------------------------
2025-11-08 05:34:45,411 - DEBUG - [omni realtime] receive string {"delta":"那个","event_id":"event_I27KACtp4ZCtZVYXnq2Ah","type":"response.text.delta","response_id":"resp_YkDtRKbcwEeo3SaJuzHmk","item_id":"item_EMtR4aW4u4V2qChtmJHlf","output_index":0,"content_index":0}
2025-11-08 05:34:45,411 - INFO - --------------------------------------------------------------------------------
2025-11-08 05:34:45,411 - INFO - 事件类型: response.text.delta
2025-11-08 05:34:45,412 - INFO - 完整事件数据:
2025-11-08 05:34:45,412 - INFO -     delta: 那个
2025-11-08 05:34:45,412 - INFO -     event_id: event_I27KACtp4ZCtZVYXnq2Ah
2025-11-08 05:34:45,412 - INFO -     type: response.text.delta
2025-11-08 05:34:45,412 - INFO -     response_id: resp_YkDtRKbcwEeo3SaJuzHmk
2025-11-08 05:34:45,412 - INFO -     item_id: item_EMtR4aW4u4V2qChtmJHlf
2025-11-08 05:34:45,413 - INFO -     output_index: 0
2025-11-08 05:34:45,413 - INFO -     content_index: 0
2025-11-08 05:34:45,413 - INFO - --------------------------------------------------------------------------------
2025-11-08 05:34:45,413 - DEBUG - [omni realtime] receive string {"delta":"这个","event_id":"event_ZKOU2EoAECNTapR9mbczW","type":"response.text.delta","response_id":"resp_YkDtRKbcwEeo3SaJuzHmk","item_id":"item_EMtR4aW4u4V2qChtmJHlf","output_index":0,"content_index":0}
2025-11-08 05:34:45,413 - INFO - --------------------------------------------------------------------------------
2025-11-08 05:34:45,414 - INFO - 事件类型: response.text.delta
2025-11-08 05:34:45,414 - INFO - 完整事件数据:
2025-11-08 05:34:45,414 - INFO -     delta: 这个
2025-11-08 05:34:45,414 - INFO -     event_id: event_ZKOU2EoAECNTapR9mbczW
2025-11-08 05:34:45,414 - INFO -     type: response.text.delta
2025-11-08 05:34:45,415 - INFO -     response_id: resp_YkDtRKbcwEeo3SaJuzHmk
2025-11-08 05:34:45,415 - INFO -     item_id: item_EMtR4aW4u4V2qChtmJHlf
2025-11-08 05:34:45,415 - INFO -     output_index: 0
2025-11-08 05:34:45,415 - INFO -     content_index: 0
2025-11-08 05:34:45,415 - INFO - --------------------------------------------------------------------------------
2025-11-08 05:34:45,416 - DEBUG - [omni realtime] receive string {"delta":"有什么","event_id":"event_QI54Eni8JAoLfJXShM7mM","type":"response.text.delta","response_id":"resp_YkDtRKbcwEeo3SaJuzHmk","item_id":"item_EMtR4aW4u4V2qChtmJHlf","output_index":0,"content_index":0}
2025-11-08 05:34:45,416 - INFO - --------------------------------------------------------------------------------
2025-11-08 05:34:45,416 - INFO - 事件类型: response.text.delta
2025-11-08 05:34:45,416 - INFO - 完整事件数据:
2025-11-08 05:34:45,416 - INFO -     delta: 有什么
2025-11-08 05:34:45,416 - INFO -     event_id: event_QI54Eni8JAoLfJXShM7mM
2025-11-08 05:34:45,417 - INFO -     type: response.text.delta
2025-11-08 05:34:45,417 - INFO -     response_id: resp_YkDtRKbcwEeo3SaJuzHmk
2025-11-08 05:34:45,417 - INFO -     item_id: item_EMtR4aW4u4V2qChtmJHlf
2025-11-08 05:34:45,417 - INFO -     output_index: 0
2025-11-08 05:34:45,417 - INFO -     content_index: 0
2025-11-08 05:34:45,417 - INFO - --------------------------------------------------------------------------------
2025-11-08 05:34:45,418 - DEBUG - [omni realtime] receive string {"delta":"样的","event_id":"event_XE4qq6bnkrofGUGiDOpx6","type":"response.text.delta","response_id":"resp_YkDtRKbcwEeo3SaJuzHmk","item_id":"item_EMtR4aW4u4V2qChtmJHlf","output_index":0,"content_index":0}
2025-11-08 05:34:45,418 - INFO - --------------------------------------------------------------------------------
2025-11-08 05:34:45,419 - INFO - 事件类型: response.text.delta
2025-11-08 05:34:45,419 - INFO - 完整事件数据:
2025-11-08 05:34:45,419 - INFO -     delta: 样的
2025-11-08 05:34:45,420 - INFO -     event_id: event_XE4qq6bnkrofGUGiDOpx6
2025-11-08 05:34:45,420 - INFO -     type: response.text.delta
2025-11-08 05:34:45,420 - INFO -     response_id: resp_YkDtRKbcwEeo3SaJuzHmk
2025-11-08 05:34:45,420 - INFO -     item_id: item_EMtR4aW4u4V2qChtmJHlf
2025-11-08 05:34:45,421 - INFO -     output_index: 0
2025-11-08 05:34:45,421 - INFO -     content_index: 0
2025-11-08 05:34:45,421 - INFO - --------------------------------------------------------------------------------
2025-11-08 05:34:45,422 - DEBUG - [omni realtime] receive string {"delta":"能力","event_id":"event_RmDTI9Oj39SjOqVc5Drm3","type":"response.text.delta","response_id":"resp_YkDtRKbcwEeo3SaJuzHmk","item_id":"item_EMtR4aW4u4V2qChtmJHlf","output_index":0,"content_index":0}
2025-11-08 05:34:45,422 - INFO - --------------------------------------------------------------------------------
2025-11-08 05:34:45,422 - INFO - 事件类型: response.text.delta
2025-11-08 05:34:45,422 - INFO - 完整事件数据:
2025-11-08 05:34:45,423 - INFO -     delta: 能力
2025-11-08 05:34:45,423 - INFO -     event_id: event_RmDTI9Oj39SjOqVc5Drm3
2025-11-08 05:34:45,423 - INFO -     type: response.text.delta
2025-11-08 05:34:45,423 - INFO -     response_id: resp_YkDtRKbcwEeo3SaJuzHmk
2025-11-08 05:34:45,423 - INFO -     item_id: item_EMtR4aW4u4V2qChtmJHlf
2025-11-08 05:34:45,423 - INFO -     output_index: 0
2025-11-08 05:34:45,424 - INFO -     content_index: 0
2025-11-08 05:34:45,424 - INFO - --------------------------------------------------------------------------------
2025-11-08 05:34:45,424 - DEBUG - [omni realtime] receive string {"delta":"呀","event_id":"event_ShpavcW873GVayMInM16V","type":"response.text.delta","response_id":"resp_YkDtRKbcwEeo3SaJuzHmk","item_id":"item_EMtR4aW4u4V2qChtmJHlf","output_index":0,"content_index":0}
2025-11-08 05:34:45,424 - INFO - --------------------------------------------------------------------------------
2025-11-08 05:34:45,424 - INFO - 事件类型: response.text.delta
2025-11-08 05:34:45,425 - INFO - 完整事件数据:
2025-11-08 05:34:45,425 - INFO -     delta: 呀
2025-11-08 05:34:45,425 - INFO -     event_id: event_ShpavcW873GVayMInM16V
2025-11-08 05:34:45,425 - INFO -     type: response.text.delta
2025-11-08 05:34:45,425 - INFO -     response_id: resp_YkDtRKbcwEeo3SaJuzHmk
2025-11-08 05:34:45,426 - INFO -     item_id: item_EMtR4aW4u4V2qChtmJHlf
2025-11-08 05:34:45,426 - INFO -     output_index: 0
2025-11-08 05:34:45,426 - INFO -     content_index: 0
2025-11-08 05:34:45,426 - INFO - --------------------------------------------------------------------------------
2025-11-08 05:34:45,427 - DEBUG - [omni realtime] receive string {"delta":"？","event_id":"event_K3zAvfiqBiRyvldXZpX5q","type":"response.text.delta","response_id":"resp_YkDtRKbcwEeo3SaJuzHmk","item_id":"item_EMtR4aW4u4V2qChtmJHlf","output_index":0,"content_index":0}
2025-11-08 05:34:45,427 - INFO - --------------------------------------------------------------------------------
2025-11-08 05:34:45,427 - INFO - 事件类型: response.text.delta
2025-11-08 05:34:45,427 - INFO - 完整事件数据:
2025-11-08 05:34:45,427 - INFO -     delta: ？
2025-11-08 05:34:45,427 - INFO -     event_id: event_K3zAvfiqBiRyvldXZpX5q
2025-11-08 05:34:45,427 - INFO -     type: response.text.delta
2025-11-08 05:34:45,428 - INFO -     response_id: resp_YkDtRKbcwEeo3SaJuzHmk
2025-11-08 05:34:45,428 - INFO -     item_id: item_EMtR4aW4u4V2qChtmJHlf
2025-11-08 05:34:45,428 - INFO -     output_index: 0
2025-11-08 05:34:45,428 - INFO -     content_index: 0
2025-11-08 05:34:45,428 - INFO - --------------------------------------------------------------------------------
2025-11-08 05:34:45,437 - DEBUG - [omni realtime] receive string {"delta":"那","event_id":"event_TScrxRteTe31QVzGqHryi","type":"response.text.delta","response_id":"resp_YkDtRKbcwEeo3SaJuzHmk","item_id":"item_EMtR4aW4u4V2qChtmJHlf","output_index":0,"content_index":0}
2025-11-08 05:34:45,437 - INFO - --------------------------------------------------------------------------------
2025-11-08 05:34:45,437 - INFO - 事件类型: response.text.delta
2025-11-08 05:34:45,438 - INFO - 完整事件数据:
2025-11-08 05:34:45,438 - INFO -     delta: 那
2025-11-08 05:34:45,438 - INFO -     event_id: event_TScrxRteTe31QVzGqHryi
2025-11-08 05:34:45,438 - INFO -     type: response.text.delta
2025-11-08 05:34:45,438 - INFO -     response_id: resp_YkDtRKbcwEeo3SaJuzHmk
2025-11-08 05:34:45,438 - INFO -     item_id: item_EMtR4aW4u4V2qChtmJHlf
2025-11-08 05:34:45,438 - INFO -     output_index: 0
2025-11-08 05:34:45,439 - INFO -     content_index: 0
2025-11-08 05:34:45,439 - INFO - --------------------------------------------------------------------------------
2025-11-08 05:34:45,446 - DEBUG - [omni realtime] receive string {"delta":"是不是","event_id":"event_CWyvivtO8rNC3HUTCIDXf","type":"response.text.delta","response_id":"resp_YkDtRKbcwEeo3SaJuzHmk","item_id":"item_EMtR4aW4u4V2qChtmJHlf","output_index":0,"content_index":0}
2025-11-08 05:34:45,446 - INFO - --------------------------------------------------------------------------------
2025-11-08 05:34:45,446 - INFO - 事件类型: response.text.delta
2025-11-08 05:34:45,446 - INFO - 完整事件数据:
2025-11-08 05:34:45,447 - INFO -     delta: 是不是
2025-11-08 05:34:45,447 - INFO -     event_id: event_CWyvivtO8rNC3HUTCIDXf
2025-11-08 05:34:45,447 - INFO -     type: response.text.delta
2025-11-08 05:34:45,447 - INFO -     response_id: resp_YkDtRKbcwEeo3SaJuzHmk
2025-11-08 05:34:45,447 - INFO -     item_id: item_EMtR4aW4u4V2qChtmJHlf
2025-11-08 05:34:45,447 - INFO -     output_index: 0
2025-11-08 05:34:45,447 - INFO -     content_index: 0
2025-11-08 05:34:45,448 - INFO - --------------------------------------------------------------------------------
2025-11-08 05:34:45,457 - DEBUG - [omni realtime] receive string {"delta":"有一个","event_id":"event_Dv3xVVBvNEVMg3WLiinlw","type":"response.text.delta","response_id":"resp_YkDtRKbcwEeo3SaJuzHmk","item_id":"item_EMtR4aW4u4V2qChtmJHlf","output_index":0,"content_index":0}
2025-11-08 05:34:45,457 - INFO - --------------------------------------------------------------------------------
2025-11-08 05:34:45,457 - INFO - 事件类型: response.text.delta
2025-11-08 05:34:45,458 - INFO - 完整事件数据:
2025-11-08 05:34:45,458 - INFO -     delta: 有一个
2025-11-08 05:34:45,458 - INFO -     event_id: event_Dv3xVVBvNEVMg3WLiinlw
2025-11-08 05:34:45,458 - INFO -     type: response.text.delta
2025-11-08 05:34:45,458 - INFO -     response_id: resp_YkDtRKbcwEeo3SaJuzHmk
2025-11-08 05:34:45,458 - INFO -     item_id: item_EMtR4aW4u4V2qChtmJHlf
2025-11-08 05:34:45,459 - INFO -     output_index: 0
2025-11-08 05:34:45,459 - INFO -     content_index: 0
2025-11-08 05:34:45,459 - INFO - --------------------------------------------------------------------------------
2025-11-08 05:34:45,467 - DEBUG - [omni realtime] receive string {"delta":"嘴巴","event_id":"event_DB2doNTfDLwjk7Ytu9Grp","type":"response.text.delta","response_id":"resp_YkDtRKbcwEeo3SaJuzHmk","item_id":"item_EMtR4aW4u4V2qChtmJHlf","output_index":0,"content_index":0}
2025-11-08 05:34:45,467 - INFO - --------------------------------------------------------------------------------
2025-11-08 05:34:45,468 - INFO - 事件类型: response.text.delta
2025-11-08 05:34:45,468 - INFO - 完整事件数据:
2025-11-08 05:34:45,468 - INFO -     delta: 嘴巴
2025-11-08 05:34:45,468 - INFO -     event_id: event_DB2doNTfDLwjk7Ytu9Grp
2025-11-08 05:34:45,468 - INFO -     type: response.text.delta
2025-11-08 05:34:45,469 - INFO -     response_id: resp_YkDtRKbcwEeo3SaJuzHmk
2025-11-08 05:34:45,469 - INFO -     item_id: item_EMtR4aW4u4V2qChtmJHlf
2025-11-08 05:34:45,469 - INFO -     output_index: 0
2025-11-08 05:34:45,470 - INFO -     content_index: 0
2025-11-08 05:34:45,470 - INFO - --------------------------------------------------------------------------------
2025-11-08 05:34:45,475 - DEBUG - [omni realtime] receive string {"delta":"，","event_id":"event_SjgOfF8c8cDrLX3K7lNAu","type":"response.text.delta","response_id":"resp_YkDtRKbcwEeo3SaJuzHmk","item_id":"item_EMtR4aW4u4V2qChtmJHlf","output_index":0,"content_index":0}
2025-11-08 05:34:45,475 - INFO - --------------------------------------------------------------------------------
2025-11-08 05:34:45,476 - INFO - 事件类型: response.text.delta
2025-11-08 05:34:45,476 - INFO - 完整事件数据:
2025-11-08 05:34:45,476 - INFO -     delta: ，
2025-11-08 05:34:45,476 - INFO -     event_id: event_SjgOfF8c8cDrLX3K7lNAu
2025-11-08 05:34:45,476 - INFO -     type: response.text.delta
2025-11-08 05:34:45,476 - INFO -     response_id: resp_YkDtRKbcwEeo3SaJuzHmk
2025-11-08 05:34:45,476 - INFO -     item_id: item_EMtR4aW4u4V2qChtmJHlf
2025-11-08 05:34:45,477 - INFO -     output_index: 0
2025-11-08 05:34:45,477 - INFO -     content_index: 0
2025-11-08 05:34:45,477 - INFO - --------------------------------------------------------------------------------
2025-11-08 05:34:45,487 - DEBUG - [omni realtime] receive string {"delta":"然后","event_id":"event_Z8yJmjNHHeNVonPGlo1uQ","type":"response.text.delta","response_id":"resp_YkDtRKbcwEeo3SaJuzHmk","item_id":"item_EMtR4aW4u4V2qChtmJHlf","output_index":0,"content_index":0}
2025-11-08 05:34:45,487 - INFO - --------------------------------------------------------------------------------
2025-11-08 05:34:45,487 - INFO - 事件类型: response.text.delta
2025-11-08 05:34:45,488 - INFO - 完整事件数据:
2025-11-08 05:34:45,488 - INFO -     delta: 然后
2025-11-08 05:34:45,488 - INFO -     event_id: event_Z8yJmjNHHeNVonPGlo1uQ
2025-11-08 05:34:45,488 - INFO -     type: response.text.delta
2025-11-08 05:34:45,488 - INFO -     response_id: resp_YkDtRKbcwEeo3SaJuzHmk
2025-11-08 05:34:45,489 - INFO -     item_id: item_EMtR4aW4u4V2qChtmJHlf
2025-11-08 05:34:45,489 - INFO -     output_index: 0
2025-11-08 05:34:45,489 - INFO -     content_index: 0
2025-11-08 05:34:45,489 - INFO - --------------------------------------------------------------------------------
2025-11-08 05:34:45,495 - DEBUG - [omni realtime] receive string {"delta":"把","event_id":"event_XlI6gQRVxpnccjpHuLedl","type":"response.text.delta","response_id":"resp_YkDtRKbcwEeo3SaJuzHmk","item_id":"item_EMtR4aW4u4V2qChtmJHlf","output_index":0,"content_index":0}
2025-11-08 05:34:45,495 - INFO - --------------------------------------------------------------------------------
2025-11-08 05:34:45,495 - INFO - 事件类型: response.text.delta
2025-11-08 05:34:45,496 - INFO - 完整事件数据:
2025-11-08 05:34:45,496 - INFO -     delta: 把
2025-11-08 05:34:45,496 - INFO -     event_id: event_XlI6gQRVxpnccjpHuLedl
2025-11-08 05:34:45,496 - INFO -     type: response.text.delta
2025-11-08 05:34:45,496 - INFO -     response_id: resp_YkDtRKbcwEeo3SaJuzHmk
2025-11-08 05:34:45,497 - INFO -     item_id: item_EMtR4aW4u4V2qChtmJHlf
2025-11-08 05:34:45,497 - INFO -     output_index: 0
2025-11-08 05:34:45,497 - INFO -     content_index: 0
2025-11-08 05:34:45,497 - INFO - --------------------------------------------------------------------------------
2025-11-08 05:34:45,503 - DEBUG - [omni realtime] receive string {"delta":"天空","event_id":"event_D7wgXiUOEEDXcMg5U3zUz","type":"response.text.delta","response_id":"resp_YkDtRKbcwEeo3SaJuzHmk","item_id":"item_EMtR4aW4u4V2qChtmJHlf","output_index":0,"content_index":0}
2025-11-08 05:34:45,503 - INFO - --------------------------------------------------------------------------------
2025-11-08 05:34:45,504 - INFO - 事件类型: response.text.delta
2025-11-08 05:34:45,504 - INFO - 完整事件数据:
2025-11-08 05:34:45,504 - INFO -     delta: 天空
2025-11-08 05:34:45,504 - INFO -     event_id: event_D7wgXiUOEEDXcMg5U3zUz
2025-11-08 05:34:45,505 - INFO -     type: response.text.delta
2025-11-08 05:34:45,505 - INFO -     response_id: resp_YkDtRKbcwEeo3SaJuzHmk
2025-11-08 05:34:45,505 - INFO -     item_id: item_EMtR4aW4u4V2qChtmJHlf
2025-11-08 05:34:45,505 - INFO -     output_index: 0
2025-11-08 05:34:45,505 - INFO -     content_index: 0
2025-11-08 05:34:45,506 - INFO - --------------------------------------------------------------------------------
2025-11-08 05:34:45,515 - DEBUG - [omni realtime] receive string {"delta":"中的","event_id":"event_TM2ZXZgTiAICA4tftGUGZ","type":"response.text.delta","response_id":"resp_YkDtRKbcwEeo3SaJuzHmk","item_id":"item_EMtR4aW4u4V2qChtmJHlf","output_index":0,"content_index":0}
2025-11-08 05:34:45,515 - INFO - --------------------------------------------------------------------------------
2025-11-08 05:34:45,515 - INFO - 事件类型: response.text.delta
2025-11-08 05:34:45,515 - INFO - 完整事件数据:
2025-11-08 05:34:45,515 - INFO -     delta: 中的
2025-11-08 05:34:45,516 - INFO -     event_id: event_TM2ZXZgTiAICA4tftGUGZ
2025-11-08 05:34:45,516 - INFO -     type: response.text.delta
2025-11-08 05:34:45,516 - INFO -     response_id: resp_YkDtRKbcwEeo3SaJuzHmk
2025-11-08 05:34:45,516 - INFO -     item_id: item_EMtR4aW4u4V2qChtmJHlf
2025-11-08 05:34:45,516 - INFO -     output_index: 0
2025-11-08 05:34:45,516 - INFO -     content_index: 0
2025-11-08 05:34:45,516 - INFO - --------------------------------------------------------------------------------
2025-11-08 05:34:45,525 - DEBUG - [omni realtime] receive string {"delta":"灰尘","event_id":"event_QxqIdNKEUY7aZwE2CparR","type":"response.text.delta","response_id":"resp_YkDtRKbcwEeo3SaJuzHmk","item_id":"item_EMtR4aW4u4V2qChtmJHlf","output_index":0,"content_index":0}
2025-11-08 05:34:45,525 - INFO - --------------------------------------------------------------------------------
2025-11-08 05:34:45,526 - INFO - 事件类型: response.text.delta
2025-11-08 05:34:45,526 - INFO - 完整事件数据:
2025-11-08 05:34:45,527 - INFO -     delta: 灰尘
2025-11-08 05:34:45,527 - INFO -     event_id: event_QxqIdNKEUY7aZwE2CparR
2025-11-08 05:34:45,527 - INFO -     type: response.text.delta
2025-11-08 05:34:45,527 - INFO -     response_id: resp_YkDtRKbcwEeo3SaJuzHmk
2025-11-08 05:34:45,528 - INFO -     item_id: item_EMtR4aW4u4V2qChtmJHlf
2025-11-08 05:34:45,528 - INFO -     output_index: 0
2025-11-08 05:34:45,528 - INFO -     content_index: 0
2025-11-08 05:34:45,529 - INFO - --------------------------------------------------------------------------------
2025-11-08 05:34:45,535 - DEBUG - [omni realtime] receive string {"delta":"全部","event_id":"event_SIeptAzNBmUmsFlEiZzwC","type":"response.text.delta","response_id":"resp_YkDtRKbcwEeo3SaJuzHmk","item_id":"item_EMtR4aW4u4V2qChtmJHlf","output_index":0,"content_index":0}
2025-11-08 05:34:45,536 - INFO - --------------------------------------------------------------------------------
2025-11-08 05:34:45,537 - INFO - 事件类型: response.text.delta
2025-11-08 05:34:45,537 - INFO - 完整事件数据:
2025-11-08 05:34:45,537 - INFO -     delta: 全部
2025-11-08 05:34:45,538 - INFO -     event_id: event_SIeptAzNBmUmsFlEiZzwC
2025-11-08 05:34:45,538 - INFO -     type: response.text.delta
2025-11-08 05:34:45,538 - INFO -     response_id: resp_YkDtRKbcwEeo3SaJuzHmk
2025-11-08 05:34:45,538 - INFO -     item_id: item_EMtR4aW4u4V2qChtmJHlf
2025-11-08 05:34:45,539 - INFO -     output_index: 0
2025-11-08 05:34:45,539 - INFO -     content_index: 0
2025-11-08 05:34:45,539 - INFO - --------------------------------------------------------------------------------
2025-11-08 05:34:45,543 - DEBUG - [omni realtime] receive string {"delta":"吸","event_id":"event_NZIALzSbv4qD8tEvTh6el","type":"response.text.delta","response_id":"resp_YkDtRKbcwEeo3SaJuzHmk","item_id":"item_EMtR4aW4u4V2qChtmJHlf","output_index":0,"content_index":0}
2025-11-08 05:34:45,544 - INFO - --------------------------------------------------------------------------------
2025-11-08 05:34:45,544 - INFO - 事件类型: response.text.delta
2025-11-08 05:34:45,544 - INFO - 完整事件数据:
2025-11-08 05:34:45,545 - INFO -     delta: 吸
2025-11-08 05:34:45,545 - INFO -     event_id: event_NZIALzSbv4qD8tEvTh6el
2025-11-08 05:34:45,545 - INFO -     type: response.text.delta
2025-11-08 05:34:45,545 - INFO -     response_id: resp_YkDtRKbcwEeo3SaJuzHmk
2025-11-08 05:34:45,545 - INFO -     item_id: item_EMtR4aW4u4V2qChtmJHlf
2025-11-08 05:34:45,546 - INFO -     output_index: 0
2025-11-08 05:34:45,546 - INFO -     content_index: 0
2025-11-08 05:34:45,546 - INFO - --------------------------------------------------------------------------------
2025-11-08 05:34:45,553 - DEBUG - [omni realtime] receive string {"delta":"走","event_id":"event_Yqw4l7GMMEib8zHT4Oz65","type":"response.text.delta","response_id":"resp_YkDtRKbcwEeo3SaJuzHmk","item_id":"item_EMtR4aW4u4V2qChtmJHlf","output_index":0,"content_index":0}
2025-11-08 05:34:45,554 - INFO - --------------------------------------------------------------------------------
2025-11-08 05:34:45,554 - INFO - 事件类型: response.text.delta
2025-11-08 05:34:45,554 - INFO - 完整事件数据:
2025-11-08 05:34:45,555 - INFO -     delta: 走
2025-11-08 05:34:45,555 - INFO -     event_id: event_Yqw4l7GMMEib8zHT4Oz65
2025-11-08 05:34:45,555 - INFO -     type: response.text.delta
2025-11-08 05:34:45,555 - INFO -     response_id: resp_YkDtRKbcwEeo3SaJuzHmk
2025-11-08 05:34:45,555 - INFO -     item_id: item_EMtR4aW4u4V2qChtmJHlf
2025-11-08 05:34:45,556 - INFO -     output_index: 0
2025-11-08 05:34:45,556 - INFO -     content_index: 0
2025-11-08 05:34:45,556 - INFO - --------------------------------------------------------------------------------
2025-11-08 05:34:45,563 - DEBUG - [omni realtime] receive string {"delta":"，","event_id":"event_RVnNpg6qWAioLqOs9pPtj","type":"response.text.delta","response_id":"resp_YkDtRKbcwEeo3SaJuzHmk","item_id":"item_EMtR4aW4u4V2qChtmJHlf","output_index":0,"content_index":0}
2025-11-08 05:34:45,563 - INFO - --------------------------------------------------------------------------------
2025-11-08 05:34:45,563 - INFO - 事件类型: response.text.delta
2025-11-08 05:34:45,563 - INFO - 完整事件数据:
2025-11-08 05:34:45,564 - INFO -     delta: ，
2025-11-08 05:34:45,564 - INFO -     event_id: event_RVnNpg6qWAioLqOs9pPtj
2025-11-08 05:34:45,564 - INFO -     type: response.text.delta
2025-11-08 05:34:45,564 - INFO -     response_id: resp_YkDtRKbcwEeo3SaJuzHmk
2025-11-08 05:34:45,564 - INFO -     item_id: item_EMtR4aW4u4V2qChtmJHlf
2025-11-08 05:34:45,564 - INFO -     output_index: 0
2025-11-08 05:34:45,565 - INFO -     content_index: 0
2025-11-08 05:34:45,565 - INFO - --------------------------------------------------------------------------------
2025-11-08 05:34:45,577 - DEBUG - [omni realtime] receive string {"delta":"吸","event_id":"event_IyXkSRkeNc6qgeZwZf9pz","type":"response.text.delta","response_id":"resp_YkDtRKbcwEeo3SaJuzHmk","item_id":"item_EMtR4aW4u4V2qChtmJHlf","output_index":0,"content_index":0}
2025-11-08 05:34:45,577 - INFO - --------------------------------------------------------------------------------
2025-11-08 05:34:45,577 - INFO - 事件类型: response.text.delta
2025-11-08 05:34:45,578 - INFO - 完整事件数据:
2025-11-08 05:34:45,578 - INFO -     delta: 吸
2025-11-08 05:34:45,578 - INFO -     event_id: event_IyXkSRkeNc6qgeZwZf9pz
2025-11-08 05:34:45,578 - INFO -     type: response.text.delta
2025-11-08 05:34:45,578 - INFO -     response_id: resp_YkDtRKbcwEeo3SaJuzHmk
2025-11-08 05:34:45,579 - INFO -     item_id: item_EMtR4aW4u4V2qChtmJHlf
2025-11-08 05:34:45,579 - INFO -     output_index: 0
2025-11-08 05:34:45,579 - INFO -     content_index: 0
2025-11-08 05:34:45,579 - INFO - --------------------------------------------------------------------------------
2025-11-08 05:34:45,587 - DEBUG - [omni realtime] receive string {"delta":"走到","event_id":"event_VQmEL17NbtASOnYqPq6gW","type":"response.text.delta","response_id":"resp_YkDtRKbcwEeo3SaJuzHmk","item_id":"item_EMtR4aW4u4V2qChtmJHlf","output_index":0,"content_index":0}
2025-11-08 05:34:45,588 - INFO - --------------------------------------------------------------------------------
2025-11-08 05:34:45,588 - INFO - 事件类型: response.text.delta
2025-11-08 05:34:45,588 - INFO - 完整事件数据:
2025-11-08 05:34:45,589 - INFO -     delta: 走到
2025-11-08 05:34:45,589 - INFO -     event_id: event_VQmEL17NbtASOnYqPq6gW
2025-11-08 05:34:45,589 - INFO -     type: response.text.delta
2025-11-08 05:34:45,589 - INFO -     response_id: resp_YkDtRKbcwEeo3SaJuzHmk
2025-11-08 05:34:45,589 - INFO -     item_id: item_EMtR4aW4u4V2qChtmJHlf
2025-11-08 05:34:45,590 - INFO -     output_index: 0
2025-11-08 05:34:45,590 - INFO -     content_index: 0
2025-11-08 05:34:45,590 - INFO - --------------------------------------------------------------------------------
2025-11-08 05:34:45,595 - DEBUG - [omni realtime] receive string {"delta":"哪里","event_id":"event_PpWlYdZ8r9xnrL5SxHgXl","type":"response.text.delta","response_id":"resp_YkDtRKbcwEeo3SaJuzHmk","item_id":"item_EMtR4aW4u4V2qChtmJHlf","output_index":0,"content_index":0}
2025-11-08 05:34:45,595 - INFO - --------------------------------------------------------------------------------
2025-11-08 05:34:45,595 - INFO - 事件类型: response.text.delta
2025-11-08 05:34:45,595 - INFO - 完整事件数据:
2025-11-08 05:34:45,596 - INFO -     delta: 哪里
2025-11-08 05:34:45,596 - INFO -     event_id: event_PpWlYdZ8r9xnrL5SxHgXl
2025-11-08 05:34:45,596 - INFO -     type: response.text.delta
2025-11-08 05:34:45,596 - INFO -     response_id: resp_YkDtRKbcwEeo3SaJuzHmk
2025-11-08 05:34:45,597 - INFO -     item_id: item_EMtR4aW4u4V2qChtmJHlf
2025-11-08 05:34:45,597 - INFO -     output_index: 0
2025-11-08 05:34:45,597 - INFO -     content_index: 0
2025-11-08 05:34:45,597 - INFO - --------------------------------------------------------------------------------
2025-11-08 05:34:45,608 - DEBUG - [omni realtime] receive string {"delta":"呀","event_id":"event_DtcbI4XcOVUk9OaMuXjga","type":"response.text.delta","response_id":"resp_YkDtRKbcwEeo3SaJuzHmk","item_id":"item_EMtR4aW4u4V2qChtmJHlf","output_index":0,"content_index":0}
2025-11-08 05:34:45,609 - INFO - --------------------------------------------------------------------------------
2025-11-08 05:34:45,609 - INFO - 事件类型: response.text.delta
2025-11-08 05:34:45,609 - INFO - 完整事件数据:
2025-11-08 05:34:45,609 - INFO -     delta: 呀
2025-11-08 05:34:45,609 - INFO -     event_id: event_DtcbI4XcOVUk9OaMuXjga
2025-11-08 05:34:45,609 - INFO -     type: response.text.delta
2025-11-08 05:34:45,610 - INFO -     response_id: resp_YkDtRKbcwEeo3SaJuzHmk
2025-11-08 05:34:45,610 - INFO -     item_id: item_EMtR4aW4u4V2qChtmJHlf
2025-11-08 05:34:45,610 - INFO -     output_index: 0
2025-11-08 05:34:45,610 - INFO -     content_index: 0
2025-11-08 05:34:45,610 - INFO - --------------------------------------------------------------------------------
2025-11-08 05:34:45,613 - DEBUG - [omni realtime] receive string {"delta":"？","event_id":"event_HEH4UnpVO1ZKtocH3cF3p","type":"response.text.delta","response_id":"resp_YkDtRKbcwEeo3SaJuzHmk","item_id":"item_EMtR4aW4u4V2qChtmJHlf","output_index":0,"content_index":0}
2025-11-08 05:34:45,613 - INFO - --------------------------------------------------------------------------------
2025-11-08 05:34:45,613 - INFO - 事件类型: response.text.delta
2025-11-08 05:34:45,613 - INFO - 完整事件数据:
2025-11-08 05:34:45,614 - INFO -     delta: ？
2025-11-08 05:34:45,614 - INFO -     event_id: event_HEH4UnpVO1ZKtocH3cF3p
2025-11-08 05:34:45,614 - INFO -     type: response.text.delta
2025-11-08 05:34:45,614 - INFO -     response_id: resp_YkDtRKbcwEeo3SaJuzHmk
2025-11-08 05:34:45,614 - INFO -     item_id: item_EMtR4aW4u4V2qChtmJHlf
2025-11-08 05:34:45,614 - INFO -     output_index: 0
2025-11-08 05:34:45,614 - INFO -     content_index: 0
2025-11-08 05:34:45,615 - INFO - --------------------------------------------------------------------------------
2025-11-08 05:34:45,622 - DEBUG - [omni realtime] receive string {"delta":"袋子","event_id":"event_F1auj61wMkCmG5rSHNosK","type":"response.text.delta","response_id":"resp_YkDtRKbcwEeo3SaJuzHmk","item_id":"item_EMtR4aW4u4V2qChtmJHlf","output_index":0,"content_index":0}
2025-11-08 05:34:45,622 - INFO - --------------------------------------------------------------------------------
2025-11-08 05:34:45,623 - INFO - 事件类型: response.text.delta
2025-11-08 05:34:45,623 - INFO - 完整事件数据:
2025-11-08 05:34:45,623 - INFO -     delta: 袋子
2025-11-08 05:34:45,623 - INFO -     event_id: event_F1auj61wMkCmG5rSHNosK
2025-11-08 05:34:45,624 - INFO -     type: response.text.delta
2025-11-08 05:34:45,624 - INFO -     response_id: resp_YkDtRKbcwEeo3SaJuzHmk
2025-11-08 05:34:45,624 - INFO -     item_id: item_EMtR4aW4u4V2qChtmJHlf
2025-11-08 05:34:45,624 - INFO -     output_index: 0
2025-11-08 05:34:45,624 - INFO -     content_index: 0
2025-11-08 05:34:45,624 - INFO - --------------------------------------------------------------------------------
2025-11-08 05:34:45,633 - DEBUG - [omni realtime] receive string {"delta":"在","event_id":"event_VCmduofOdZOl4Tj1W6m1C","type":"response.text.delta","response_id":"resp_YkDtRKbcwEeo3SaJuzHmk","item_id":"item_EMtR4aW4u4V2qChtmJHlf","output_index":0,"content_index":0}
2025-11-08 05:34:45,633 - INFO - --------------------------------------------------------------------------------
2025-11-08 05:34:45,634 - INFO - 事件类型: response.text.delta
2025-11-08 05:34:45,634 - INFO - 完整事件数据:
2025-11-08 05:34:45,634 - INFO -     delta: 在
2025-11-08 05:34:45,634 - INFO -     event_id: event_VCmduofOdZOl4Tj1W6m1C
2025-11-08 05:34:45,635 - INFO -     type: response.text.delta
2025-11-08 05:34:45,635 - INFO -     response_id: resp_YkDtRKbcwEeo3SaJuzHmk
2025-11-08 05:34:45,635 - INFO -     item_id: item_EMtR4aW4u4V2qChtmJHlf
2025-11-08 05:34:45,635 - INFO -     output_index: 0
2025-11-08 05:34:45,635 - INFO -     content_index: 0
2025-11-08 05:34:45,636 - INFO - --------------------------------------------------------------------------------
2025-11-08 05:34:45,641 - DEBUG - [omni realtime] receive string {"delta":"哪儿","event_id":"event_A1oshz9sthrfRAv6jWG4R","type":"response.text.delta","response_id":"resp_YkDtRKbcwEeo3SaJuzHmk","item_id":"item_EMtR4aW4u4V2qChtmJHlf","output_index":0,"content_index":0}
2025-11-08 05:34:45,641 - INFO - --------------------------------------------------------------------------------
2025-11-08 05:34:45,641 - INFO - 事件类型: response.text.delta
2025-11-08 05:34:45,642 - INFO - 完整事件数据:
2025-11-08 05:34:45,642 - INFO -     delta: 哪儿
2025-11-08 05:34:45,642 - INFO -     event_id: event_A1oshz9sthrfRAv6jWG4R
2025-11-08 05:34:45,642 - INFO -     type: response.text.delta
2025-11-08 05:34:45,642 - INFO -     response_id: resp_YkDtRKbcwEeo3SaJuzHmk
2025-11-08 05:34:45,642 - INFO -     item_id: item_EMtR4aW4u4V2qChtmJHlf
2025-11-08 05:34:45,642 - INFO -     output_index: 0
2025-11-08 05:34:45,642 - INFO -     content_index: 0
2025-11-08 05:34:45,643 - INFO - --------------------------------------------------------------------------------
2025-11-08 05:34:45,651 - DEBUG - [omni realtime] receive string {"delta":"？","event_id":"event_Gyp1fsFrBnOYPPLQPs2yZ","type":"response.text.delta","response_id":"resp_YkDtRKbcwEeo3SaJuzHmk","item_id":"item_EMtR4aW4u4V2qChtmJHlf","output_index":0,"content_index":0}
2025-11-08 05:34:45,652 - INFO - --------------------------------------------------------------------------------
2025-11-08 05:34:45,652 - INFO - 事件类型: response.text.delta
2025-11-08 05:34:45,653 - INFO - 完整事件数据:
2025-11-08 05:34:45,653 - INFO -     delta: ？
2025-11-08 05:34:45,653 - INFO -     event_id: event_Gyp1fsFrBnOYPPLQPs2yZ
2025-11-08 05:34:45,653 - INFO -     type: response.text.delta
2025-11-08 05:34:45,654 - INFO -     response_id: resp_YkDtRKbcwEeo3SaJuzHmk
2025-11-08 05:34:45,654 - INFO -     item_id: item_EMtR4aW4u4V2qChtmJHlf
2025-11-08 05:34:45,654 - INFO -     output_index: 0
2025-11-08 05:34:45,654 - INFO -     content_index: 0
2025-11-08 05:34:45,655 - INFO - --------------------------------------------------------------------------------
2025-11-08 05:34:45,664 - DEBUG - [omni realtime] receive string {"delta":"然后","event_id":"event_CTcTXJUUoQlsnz6WTlRUg","type":"response.text.delta","response_id":"resp_YkDtRKbcwEeo3SaJuzHmk","item_id":"item_EMtR4aW4u4V2qChtmJHlf","output_index":0,"content_index":0}
2025-11-08 05:34:45,665 - INFO - --------------------------------------------------------------------------------
2025-11-08 05:34:45,665 - INFO - 事件类型: response.text.delta
2025-11-08 05:34:45,665 - INFO - 完整事件数据:
2025-11-08 05:34:45,665 - INFO -     delta: 然后
2025-11-08 05:34:45,665 - INFO -     event_id: event_CTcTXJUUoQlsnz6WTlRUg
2025-11-08 05:34:45,665 - INFO -     type: response.text.delta
2025-11-08 05:34:45,665 - INFO -     response_id: resp_YkDtRKbcwEeo3SaJuzHmk
2025-11-08 05:34:45,666 - INFO -     item_id: item_EMtR4aW4u4V2qChtmJHlf
2025-11-08 05:34:45,666 - INFO -     output_index: 0
2025-11-08 05:34:45,666 - INFO -     content_index: 0
2025-11-08 05:34:45,666 - INFO - --------------------------------------------------------------------------------
2025-11-08 05:34:45,671 - DEBUG - [omni realtime] receive string {"delta":"它","event_id":"event_XcMnDqO1dKJuGFAyqsM1M","type":"response.text.delta","response_id":"resp_YkDtRKbcwEeo3SaJuzHmk","item_id":"item_EMtR4aW4u4V2qChtmJHlf","output_index":0,"content_index":0}
2025-11-08 05:34:45,671 - INFO - --------------------------------------------------------------------------------
2025-11-08 05:34:45,672 - INFO - 事件类型: response.text.delta
2025-11-08 05:34:45,672 - INFO - 完整事件数据:
2025-11-08 05:34:45,672 - INFO -     delta: 它
2025-11-08 05:34:45,673 - INFO -     event_id: event_XcMnDqO1dKJuGFAyqsM1M
2025-11-08 05:34:45,673 - INFO -     type: response.text.delta
2025-11-08 05:34:45,673 - INFO -     response_id: resp_YkDtRKbcwEeo3SaJuzHmk
2025-11-08 05:34:45,673 - INFO -     item_id: item_EMtR4aW4u4V2qChtmJHlf
2025-11-08 05:34:45,674 - INFO -     output_index: 0
2025-11-08 05:34:45,674 - INFO -     content_index: 0
2025-11-08 05:34:45,674 - INFO - --------------------------------------------------------------------------------
2025-11-08 05:34:45,682 - DEBUG - [omni realtime] receive string {"delta":"把","event_id":"event_WqehiaNXooR5POv3AIWLx","type":"response.text.delta","response_id":"resp_YkDtRKbcwEeo3SaJuzHmk","item_id":"item_EMtR4aW4u4V2qChtmJHlf","output_index":0,"content_index":0}
2025-11-08 05:34:45,682 - INFO - --------------------------------------------------------------------------------
2025-11-08 05:34:45,683 - INFO - 事件类型: response.text.delta
2025-11-08 05:34:45,683 - INFO - 完整事件数据:
2025-11-08 05:34:45,683 - INFO -     delta: 把
2025-11-08 05:34:45,683 - INFO -     event_id: event_WqehiaNXooR5POv3AIWLx
2025-11-08 05:34:45,683 - INFO -     type: response.text.delta
2025-11-08 05:34:45,683 - INFO -     response_id: resp_YkDtRKbcwEeo3SaJuzHmk
2025-11-08 05:34:45,683 - INFO -     item_id: item_EMtR4aW4u4V2qChtmJHlf
2025-11-08 05:34:45,684 - INFO -     output_index: 0
2025-11-08 05:34:45,684 - INFO -     content_index: 0
2025-11-08 05:34:45,684 - INFO - --------------------------------------------------------------------------------
2025-11-08 05:34:45,699 - DEBUG - [omni realtime] receive string {"delta":"天空","event_id":"event_PnymVcQQh3y8CVZgLtbrx","type":"response.text.delta","response_id":"resp_YkDtRKbcwEeo3SaJuzHmk","item_id":"item_EMtR4aW4u4V2qChtmJHlf","output_index":0,"content_index":0}
2025-11-08 05:34:45,699 - INFO - --------------------------------------------------------------------------------
2025-11-08 05:34:45,699 - INFO - 事件类型: response.text.delta
2025-11-08 05:34:45,700 - INFO - 完整事件数据:
2025-11-08 05:34:45,700 - INFO -     delta: 天空
2025-11-08 05:34:45,700 - INFO -     event_id: event_PnymVcQQh3y8CVZgLtbrx
2025-11-08 05:34:45,700 - INFO -     type: response.text.delta
2025-11-08 05:34:45,700 - INFO -     response_id: resp_YkDtRKbcwEeo3SaJuzHmk
2025-11-08 05:34:45,701 - INFO -     item_id: item_EMtR4aW4u4V2qChtmJHlf
2025-11-08 05:34:45,701 - INFO -     output_index: 0
2025-11-08 05:34:45,701 - INFO -     content_index: 0
2025-11-08 05:34:45,701 - INFO - --------------------------------------------------------------------------------
2025-11-08 05:34:45,702 - DEBUG - [omni realtime] receive string {"delta":"中的","event_id":"event_S1LcfKJcnG4l7gu7wyLVt","type":"response.text.delta","response_id":"resp_YkDtRKbcwEeo3SaJuzHmk","item_id":"item_EMtR4aW4u4V2qChtmJHlf","output_index":0,"content_index":0}
2025-11-08 05:34:45,703 - INFO - --------------------------------------------------------------------------------
2025-11-08 05:34:45,703 - INFO - 事件类型: response.text.delta
2025-11-08 05:34:45,704 - INFO - 完整事件数据:
2025-11-08 05:34:45,704 - INFO -     delta: 中的
2025-11-08 05:34:45,704 - INFO -     event_id: event_S1LcfKJcnG4l7gu7wyLVt
2025-11-08 05:34:45,705 - INFO -     type: response.text.delta
2025-11-08 05:34:45,705 - INFO -     response_id: resp_YkDtRKbcwEeo3SaJuzHmk
2025-11-08 05:34:45,705 - INFO -     item_id: item_EMtR4aW4u4V2qChtmJHlf
2025-11-08 05:34:45,705 - INFO -     output_index: 0
2025-11-08 05:34:45,706 - INFO -     content_index: 0
2025-11-08 05:34:45,706 - INFO - --------------------------------------------------------------------------------
2025-11-08 05:34:45,717 - DEBUG - [omni realtime] receive string {"delta":"灰尘","event_id":"event_TSrlRCK6uGQ7EyK32lVt9","type":"response.text.delta","response_id":"resp_YkDtRKbcwEeo3SaJuzHmk","item_id":"item_EMtR4aW4u4V2qChtmJHlf","output_index":0,"content_index":0}
2025-11-08 05:34:45,717 - INFO - --------------------------------------------------------------------------------
2025-11-08 05:34:45,718 - INFO - 事件类型: response.text.delta
2025-11-08 05:34:45,718 - INFO - 完整事件数据:
2025-11-08 05:34:45,718 - INFO -     delta: 灰尘
2025-11-08 05:34:45,719 - INFO -     event_id: event_TSrlRCK6uGQ7EyK32lVt9
2025-11-08 05:34:45,719 - INFO -     type: response.text.delta
2025-11-08 05:34:45,719 - INFO -     response_id: resp_YkDtRKbcwEeo3SaJuzHmk
2025-11-08 05:34:45,719 - INFO -     item_id: item_EMtR4aW4u4V2qChtmJHlf
2025-11-08 05:34:45,720 - INFO -     output_index: 0
2025-11-08 05:34:45,720 - INFO -     content_index: 0
2025-11-08 05:34:45,720 - INFO - --------------------------------------------------------------------------------
2025-11-08 05:34:45,721 - DEBUG - [omni realtime] receive string {"delta":"全部","event_id":"event_WJpGh4gYi6K87GjayH2Ph","type":"response.text.delta","response_id":"resp_YkDtRKbcwEeo3SaJuzHmk","item_id":"item_EMtR4aW4u4V2qChtmJHlf","output_index":0,"content_index":0}
2025-11-08 05:34:45,721 - INFO - --------------------------------------------------------------------------------
2025-11-08 05:34:45,722 - INFO - 事件类型: response.text.delta
2025-11-08 05:34:45,722 - INFO - 完整事件数据:
2025-11-08 05:34:45,722 - INFO -     delta: 全部
2025-11-08 05:34:45,722 - INFO -     event_id: event_WJpGh4gYi6K87GjayH2Ph
2025-11-08 05:34:45,723 - INFO -     type: response.text.delta
2025-11-08 05:34:45,723 - INFO -     response_id: resp_YkDtRKbcwEeo3SaJuzHmk
2025-11-08 05:34:45,723 - INFO -     item_id: item_EMtR4aW4u4V2qChtmJHlf
2025-11-08 05:34:45,723 - INFO -     output_index: 0
2025-11-08 05:34:45,723 - INFO -     content_index: 0
2025-11-08 05:34:45,723 - INFO - --------------------------------------------------------------------------------
2025-11-08 05:34:45,728 - DEBUG - [omni realtime] receive string {"delta":"吸","event_id":"event_ETra5HebbzPATTfS4HiEX","type":"response.text.delta","response_id":"resp_YkDtRKbcwEeo3SaJuzHmk","item_id":"item_EMtR4aW4u4V2qChtmJHlf","output_index":0,"content_index":0}
2025-11-08 05:34:45,729 - INFO - --------------------------------------------------------------------------------
2025-11-08 05:34:45,729 - INFO - 事件类型: response.text.delta
2025-11-08 05:34:45,729 - INFO - 完整事件数据:
2025-11-08 05:34:45,729 - INFO -     delta: 吸
2025-11-08 05:34:45,729 - INFO -     event_id: event_ETra5HebbzPATTfS4HiEX
2025-11-08 05:34:45,730 - INFO -     type: response.text.delta
2025-11-08 05:34:45,730 - INFO -     response_id: resp_YkDtRKbcwEeo3SaJuzHmk
2025-11-08 05:34:45,730 - INFO -     item_id: item_EMtR4aW4u4V2qChtmJHlf
2025-11-08 05:34:45,730 - INFO -     output_index: 0
2025-11-08 05:34:45,730 - INFO -     content_index: 0
2025-11-08 05:34:45,730 - INFO - --------------------------------------------------------------------------------
2025-11-08 05:34:45,736 - DEBUG - [omni realtime] receive string {"delta":"到","event_id":"event_FrnD9Lpbc2Rjsu3xoVoja","type":"response.text.delta","response_id":"resp_YkDtRKbcwEeo3SaJuzHmk","item_id":"item_EMtR4aW4u4V2qChtmJHlf","output_index":0,"content_index":0}
2025-11-08 05:34:45,737 - INFO - --------------------------------------------------------------------------------
2025-11-08 05:34:45,737 - INFO - 事件类型: response.text.delta
2025-11-08 05:34:45,737 - INFO - 完整事件数据:
2025-11-08 05:34:45,737 - INFO -     delta: 到
2025-11-08 05:34:45,737 - INFO -     event_id: event_FrnD9Lpbc2Rjsu3xoVoja
2025-11-08 05:34:45,738 - INFO -     type: response.text.delta
2025-11-08 05:34:45,738 - INFO -     response_id: resp_YkDtRKbcwEeo3SaJuzHmk
2025-11-08 05:34:45,738 - INFO -     item_id: item_EMtR4aW4u4V2qChtmJHlf
2025-11-08 05:34:45,738 - INFO -     output_index: 0
2025-11-08 05:34:45,739 - INFO -     content_index: 0
2025-11-08 05:34:45,739 - INFO - --------------------------------------------------------------------------------
2025-11-08 05:34:45,751 - DEBUG - [omni realtime] receive string {"delta":"这个","event_id":"event_EJLgif9UOvGXYZaihCCcc","type":"response.text.delta","response_id":"resp_YkDtRKbcwEeo3SaJuzHmk","item_id":"item_EMtR4aW4u4V2qChtmJHlf","output_index":0,"content_index":0}
2025-11-08 05:34:45,751 - INFO - --------------------------------------------------------------------------------
2025-11-08 05:34:45,751 - INFO - 事件类型: response.text.delta
2025-11-08 05:34:45,751 - INFO - 完整事件数据:
2025-11-08 05:34:45,752 - INFO -     delta: 这个
2025-11-08 05:34:45,752 - INFO -     event_id: event_EJLgif9UOvGXYZaihCCcc
2025-11-08 05:34:45,753 - INFO -     type: response.text.delta
2025-11-08 05:34:45,753 - INFO -     response_id: resp_YkDtRKbcwEeo3SaJuzHmk
2025-11-08 05:34:45,753 - INFO -     item_id: item_EMtR4aW4u4V2qChtmJHlf
2025-11-08 05:34:45,753 - INFO -     output_index: 0
2025-11-08 05:34:45,754 - INFO -     content_index: 0
2025-11-08 05:34:45,754 - INFO - --------------------------------------------------------------------------------
2025-11-08 05:34:45,758 - DEBUG - [omni realtime] receive string {"delta":"袋","event_id":"event_Yo6UzdeWIik8UdZEPyG8f","type":"response.text.delta","response_id":"resp_YkDtRKbcwEeo3SaJuzHmk","item_id":"item_EMtR4aW4u4V2qChtmJHlf","output_index":0,"content_index":0}
2025-11-08 05:34:45,759 - INFO - --------------------------------------------------------------------------------
2025-11-08 05:34:45,759 - INFO - 事件类型: response.text.delta
2025-11-08 05:34:45,759 - INFO - 完整事件数据:
2025-11-08 05:34:45,759 - INFO -     delta: 袋
2025-11-08 05:34:45,759 - INFO -     event_id: event_Yo6UzdeWIik8UdZEPyG8f
2025-11-08 05:34:45,759 - INFO -     type: response.text.delta
2025-11-08 05:34:45,760 - INFO -     response_id: resp_YkDtRKbcwEeo3SaJuzHmk
2025-11-08 05:34:45,760 - INFO -     item_id: item_EMtR4aW4u4V2qChtmJHlf
2025-11-08 05:34:45,760 - INFO -     output_index: 0
2025-11-08 05:34:45,760 - INFO -     content_index: 0
2025-11-08 05:34:45,760 - INFO - --------------------------------------------------------------------------------
2025-11-08 05:34:45,772 - DEBUG - [omni realtime] receive string {"delta":"子里","event_id":"event_MrP5JAfboOVOQIas9sm5J","type":"response.text.delta","response_id":"resp_YkDtRKbcwEeo3SaJuzHmk","item_id":"item_EMtR4aW4u4V2qChtmJHlf","output_index":0,"content_index":0}
2025-11-08 05:34:45,772 - INFO - --------------------------------------------------------------------------------
2025-11-08 05:34:45,772 - INFO - 事件类型: response.text.delta
2025-11-08 05:34:45,772 - INFO - 完整事件数据:
2025-11-08 05:34:45,773 - INFO -     delta: 子里
2025-11-08 05:34:45,773 - INFO -     event_id: event_MrP5JAfboOVOQIas9sm5J
2025-11-08 05:34:45,773 - INFO -     type: response.text.delta
2025-11-08 05:34:45,773 - INFO -     response_id: resp_YkDtRKbcwEeo3SaJuzHmk
2025-11-08 05:34:45,773 - INFO -     item_id: item_EMtR4aW4u4V2qChtmJHlf
2025-11-08 05:34:45,774 - INFO -     output_index: 0
2025-11-08 05:34:45,774 - INFO -     content_index: 0
2025-11-08 05:34:45,774 - INFO - --------------------------------------------------------------------------------
2025-11-08 05:34:45,777 - DEBUG - [omni realtime] receive string {"delta":"，","event_id":"event_D6m7dPPCOIFR6JwNK2U6a","type":"response.text.delta","response_id":"resp_YkDtRKbcwEeo3SaJuzHmk","item_id":"item_EMtR4aW4u4V2qChtmJHlf","output_index":0,"content_index":0}
2025-11-08 05:34:45,778 - INFO - --------------------------------------------------------------------------------
2025-11-08 05:34:45,778 - INFO - 事件类型: response.text.delta
2025-11-08 05:34:45,778 - INFO - 完整事件数据:
2025-11-08 05:34:45,778 - INFO -     delta: ，
2025-11-08 05:34:45,779 - INFO -     event_id: event_D6m7dPPCOIFR6JwNK2U6a
2025-11-08 05:34:45,779 - INFO -     type: response.text.delta
2025-11-08 05:34:45,779 - INFO -     response_id: resp_YkDtRKbcwEeo3SaJuzHmk
2025-11-08 05:34:45,779 - INFO -     item_id: item_EMtR4aW4u4V2qChtmJHlf
2025-11-08 05:34:45,779 - INFO -     output_index: 0
2025-11-08 05:34:45,779 - INFO -     content_index: 0
2025-11-08 05:34:45,779 - INFO - --------------------------------------------------------------------------------
2025-11-08 05:34:45,787 - DEBUG - [omni realtime] receive string {"delta":"天空","event_id":"event_JP7cffBK9HnTbmv5ktKuV","type":"response.text.delta","response_id":"resp_YkDtRKbcwEeo3SaJuzHmk","item_id":"item_EMtR4aW4u4V2qChtmJHlf","output_index":0,"content_index":0}
2025-11-08 05:34:45,787 - INFO - --------------------------------------------------------------------------------
2025-11-08 05:34:45,788 - INFO - 事件类型: response.text.delta
2025-11-08 05:34:45,788 - INFO - 完整事件数据:
2025-11-08 05:34:45,788 - INFO -     delta: 天空
2025-11-08 05:34:45,789 - INFO -     event_id: event_JP7cffBK9HnTbmv5ktKuV
2025-11-08 05:34:45,789 - INFO -     type: response.text.delta
2025-11-08 05:34:45,789 - INFO -     response_id: resp_YkDtRKbcwEeo3SaJuzHmk
2025-11-08 05:34:45,789 - INFO -     item_id: item_EMtR4aW4u4V2qChtmJHlf
2025-11-08 05:34:45,790 - INFO -     output_index: 0
2025-11-08 05:34:45,790 - INFO -     content_index: 0
2025-11-08 05:34:45,790 - INFO - --------------------------------------------------------------------------------
2025-11-08 05:34:45,793 - DEBUG - [omni realtime] receive string {"delta":"就会","event_id":"event_VEbfZmbG1EVQOSzsMuIK2","type":"response.text.delta","response_id":"resp_YkDtRKbcwEeo3SaJuzHmk","item_id":"item_EMtR4aW4u4V2qChtmJHlf","output_index":0,"content_index":0}
2025-11-08 05:34:45,793 - INFO - --------------------------------------------------------------------------------
2025-11-08 05:34:45,793 - INFO - 事件类型: response.text.delta
2025-11-08 05:34:45,793 - INFO - 完整事件数据:
2025-11-08 05:34:45,793 - INFO -     delta: 就会
2025-11-08 05:34:45,794 - INFO -     event_id: event_VEbfZmbG1EVQOSzsMuIK2
2025-11-08 05:34:45,794 - INFO -     type: response.text.delta
2025-11-08 05:34:45,794 - INFO -     response_id: resp_YkDtRKbcwEeo3SaJuzHmk
2025-11-08 05:34:45,794 - INFO -     item_id: item_EMtR4aW4u4V2qChtmJHlf
2025-11-08 05:34:45,794 - INFO -     output_index: 0
2025-11-08 05:34:45,794 - INFO -     content_index: 0
2025-11-08 05:34:45,794 - INFO - --------------------------------------------------------------------------------
2025-11-08 05:34:45,805 - DEBUG - [omni realtime] receive string {"delta":"重新","event_id":"event_OmYdBx7ArYfeHsSzophad","type":"response.text.delta","response_id":"resp_YkDtRKbcwEeo3SaJuzHmk","item_id":"item_EMtR4aW4u4V2qChtmJHlf","output_index":0,"content_index":0}
2025-11-08 05:34:45,805 - INFO - --------------------------------------------------------------------------------
2025-11-08 05:34:45,805 - INFO - 事件类型: response.text.delta
2025-11-08 05:34:45,805 - INFO - 完整事件数据:
2025-11-08 05:34:45,806 - INFO -     delta: 重新
2025-11-08 05:34:45,806 - INFO -     event_id: event_OmYdBx7ArYfeHsSzophad
2025-11-08 05:34:45,806 - INFO -     type: response.text.delta
2025-11-08 05:34:45,806 - INFO -     response_id: resp_YkDtRKbcwEeo3SaJuzHmk
2025-11-08 05:34:45,806 - INFO -     item_id: item_EMtR4aW4u4V2qChtmJHlf
2025-11-08 05:34:45,807 - INFO -     output_index: 0
2025-11-08 05:34:45,807 - INFO -     content_index: 0
2025-11-08 05:34:45,807 - INFO - --------------------------------------------------------------------------------
2025-11-08 05:34:45,815 - DEBUG - [omni realtime] receive string {"delta":"变","event_id":"event_FpQCbWJgInoEcJmZ4WEAv","type":"response.text.delta","response_id":"resp_YkDtRKbcwEeo3SaJuzHmk","item_id":"item_EMtR4aW4u4V2qChtmJHlf","output_index":0,"content_index":0}
2025-11-08 05:34:45,815 - INFO - --------------------------------------------------------------------------------
2025-11-08 05:34:45,816 - INFO - 事件类型: response.text.delta
2025-11-08 05:34:45,816 - INFO - 完整事件数据:
2025-11-08 05:34:45,816 - INFO -     delta: 变
2025-11-08 05:34:45,816 - INFO -     event_id: event_FpQCbWJgInoEcJmZ4WEAv
2025-11-08 05:34:45,817 - INFO -     type: response.text.delta
2025-11-08 05:34:45,817 - INFO -     response_id: resp_YkDtRKbcwEeo3SaJuzHmk
2025-11-08 05:34:45,817 - INFO -     item_id: item_EMtR4aW4u4V2qChtmJHlf
2025-11-08 05:34:45,818 - INFO -     output_index: 0
2025-11-08 05:34:45,818 - INFO -     content_index: 0
2025-11-08 05:34:45,818 - INFO - --------------------------------------------------------------------------------
2025-11-08 05:34:45,824 - DEBUG - [omni realtime] receive string {"delta":"回","event_id":"event_VfOjjaQXPcKFSgI4l2Tgc","type":"response.text.delta","response_id":"resp_YkDtRKbcwEeo3SaJuzHmk","item_id":"item_EMtR4aW4u4V2qChtmJHlf","output_index":0,"content_index":0}
2025-11-08 05:34:45,824 - INFO - --------------------------------------------------------------------------------
2025-11-08 05:34:45,824 - INFO - 事件类型: response.text.delta
2025-11-08 05:34:45,825 - INFO - 完整事件数据:
2025-11-08 05:34:45,825 - INFO -     delta: 回
2025-11-08 05:34:45,825 - INFO -     event_id: event_VfOjjaQXPcKFSgI4l2Tgc
2025-11-08 05:34:45,825 - INFO -     type: response.text.delta
2025-11-08 05:34:45,825 - INFO -     response_id: resp_YkDtRKbcwEeo3SaJuzHmk
2025-11-08 05:34:45,825 - INFO -     item_id: item_EMtR4aW4u4V2qChtmJHlf
2025-11-08 05:34:45,826 - INFO -     output_index: 0
2025-11-08 05:34:45,826 - INFO -     content_index: 0
2025-11-08 05:34:45,826 - INFO - --------------------------------------------------------------------------------
2025-11-08 05:34:45,835 - DEBUG - [omni realtime] receive string {"delta":"蓝色","event_id":"event_FEShympVKQNSQqNVbObXv","type":"response.text.delta","response_id":"resp_YkDtRKbcwEeo3SaJuzHmk","item_id":"item_EMtR4aW4u4V2qChtmJHlf","output_index":0,"content_index":0}
2025-11-08 05:34:45,836 - INFO - --------------------------------------------------------------------------------
2025-11-08 05:34:45,836 - INFO - 事件类型: response.text.delta
2025-11-08 05:34:45,836 - INFO - 完整事件数据:
2025-11-08 05:34:45,836 - INFO -     delta: 蓝色
2025-11-08 05:34:45,837 - INFO -     event_id: event_FEShympVKQNSQqNVbObXv
2025-11-08 05:34:45,837 - INFO -     type: response.text.delta
2025-11-08 05:34:45,837 - INFO -     response_id: resp_YkDtRKbcwEeo3SaJuzHmk
2025-11-08 05:34:45,837 - INFO -     item_id: item_EMtR4aW4u4V2qChtmJHlf
2025-11-08 05:34:45,837 - INFO -     output_index: 0
2025-11-08 05:34:45,838 - INFO -     content_index: 0
2025-11-08 05:34:45,838 - INFO - --------------------------------------------------------------------------------
2025-11-08 05:34:45,844 - DEBUG - [omni realtime] receive string {"delta":"了","event_id":"event_CKwhaTSW9hjfNPMcIpZlI","type":"response.text.delta","response_id":"resp_YkDtRKbcwEeo3SaJuzHmk","item_id":"item_EMtR4aW4u4V2qChtmJHlf","output_index":0,"content_index":0}
2025-11-08 05:34:45,845 - INFO - --------------------------------------------------------------------------------
2025-11-08 05:34:45,845 - INFO - 事件类型: response.text.delta
2025-11-08 05:34:45,845 - INFO - 完整事件数据:
2025-11-08 05:34:45,845 - INFO -     delta: 了
2025-11-08 05:34:45,846 - INFO -     event_id: event_CKwhaTSW9hjfNPMcIpZlI
2025-11-08 05:34:45,846 - INFO -     type: response.text.delta
2025-11-08 05:34:45,846 - INFO -     response_id: resp_YkDtRKbcwEeo3SaJuzHmk
2025-11-08 05:34:45,846 - INFO -     item_id: item_EMtR4aW4u4V2qChtmJHlf
2025-11-08 05:34:45,846 - INFO -     output_index: 0
2025-11-08 05:34:45,846 - INFO -     content_index: 0
2025-11-08 05:34:45,846 - INFO - --------------------------------------------------------------------------------
2025-11-08 05:34:45,854 - DEBUG - [omni realtime] receive string {"delta":"，","event_id":"event_UbTW4JUWTy99VbGPMGWwj","type":"response.text.delta","response_id":"resp_YkDtRKbcwEeo3SaJuzHmk","item_id":"item_EMtR4aW4u4V2qChtmJHlf","output_index":0,"content_index":0}
2025-11-08 05:34:45,854 - INFO - --------------------------------------------------------------------------------
2025-11-08 05:34:45,854 - INFO - 事件类型: response.text.delta
2025-11-08 05:34:45,854 - INFO - 完整事件数据:
2025-11-08 05:34:45,854 - INFO -     delta: ，
2025-11-08 05:34:45,855 - INFO -     event_id: event_UbTW4JUWTy99VbGPMGWwj
2025-11-08 05:34:45,855 - INFO -     type: response.text.delta
2025-11-08 05:34:45,855 - INFO -     response_id: resp_YkDtRKbcwEeo3SaJuzHmk
2025-11-08 05:34:45,855 - INFO -     item_id: item_EMtR4aW4u4V2qChtmJHlf
2025-11-08 05:34:45,855 - INFO -     output_index: 0
2025-11-08 05:34:45,855 - INFO -     content_index: 0
2025-11-08 05:34:45,856 - INFO - --------------------------------------------------------------------------------
2025-11-08 05:34:45,873 - DEBUG - [omni realtime] receive string {"delta":"对","event_id":"event_O4n9MXwKYlG2ybLuczXd4","type":"response.text.delta","response_id":"resp_YkDtRKbcwEeo3SaJuzHmk","item_id":"item_EMtR4aW4u4V2qChtmJHlf","output_index":0,"content_index":0}
2025-11-08 05:34:45,873 - INFO - --------------------------------------------------------------------------------
2025-11-08 05:34:45,873 - INFO - 事件类型: response.text.delta
2025-11-08 05:34:45,874 - INFO - 完整事件数据:
2025-11-08 05:34:45,874 - INFO -     delta: 对
2025-11-08 05:34:45,874 - INFO -     event_id: event_O4n9MXwKYlG2ybLuczXd4
2025-11-08 05:34:45,874 - INFO -     type: response.text.delta
2025-11-08 05:34:45,874 - INFO -     response_id: resp_YkDtRKbcwEeo3SaJuzHmk
2025-11-08 05:34:45,874 - INFO -     item_id: item_EMtR4aW4u4V2qChtmJHlf
2025-11-08 05:34:45,875 - INFO -     output_index: 0
2025-11-08 05:34:45,875 - INFO -     content_index: 0
2025-11-08 05:34:45,875 - INFO - --------------------------------------------------------------------------------
2025-11-08 05:34:45,875 - DEBUG - [omni realtime] receive string {"delta":"不对","event_id":"event_TnEHdcj6kWDMIsqiK7rRf","type":"response.text.delta","response_id":"resp_YkDtRKbcwEeo3SaJuzHmk","item_id":"item_EMtR4aW4u4V2qChtmJHlf","output_index":0,"content_index":0}
2025-11-08 05:34:45,875 - INFO - --------------------------------------------------------------------------------
2025-11-08 05:34:45,875 - INFO - 事件类型: response.text.delta
2025-11-08 05:34:45,875 - INFO - 完整事件数据:
2025-11-08 05:34:45,876 - INFO -     delta: 不对
2025-11-08 05:34:45,876 - INFO -     event_id: event_TnEHdcj6kWDMIsqiK7rRf
2025-11-08 05:34:45,876 - INFO -     type: response.text.delta
2025-11-08 05:34:45,876 - INFO -     response_id: resp_YkDtRKbcwEeo3SaJuzHmk
2025-11-08 05:34:45,876 - INFO -     item_id: item_EMtR4aW4u4V2qChtmJHlf
2025-11-08 05:34:45,876 - INFO -     output_index: 0
2025-11-08 05:34:45,876 - INFO -     content_index: 0
2025-11-08 05:34:45,877 - INFO - --------------------------------------------------------------------------------
2025-11-08 05:34:45,883 - DEBUG - [omni realtime] receive string {"delta":"？","event_id":"event_ShUuU3vzi2t1RNt1LdKz4","type":"response.text.delta","response_id":"resp_YkDtRKbcwEeo3SaJuzHmk","item_id":"item_EMtR4aW4u4V2qChtmJHlf","output_index":0,"content_index":0}
2025-11-08 05:34:45,884 - INFO - --------------------------------------------------------------------------------
2025-11-08 05:34:45,884 - INFO - 事件类型: response.text.delta
2025-11-08 05:34:45,884 - INFO - 完整事件数据:
2025-11-08 05:34:45,884 - INFO -     delta: ？
2025-11-08 05:34:45,885 - INFO -     event_id: event_ShUuU3vzi2t1RNt1LdKz4
2025-11-08 05:34:45,885 - INFO -     type: response.text.delta
2025-11-08 05:34:45,885 - INFO -     response_id: resp_YkDtRKbcwEeo3SaJuzHmk
2025-11-08 05:34:45,885 - INFO -     item_id: item_EMtR4aW4u4V2qChtmJHlf
2025-11-08 05:34:45,886 - INFO -     output_index: 0
2025-11-08 05:34:45,886 - INFO -     content_index: 0
2025-11-08 05:34:45,886 - INFO - --------------------------------------------------------------------------------
2025-11-08 05:34:45,891 - DEBUG - [omni realtime] receive string {"delta":"那","event_id":"event_GpaSfkv4oV8plY7yzl2H1","type":"response.text.delta","response_id":"resp_YkDtRKbcwEeo3SaJuzHmk","item_id":"item_EMtR4aW4u4V2qChtmJHlf","output_index":0,"content_index":0}
2025-11-08 05:34:45,891 - INFO - --------------------------------------------------------------------------------
2025-11-08 05:34:45,892 - INFO - 事件类型: response.text.delta
2025-11-08 05:34:45,892 - INFO - 完整事件数据:
2025-11-08 05:34:45,892 - INFO -     delta: 那
2025-11-08 05:34:45,892 - INFO -     event_id: event_GpaSfkv4oV8plY7yzl2H1
2025-11-08 05:34:45,892 - INFO -     type: response.text.delta
2025-11-08 05:34:45,893 - INFO -     response_id: resp_YkDtRKbcwEeo3SaJuzHmk
2025-11-08 05:34:45,893 - INFO -     item_id: item_EMtR4aW4u4V2qChtmJHlf
2025-11-08 05:34:45,893 - INFO -     output_index: 0
2025-11-08 05:34:45,893 - INFO -     content_index: 0
2025-11-08 05:34:45,893 - INFO - --------------------------------------------------------------------------------
2025-11-08 05:34:45,900 - DEBUG - [omni realtime] receive string {"delta":"你可以","event_id":"event_OxYCGtwcYn45Zo6nw4q6v","type":"response.text.delta","response_id":"resp_YkDtRKbcwEeo3SaJuzHmk","item_id":"item_EMtR4aW4u4V2qChtmJHlf","output_index":0,"content_index":0}
2025-11-08 05:34:45,901 - INFO - --------------------------------------------------------------------------------
2025-11-08 05:34:45,901 - INFO - 事件类型: response.text.delta
2025-11-08 05:34:45,901 - INFO - 完整事件数据:
2025-11-08 05:34:45,902 - INFO -     delta: 你可以
2025-11-08 05:34:45,902 - INFO -     event_id: event_OxYCGtwcYn45Zo6nw4q6v
2025-11-08 05:34:45,903 - INFO -     type: response.text.delta
2025-11-08 05:34:45,903 - INFO -     response_id: resp_YkDtRKbcwEeo3SaJuzHmk
2025-11-08 05:34:45,903 - INFO -     item_id: item_EMtR4aW4u4V2qChtmJHlf
2025-11-08 05:34:45,903 - INFO -     output_index: 0
2025-11-08 05:34:45,903 - INFO -     content_index: 0
2025-11-08 05:34:45,904 - INFO - --------------------------------------------------------------------------------
2025-11-08 05:34:45,911 - DEBUG - [omni realtime] receive string {"delta":"重新","event_id":"event_SDR6XHfmqc8LuUkSL7l2L","type":"response.text.delta","response_id":"resp_YkDtRKbcwEeo3SaJuzHmk","item_id":"item_EMtR4aW4u4V2qChtmJHlf","output_index":0,"content_index":0}
2025-11-08 05:34:45,912 - INFO - --------------------------------------------------------------------------------
2025-11-08 05:34:45,912 - INFO - 事件类型: response.text.delta
2025-11-08 05:34:45,912 - INFO - 完整事件数据:
2025-11-08 05:34:45,912 - INFO -     delta: 重新
2025-11-08 05:34:45,913 - INFO -     event_id: event_SDR6XHfmqc8LuUkSL7l2L
2025-11-08 05:34:45,913 - INFO -     type: response.text.delta
2025-11-08 05:34:45,913 - INFO -     response_id: resp_YkDtRKbcwEeo3SaJuzHmk
2025-11-08 05:34:45,913 - INFO -     item_id: item_EMtR4aW4u4V2qChtmJHlf
2025-11-08 05:34:45,913 - INFO -     output_index: 0
2025-11-08 05:34:45,913 - INFO -     content_index: 0
2025-11-08 05:34:45,913 - INFO - --------------------------------------------------------------------------------
2025-11-08 05:34:45,923 - DEBUG - [omni realtime] receive string {"delta":"跟他","event_id":"event_LUWzJVmQ6f8nHIPnuBGZX","type":"response.text.delta","response_id":"resp_YkDtRKbcwEeo3SaJuzHmk","item_id":"item_EMtR4aW4u4V2qChtmJHlf","output_index":0,"content_index":0}
2025-11-08 05:34:45,923 - INFO - --------------------------------------------------------------------------------
2025-11-08 05:34:45,924 - INFO - 事件类型: response.text.delta
2025-11-08 05:34:45,924 - INFO - 完整事件数据:
2025-11-08 05:34:45,924 - INFO -     delta: 跟他
2025-11-08 05:34:45,924 - INFO -     event_id: event_LUWzJVmQ6f8nHIPnuBGZX
2025-11-08 05:34:45,924 - INFO -     type: response.text.delta
2025-11-08 05:34:45,925 - INFO -     response_id: resp_YkDtRKbcwEeo3SaJuzHmk
2025-11-08 05:34:45,925 - INFO -     item_id: item_EMtR4aW4u4V2qChtmJHlf
2025-11-08 05:34:45,925 - INFO -     output_index: 0
2025-11-08 05:34:45,925 - INFO -     content_index: 0
2025-11-08 05:34:45,925 - INFO - --------------------------------------------------------------------------------
2025-11-08 05:34:45,932 - DEBUG - [omni realtime] receive string {"delta":"描述","event_id":"event_BfPVmouNdvyUazYIkLHLJ","type":"response.text.delta","response_id":"resp_YkDtRKbcwEeo3SaJuzHmk","item_id":"item_EMtR4aW4u4V2qChtmJHlf","output_index":0,"content_index":0}
2025-11-08 05:34:45,932 - INFO - --------------------------------------------------------------------------------
2025-11-08 05:34:45,932 - INFO - 事件类型: response.text.delta
2025-11-08 05:34:45,932 - INFO - 完整事件数据:
2025-11-08 05:34:45,933 - INFO -     delta: 描述
2025-11-08 05:34:45,933 - INFO -     event_id: event_BfPVmouNdvyUazYIkLHLJ
2025-11-08 05:34:45,933 - INFO -     type: response.text.delta
2025-11-08 05:34:45,933 - INFO -     response_id: resp_YkDtRKbcwEeo3SaJuzHmk
2025-11-08 05:34:45,933 - INFO -     item_id: item_EMtR4aW4u4V2qChtmJHlf
2025-11-08 05:34:45,933 - INFO -     output_index: 0
2025-11-08 05:34:45,933 - INFO -     content_index: 0
2025-11-08 05:34:45,933 - INFO - --------------------------------------------------------------------------------
2025-11-08 05:34:45,941 - DEBUG - [omni realtime] receive string {"delta":"一次","event_id":"event_EtXVaH7jlwoDYHpIulULt","type":"response.text.delta","response_id":"resp_YkDtRKbcwEeo3SaJuzHmk","item_id":"item_EMtR4aW4u4V2qChtmJHlf","output_index":0,"content_index":0}
2025-11-08 05:34:45,942 - INFO - --------------------------------------------------------------------------------
2025-11-08 05:34:45,942 - INFO - 事件类型: response.text.delta
2025-11-08 05:34:45,942 - INFO - 完整事件数据:
2025-11-08 05:34:45,942 - INFO -     delta: 一次
2025-11-08 05:34:45,943 - INFO -     event_id: event_EtXVaH7jlwoDYHpIulULt
2025-11-08 05:34:45,943 - INFO -     type: response.text.delta
2025-11-08 05:34:45,943 - INFO -     response_id: resp_YkDtRKbcwEeo3SaJuzHmk
2025-11-08 05:34:45,943 - INFO -     item_id: item_EMtR4aW4u4V2qChtmJHlf
2025-11-08 05:34:45,943 - INFO -     output_index: 0
2025-11-08 05:34:45,943 - INFO -     content_index: 0
2025-11-08 05:34:45,943 - INFO - --------------------------------------------------------------------------------
2025-11-08 05:34:45,950 - DEBUG - [omni realtime] receive string {"delta":"吗","event_id":"event_LHLldeDt5CIBUM2wE1WfI","type":"response.text.delta","response_id":"resp_YkDtRKbcwEeo3SaJuzHmk","item_id":"item_EMtR4aW4u4V2qChtmJHlf","output_index":0,"content_index":0}
2025-11-08 05:34:45,950 - INFO - --------------------------------------------------------------------------------
2025-11-08 05:34:45,950 - INFO - 事件类型: response.text.delta
2025-11-08 05:34:45,951 - INFO - 完整事件数据:
2025-11-08 05:34:45,951 - INFO -     delta: 吗
2025-11-08 05:34:45,951 - INFO -     event_id: event_LHLldeDt5CIBUM2wE1WfI
2025-11-08 05:34:45,951 - INFO -     type: response.text.delta
2025-11-08 05:34:45,952 - INFO -     response_id: resp_YkDtRKbcwEeo3SaJuzHmk
2025-11-08 05:34:45,952 - INFO -     item_id: item_EMtR4aW4u4V2qChtmJHlf
2025-11-08 05:34:45,952 - INFO -     output_index: 0
2025-11-08 05:34:45,953 - INFO -     content_index: 0
2025-11-08 05:34:45,953 - INFO - --------------------------------------------------------------------------------
2025-11-08 05:34:45,965 - DEBUG - [omni realtime] receive string {"delta":"？","event_id":"event_OKUwqaAQ5hNwLT3afotXl","type":"response.text.delta","response_id":"resp_YkDtRKbcwEeo3SaJuzHmk","item_id":"item_EMtR4aW4u4V2qChtmJHlf","output_index":0,"content_index":0}
2025-11-08 05:34:45,965 - INFO - --------------------------------------------------------------------------------
2025-11-08 05:34:45,965 - INFO - 事件类型: response.text.delta
2025-11-08 05:34:45,966 - INFO - 完整事件数据:
2025-11-08 05:34:45,966 - INFO -     delta: ？
2025-11-08 05:34:45,966 - INFO -     event_id: event_OKUwqaAQ5hNwLT3afotXl
2025-11-08 05:34:45,966 - INFO -     type: response.text.delta
2025-11-08 05:34:45,966 - INFO -     response_id: resp_YkDtRKbcwEeo3SaJuzHmk
2025-11-08 05:34:45,966 - INFO -     item_id: item_EMtR4aW4u4V2qChtmJHlf
2025-11-08 05:34:45,966 - INFO -     output_index: 0
2025-11-08 05:34:45,967 - INFO -     content_index: 0
2025-11-08 05:34:45,967 - INFO - --------------------------------------------------------------------------------
2025-11-08 05:34:45,973 - DEBUG - [omni realtime] receive string {"text":"那个这个有什么样的能力呀？那是不是有一个嘴巴，然后把天空中的灰尘全部吸走，吸走到哪里呀？袋子在哪儿？然后它把天空中的灰尘全部吸到这个袋子里，天空就会重新变回蓝色了，对不对？那你可以重新跟他描述一次吗？","event_id":"event_KWmURagUKKjKvNnI3Jtuj","type":"response.text.done","response_id":"resp_YkDtRKbcwEeo3SaJuzHmk","item_id":"item_EMtR4aW4u4V2qChtmJHlf","output_index":0,"content_index":0}
2025-11-08 05:34:45,973 - INFO - --------------------------------------------------------------------------------
2025-11-08 05:34:45,973 - INFO - 事件类型: response.text.done
2025-11-08 05:34:45,973 - INFO - 完整事件数据:
2025-11-08 05:34:45,974 - INFO -     text: 那个这个有什么样的能力呀？那是不是有一个嘴巴，然后把天空中的灰尘全部吸走，吸走到哪里呀？袋子在哪儿？然后它把天空中的灰尘全部吸到这个袋子里，天空就会重新变回蓝色了，对不对？那你可以重新跟他描述一次吗？
2025-11-08 05:34:45,974 - INFO -     event_id: event_KWmURagUKKjKvNnI3Jtuj
2025-11-08 05:34:45,974 - INFO -     type: response.text.done
2025-11-08 05:34:45,974 - INFO -     response_id: resp_YkDtRKbcwEeo3SaJuzHmk
2025-11-08 05:34:45,974 - INFO -     item_id: item_EMtR4aW4u4V2qChtmJHlf
2025-11-08 05:34:45,975 - INFO -     output_index: 0
2025-11-08 05:34:45,975 - INFO -     content_index: 0
2025-11-08 05:34:45,975 - INFO - --------------------------------------------------------------------------------
2025-11-08 05:34:45,975 - DEBUG - [omni realtime] receive string {"event_id":"event_B5564WXfRA6wW5RdlzLmh","type":"response.content_part.done","response_id":"resp_YkDtRKbcwEeo3SaJuzHmk","item_id":"item_EMtR4aW4u4V2qChtmJHlf","output_index":0,"content_index":0,"part":{"type":"text","text":"那个这个有什么样的能力呀？那是不是有一个嘴巴，然后把天空中的灰尘全部吸走，吸走到哪里呀？袋子在哪儿？然后它把天空中的灰尘全部吸到这个袋子里，天空就会重新变回蓝色了，对不对？那你可以重新跟他描述一次吗？"}}
2025-11-08 05:34:45,976 - INFO - --------------------------------------------------------------------------------
2025-11-08 05:34:45,976 - INFO - 事件类型: response.content_part.done
2025-11-08 05:34:45,976 - INFO - 完整事件数据:
2025-11-08 05:34:45,976 - INFO -     event_id: event_B5564WXfRA6wW5RdlzLmh
2025-11-08 05:34:45,976 - INFO -     type: response.content_part.done
2025-11-08 05:34:45,976 - INFO -     response_id: resp_YkDtRKbcwEeo3SaJuzHmk
2025-11-08 05:34:45,977 - INFO -     item_id: item_EMtR4aW4u4V2qChtmJHlf
2025-11-08 05:34:45,977 - INFO -     output_index: 0
2025-11-08 05:34:45,977 - INFO -     content_index: 0
2025-11-08 05:34:45,977 - INFO -     part:
2025-11-08 05:34:45,977 - INFO -       type: text
2025-11-08 05:34:45,977 - INFO -       text: 那个这个有什么样的能力呀？那是不是有一个嘴巴，然后把天空中的灰尘全部吸走，吸走到哪里呀？袋子在哪儿？然后它把天空中的灰尘全部吸到这个袋子里，天空就会重新变回蓝色了，对不对？那你可以重新跟他描述一次吗？
2025-11-08 05:34:45,977 - INFO - --------------------------------------------------------------------------------
2025-11-08 05:34:45,978 - DEBUG - [omni realtime] receive string {"event_id":"event_JCKAQ3APXkVFQCSnOrtxW","type":"response.output_item.done","response_id":"resp_YkDtRKbcwEeo3SaJuzHmk","output_index":0,"item":{"id":"item_EMtR4aW4u4V2qChtmJHlf","object":"realtime.item","type":"message","status":"completed","role":"assistant","content":[{"type":"text","text":"那个这个有什么样的能力呀？那是不是有一个嘴巴，然后把天空中的灰尘全部吸走，吸走到哪里呀？袋子在哪儿？然后它把天空中的灰尘全部吸到这个袋子里，天空就会重新变回蓝色了，对不对？那你可以重新跟他描述一次吗？"}]}}
2025-11-08 05:34:45,978 - INFO - --------------------------------------------------------------------------------
2025-11-08 05:34:45,978 - INFO - 事件类型: response.output_item.done
2025-11-08 05:34:45,978 - INFO - 完整事件数据:
2025-11-08 05:34:45,978 - INFO -     event_id: event_JCKAQ3APXkVFQCSnOrtxW
2025-11-08 05:34:45,979 - INFO -     type: response.output_item.done
2025-11-08 05:34:45,979 - INFO -     response_id: resp_YkDtRKbcwEeo3SaJuzHmk
2025-11-08 05:34:45,979 - INFO -     output_index: 0
2025-11-08 05:34:45,979 - INFO -     item:
2025-11-08 05:34:45,979 - INFO -       id: item_EMtR4aW4u4V2qChtmJHlf
2025-11-08 05:34:45,979 - INFO -       object: realtime.item
2025-11-08 05:34:45,980 - INFO -       type: message
2025-11-08 05:34:45,980 - INFO -       status: completed
2025-11-08 05:34:45,980 - INFO -       role: assistant
2025-11-08 05:34:45,980 - INFO -       content:
2025-11-08 05:34:45,980 - INFO -         [0]:
2025-11-08 05:34:45,980 - INFO -           type: text
2025-11-08 05:34:45,980 - INFO -           text: 那个这个有什么样的能力呀？那是不是有一个嘴巴，然后把天空中的灰尘全部吸走，吸走到哪里呀？袋子在哪儿？然后它把天空中的灰尘全部吸到这个袋子里，天空就会重新变回蓝色了，对不对？那你可以重新跟他描述一次吗？
2025-11-08 05:34:45,980 - INFO - --------------------------------------------------------------------------------
2025-11-08 05:34:45,981 - DEBUG - [omni realtime] receive string {"event_id":"event_Jwwfgj53oIUZOpvoYGidc","type":"response.done","response":{"id":"resp_YkDtRKbcwEeo3SaJuzHmk","object":"realtime.response","conversation_id":"conv_BKTqpRkr1xMMCJXDfaXN9","status":"completed","modalities":["text"],"voice":"Ethan","output_audio_format":"pcm16","output":[{"id":"item_EMtR4aW4u4V2qChtmJHlf","object":"realtime.item","type":"message","status":"completed","role":"assistant","content":[{"type":"text","text":"那个这个有什么样的能力呀？那是不是有一个嘴巴，然后把天空中的灰尘全部吸走，吸走到哪里呀？袋子在哪儿？然后它把天空中的灰尘全部吸到这个袋子里，天空就会重新变回蓝色了，对不对？那你可以重新跟他描述一次吗？"}]}],"usage":{"total_tokens":1780,"input_tokens":1718,"output_tokens":62,"input_tokens_details":{"text_tokens":27,"audio_tokens":1691},"output_tokens_details":{"text_tokens":62}}}}
2025-11-08 05:34:45,981 - INFO - --------------------------------------------------------------------------------
2025-11-08 05:34:45,981 - INFO - 事件类型: response.done
2025-11-08 05:34:45,981 - INFO - 完整事件数据:
2025-11-08 05:34:45,981 - INFO -     event_id: event_Jwwfgj53oIUZOpvoYGidc
2025-11-08 05:34:45,982 - INFO -     type: response.done
2025-11-08 05:34:45,982 - INFO -     response:
2025-11-08 05:34:45,982 - INFO -       id: resp_YkDtRKbcwEeo3SaJuzHmk
2025-11-08 05:34:45,982 - INFO -       object: realtime.response
2025-11-08 05:34:45,982 - INFO -       conversation_id: conv_BKTqpRkr1xMMCJXDfaXN9
2025-11-08 05:34:45,982 - INFO -       status: completed
2025-11-08 05:34:45,983 - INFO -       modalities:
2025-11-08 05:34:45,983 - INFO -         [0]:
2025-11-08 05:34:45,983 - INFO -           text
2025-11-08 05:34:45,983 - INFO -       voice: Ethan
2025-11-08 05:34:45,983 - INFO -       output_audio_format: pcm16
2025-11-08 05:34:45,983 - INFO -       output:
2025-11-08 05:34:45,983 - INFO -         [0]:
2025-11-08 05:34:45,984 - INFO -           id: item_EMtR4aW4u4V2qChtmJHlf
2025-11-08 05:34:45,984 - INFO -           object: realtime.item
2025-11-08 05:34:45,984 - INFO -           type: message
2025-11-08 05:34:45,984 - INFO -           status: completed
2025-11-08 05:34:45,984 - INFO -           role: assistant
2025-11-08 05:34:45,985 - INFO -           content:
2025-11-08 05:34:45,985 - INFO -             [0]:
2025-11-08 05:34:45,985 - INFO -               type: text
2025-11-08 05:34:45,985 - INFO -               text: 那个这个有什么样的能力呀？那是不是有一个嘴巴，然后把天空中的灰尘全部吸走，吸走到哪里呀？袋子在哪儿？然后它把天空中的灰尘全部吸到这个袋子里，天空就会重新变回蓝色了，对不对？那你可以重新跟他描述一次吗？
2025-11-08 05:34:45,986 - INFO -       usage:
2025-11-08 05:34:45,986 - INFO -         total_tokens: 1780
2025-11-08 05:34:45,986 - INFO -         input_tokens: 1718
2025-11-08 05:34:45,986 - INFO -         output_tokens: 62
2025-11-08 05:34:45,986 - INFO -         input_tokens_details:
2025-11-08 05:34:45,987 - INFO -           text_tokens: 27
2025-11-08 05:34:45,987 - INFO -           audio_tokens: 1691
2025-11-08 05:34:45,987 - INFO -         output_tokens_details:
2025-11-08 05:34:45,987 - INFO -           text_tokens: 62
2025-11-08 05:34:45,988 - INFO - --------------------------------------------------------------------------------
2025-11-08 05:34:45,988 - INFO - ********************************************************************************
2025-11-08 05:34:45,988 - INFO - 响应完成事件触发
2025-11-08 05:34:45,988 - INFO - ********************************************************************************
2025-11-08 05:34:45,988 - INFO - [Metric] response: resp_YkDtRKbcwEeo3SaJuzHmk, first text delay: None, first audio delay: None
2025-11-08 05:34:45,988 - INFO - 
================================================================================
2025-11-08 05:34:45,989 - INFO - 处理完成
2025-11-08 05:34:45,989 - INFO - ================================================================================
2025-11-08 05:34:46,037 - INFO - ================================================================================
2025-11-08 05:34:46,037 - INFO - WebSocket 连接关闭
2025-11-08 05:34:46,038 - INFO -   关闭状态码: None
2025-11-08 05:34:46,038 - INFO - 
程序结束
2025-11-08 05:34:46,038 - INFO -   关闭消息: None
